planning_id,task_id
15706,11490
15707,11486
15708,11775
15709,
15710,5992
15711,
15712,10244
15713,
15714,11543
15715,11543
15716,11732
15717,11729
15718,9131
15719,11782
15720,5405
15721,11629
15722,11694
15723,11486
15724,11243
15725,11784
15726,
15727,11781
15728,11781
15729,11779
15730,
15731,11087
15732,11372
15733,11486
15734,11508
15735,11788
15736,3310
15737,11177
15738,3310
15739,10867
15740,11465
15741,3310
15742,3310
15743,3310
15744,3310
15745,3310
15746,3310
15747,3310
15748,3310
15749,3310
15750,3310
15752,3310
15753,3310
15754,11177
15755,10223
15756,10546
15757,3486
15758,5992
15759,
15760,
15761,
15762,
15763,
15764,
15765,4907
15766,6286
15767,
15768,
15769,11793
15770,11797
15771,11536
15772,11776
15773,11774
15774,11770
15775,11768
15776,11794
15777,9617
15778,11454
15779,11453
15780,11755
15781,11357
15782,11250
15783,11627
15784,11490
15785,11627
15786,11532
15787,11731
15788,11693
15789,3609
15790,10311
15791,10467
15792,11372
15793,10094
15794,11792
15795,10989
15796,11157
15797,10989
15798,10989
15799,10501
15800,10502
15803,11762
15804,11475
15805,11799
15806,11364
15807,11747
15808,10633
15809,11795
15810,9131
15811,11791
15812,11543
15813,11543
15814,11741
15815,10244
15816,7427
15817,11751
15818,11796
15819,11780
15823,11800
15824,11801
15825,11803
15826,11805
15827,10520
15828,11806
15829,11808
15830,11804
15831,11198
15832,11322
15833,11866
15834,11322
15835,11322
15836,11370
15837,11053
15838,
15839,4269
15840,
15841,
15842,
15843,
15844,5346
15845,11767
15846,
15847,5992
15848,9277
15849,
15850,11813
15851,11040
15852,
15853,9983
15854,11817
15855,5992
15856,
15857,898
15858,11814
15859,11052
15860,11500
15861,11766
15862,10857
15863,
15864,
15865,
15866,7427
15867,
15868,10244
15869,
15870,
15871,7245
15872,11823
15873,11835
15874,11827
15875,11815
15876,11779
15877,11779
15878,10633
15879,11815
15880,11756
15881,
15882,
15883,11815
15884,10633
15885,11134
15886,11198
15887,11177
15888,11809
15889,11323
15890,11377
15891,11197
15892,11198
15893,11284
15894,11320
15895,10857
15896,11134
15897,11322
15898,11284
15899,11322
15900,11087
15901,11323
15902,4908
15903,10521
15904,4908
15905,10521
15906,11694
15907,5405
15908,11532
15909,5405
15910,11836
15911,4908
15912,10521
15913,11325
15914,11622
15915,11828
15916,5405
15917,11325
15918,11323
15919,11370
15920,11325
15921,11325
15922,11626
15923,11325
15924,11322
15925,11322
15926,11626
15927,10857
15928,11820
15929,10928
15930,11834
15931,11755
15932,
15933,10696
15934,11834
15935,10546
15936,11042
15937,
15938,
15939,
15940,
15941,
15942,5354
15943,
15944,
15945,
15946,5346
15947,
15948,4907
15949,
15950,4269
15951,
15952,
15953,
15954,
15955,
15958,11490
15959,
15960,11820
15961,
15962,11509
15963,11737
15964,9551
15965,11770
15966,11858
15967,11852
15968,11861
15969,11860
15970,11859
15971,11701
15972,11486
15973,11490
15974,11810
15975,11378
15976,11374
15977,11375
15978,10932
15979,
15980,11815
15981,
15982,11815
15983,10989
15984,11815
15985,11779
15986,10633
15987,8108
15988,10990
15989,11626
15990,11626
15991,11626
15992,4908
15993,4908
15994,10521
15995,10521
15996,11531
15997,
15998,898
15999,10056
16000,11486
16001,11372
16002,11628
16003,11866
16004,
16005,
16006,
16007,5346
16008,
16009,986
16010,
16011,6272
16012,
16013,10244
16014,
16015,5992
16017,10056
16018,11863
16019,11862
16020,11702
16021,11442
16022,9616
16023,11453
16024,6377
16025,6373
16026,11326
16027,11326
16028,11328
16029,11328
16030,11328
16031,11856
16032,11755
16033,11486
16034,10989
16037,11330
16039,10989
16040,11916
16041,11799
16042,11522
16043,11882
16044,11454
16045,11815
16046,10989
16047,11810
16048,11806
16049,11806
16050,11803
16051,11815
16052,10990
16053,10990
16054,10996
16056,10989
16057,10981
16058,10981
16059,10992
16060,10992
16061,10998
16062,11866
16063,11883
16064,11157
16065,10311
16066,3609
16067,10865
16068,11885
16069,11884
16070,11161
16071,11161
16072,11887
16073,10867
16074,10223
16075,11834
16076,11888
16077,11831
16078,11831
16079,
16080,
16081,
16082,11508
16083,11040
16084,11848
16085,11830
16086,11627
16087,11836
16088,11869
16089,11808
16090,11795
16091,11134
16092,11881
16093,11881
16094,11715
16095,11829
16096,11857
16097,11525
16098,11834
16099,
16100,11818
16101,11161
16102,11205
16103,10244
16104,10244
16105,10857
16106,10857
16107,11323
16108,11886
16109,11845
16110,9935
16111,8750
16112,327
16113,
16114,
16115,
16116,
16117,10244
16118,9277
16121,11904
16122,11902
16123,11747
16125,11908
16126,11909
16127,11889
16128,5405
16129,11874
16130,11910
16131,5405
16132,11329
16133,11329
16134,11172
16135,10521
16136,4908
16137,10521
16138,10521
16139,11872
16140,10521
16141,10521
16142,11873
16143,10633
16144,10633
16145,11895
16146,11895
16147,11805
16148,11911
16150,11913
16151,
16152,11455
16153,11457
16154,11838
16155,11839
16156,9946
16157,11897
16158,
16159,
16160,11134
16161,11543
16162,11284
16163,11134
16165,11904
16166,11906
16167,11858
16168,11770
16169,11859
16170,11916
16171,10996
16172,10997
16173,11916
16174,11916
16175,11916
16176,10646
16177,
16178,
16179,10547
16180,
16181,
16182,
16183,10244
16184,
16185,
16186,11906
16187,10857
16188,9050
16189,11042
16190,
16191,10989
16192,10989
16193,11537
16194,4907
16195,
16196,
16197,
16198,11855
16199,11810
16200,10989
16201,11922
16202,11819
16203,10906
16204,
16205,
16206,
16207,
16208,
16209,7427
16210,6279
16211,
16212,10244
16213,
16214,11881
16215,11927
16216,
16217,11866
16218,11881
16219,11198
16220,11197
16221,11378
16222,11284
16223,11320
16224,11375
16225,11531
16226,
16227,5559
16229,
16230,5992
16231,
16232,10244
16233,
16234,11939
16235,11937
16236,11942
16237,10989
16238,11916
16239,11916
16240,10989
16241,11916
16242,11963
16243,10989
16244,11916
16245,11916
16246,11964
16247,11964
16248,11916
16249,10996
16250,11964
16251,11964
16252,11249
16253,11845
16254,11935
16255,11936
16256,11207
16257,11207
16258,11208
16259,11253
16260,11252
16261,11254
16262,11857
16263,11928
16264,10949
16265,9133
16266,11881
16267,11921
16268,11424
16269,11927
16270,9141
16271,11134
16272,11930
16273,11543
16274,10350
16275,10346
16276,11955
16277,10351
16278,9131
16279,11951
16280,11954
16281,11886
16282,11869
16283,11938
16284,
16285,10520
16286,
16287,4269
16288,4907
16289,
16290,8913
16291,11537
16292,4907
16293,6286
16294,11912
16295,11912
16296,11960
16297,11957
16298,11958
16299,11959
16300,11961
16301,11962
16302,11948
16303,11329
16304,11329
16305,11326
16306,11329
16307,11331
16308,10560
16309,11931
16310,11902
16311,11747
16312,11747
16313,11979
16314,11967
16315,11895
16316,11972
16317,11978
16318,11976
16319,11971
16320,11969
16321,11968
16322,11980
16323,11977
16324,11973
16325,11969
16326,11985
16327,11912
16329,9983
16330,11912
16331,9617
16332,11453
16333,11454
16334,11138
16335,3609
16336,11908
16337,11907
16338,3609
16339,11875
16340,11901
16341,11386
16342,11453
16343,10943
16344,11454
16345,11626
16346,11896
16347,11894
16348,11895
16349,10633
16350,10632
16351,4908
16352,10521
16353,10632
16354,10521
16355,4908
16356,
16357,
16358,5111
16359,
16360,10244
16361,
16363,
16364,
16365,11027
16366,
16367,11177
16368,10867
16369,11465
16370,9946
16371,10867
16372,11465
16373,11866
16374,11866
16375,
16376,
16377,
16378,
16379,
16380,10244
16381,5992
16382,4907
16383,6286
16384,
16385,11537
16386,11964
16387,11937
16388,12019
16389,11993
16390,11942
16391,11858
16392,11960
16393,11948
16394,
16395,3486
16396,
16397,11957
16398,11322
16400,11872
16401,10244
16402,
16403,7427
16404,12040
16405,12043
16406,11894
16407,12045
16408,11331
16409,12046
16410,12047
16411,
16412,11969
16413,11387
16414,11895
16415,11896
16416,11198
16417,11894
16418,11323
16419,11379
16420,10633
16421,11894
16422,10520
16424,10633
16425,11331
16426,11328
16427,11543
16428,10351
16429,10342
16430,10341
16431,11881
16432,11916
16434,7245
16435,12045
16436,11331
16437,11322
16438,12033
16439,10531
16440,10632
16441,4908
16442,10521
16443,10632
16444,4908
16445,10521
16446,12009
16447,12044
16448,11973
16449,11980
16450,11750
16451,11740
16452,11624
16453,11177
16454,11945
16455,11945
16456,11499
16457,11499
16458,10325
16459,11626
16460,11626
16461,12025
16462,11970
16463,11975
16464,11974
16465,11975
16466,11974
16467,11970
16468,11508
16469,12055
16470,
16471,12049
16472,11944
16473,11912
16474,11912
16475,12005
16476,12004
16477,11997
16478,11806
16479,11803
16480,10857
16481,11709
16482,12031
16483,11883
16484,3609
16485,11386
16486,12005
16487,12004
16488,10351
16489,11134
16490,11949
16491,11930
16492,12039
16493,11543
16494,11134
16495,12053
16496,12057
16497,11333
16499,11331
16500,9134
16501,11954
16502,9105
16503,12067
16504,9133
16505,11881
16506,11130
16507,11161
16508,11424
16509,11921
16510,11832
16511,9050
16512,
16513,11848
16514,11870
16515,12065
16516,12013
16517,12022
16518,11928
16519,12059
16520,11857
16521,11994
16522,11927
16523,
16524,11821
16525,11800
16526,11747
16527,10548
16528,4269
16529,4908
16530,11331
16531,11892
16532,11894
16533,11332
16534,11334
16535,11333
16536,11779
16537,12009
16538,12009
16539,12009
16540,12009
16541,12009
16542,10530
16543,10521
16544,4908
16545,10632
16546,10521
16547,4908
16548,10632
16549,10632
16550,10521
16551,4908
16552,10632
16553,10632
16554,4908
16555,4908
16556,10521
16557,10521
16558,
16559,10244
16560,
16561,3486
16563,
16564,
16565,
16566,
16567,
16568,
16569,
16570,
16571,
16572,
16573,
16574,
16575,
16576,
16577,
16578,
16579,
16580,
16581,
16582,
16583,
16584,
16585,
16586,
16587,
16588,
16589,
16590,
16591,
16592,
16593,
16594,
16595,
16596,
16597,
16598,
16599,
16600,
16601,
16602,613
16603,12075
16604,11454
16605,10917
16606,10917
16607,10943
16608,
16609,
16611,12069
16613,12064
16614,12066
16615,12063
16616,11961
16617,11960
16618,11959
16619,11509
16620,11453
16621,2563
16622,
16623,
16624,10708
16625,11932
16626,10528
16627,11331
16628,10633
16629,11331
16630,11051
16631,11970
16633,12097
16634,10548
16635,12087
16636,
16637,10244
16638,2563
16639,
16640,
16641,11537
16642,4907
16643,
16644,12096
16645,12095
16646,11386
16647,11890
16648,9617
16650,10520
16651,12105
16652,12080
16653,12080
16654,10528
16655,12079
16656,11975
16657,11974
16658,12077
16659,
16660,11970
16661,12004
16662,10520
16663,11320
16664,11329
16665,11331
16666,11375
16667,12004
16668,11375
16669,10520
16670,11087
16671,11772
16672,11952
16673,12101
16674,11370
16675,11975
16676,12079
16678,11331
16679,11284
16680,11897
16681,11198
16682,12004
16683,12054
16684,11952
16686,12004
16687,11454
16688,
16689,2563
16690,12108
16691,11370
16692,11960
16693,12124
16694,12125
16695,10304
16696,11536
16697,10455
16698,11177
16699,11497
16700,12127
16701,12082
16702,10305
16703,9001
16704,11762
16705,12128
16706,11177
16707,11198
16708,11375
16709,9983
16710,10520
16711,
16712,
16713,
16714,12087
16715,8720
16716,10244
16717,
16719,11767
16720,4174
16721,
16722,5346
16723,
16724,
16726,5992
16727,
16728,
16729,12058
16730,12036
16732,11860
16733,10305
16734,11690
16735,10929
16736,11376
16737,11373
16738,11282
16739,12086
16740,12035
16741,12016
16742,12017
16743,11921
16744,8441
16745,12015
16746,12018
16747,11481
16748,11134
16749,10351
16750,11881
16751,12131
16752,11177
16753,11198
16754,11130
16755,11927
16756,9141
16757,12077
16758,329
16759,3487
16760,11947
16761,11454
16762,9530
16763,12125
16764,11198
16765,12109
16766,12106
16767,
16768,4908
16769,10521
16770,10632
16771,10548
16772,12128
16773,12128
16774,12018
16775,12125
16776,12148
16777,12149
16778,11857
16779,12143
16780,12144
16781,
16782,8512
16783,12155
16784,12154
16785,12153
16786,9616
16788,11509
16791,11800
16792,11046
16793,12058
16794,12036
16795,12156
16796,12098
16797,3609
16798,12092
16799,9983
16800,9983
16801,12101
16802,11177
16803,11177
16804,11177
16805,11087
16806,12101
16807,12102
16808,12054
16809,12004
16810,11952
16811,10867
16812,12107
16813,10548
16814,11747
16815,11933
16816,3310
16817,12161
16818,11177
16819,11465
16820,3310
16821,
16822,
16823,
16824,
16825,
16826,
16827,
16828,
16829,
16830,10244
16831,2563
16832,12157
16833,11912
16834,11803
16835,12174
16836,11767
16837,12175
16838,12173
16839,12172
16841,12180
16842,10244
16843,
16844,
16845,
16846,11387
16847,11882
16848,12186
16849,12187
16850,12185
16852,12182
16853,10943
16854,12054
16855,12122
16856,11982
16857,12190
16858,11913
16859,12191
16860,12192
16861,12128
16862,12128
16863,12125
16864,12082
16865,12193
16866,11387
16867,12194
16868,12195
16869,12196
16870,11371
16871,12197
16872,12198
16873,12199
16874,12200
16875,12201
16877,11282
16878,4907
16879,10521
16880,12189
16881,10521
16882,
16883,12189
16884,12189
16885,4908
16886,12128
16887,12128
16888,7574
16889,7574
16890,
16891,
16892,
16893,10244
16894,
16895,12130
16896,12185
16897,12174
16898,11453
16899,404
16900,
16901,4907
16902,
16903,12030
16904,
16905,12069
16906,12070
16907,12071
16908,12072
16909,11134
16910,12074
16911,12073
16912,10348
16913,11953
16914,12176
16915,11881
16916,10929
16917,11177
16918,11177
16919,7245
16920,10633
16921,12204
16922,12106
16923,12202
16924,12208
16925,12130
16926,12125
16927,11509
16928,11198
16930,
16931,12087
16932,10244
16933,
16934,
16935,
16936,
16937,
16938,12142
16939,
16940,
16941,12132
16942,12211
16943,12184
16945,12212
16946,12209
16947,12217
16948,
16949,7245
16950,7427
16951,11062
16952,12220
16953,10244
16955,5559
16956,
16957,12189
16958,10521
16959,7574
16960,12206
16961,4908
16962,2563
16963,10089
16964,12218
16965,11177
16966,11497
16968,
16969,12055
16970,12253
16971,5559
16972,
16973,
16974,10244
16975,11793
16976,12125
16977,
16978,
16979,
16980,4907
16981,12030
16982,
16983,4269
16984,8913
16985,6286
16986,12006
16987,12234
16988,12249
16989,12238
16990,12218
16991,12096
16992,12055
16994,12108
16996,12260
16997,8512
16999,12157
17000,12132
17001,12194
17002,12192
17003,10351
17004,11279
17005,898
17006,12252
17008,12210
17009,11130
17010,11921
17011,11947
17012,12100
17013,12179
17014,11410
17015,12213
17016,12152
17017,9279
17018,12233
17019,12168
17020,12166
17021,12170
17022,12167
17023,11857
17024,11927
17025,11161
17026,12258
17027,12259
17029,12259
17030,12258
17031,12272
17032,12208
17033,12247
17034,12247
17035,11371
17036,10928
17037,11882
17038,10928
17039,11370
17040,11331
17041,12263
17042,
17044,
17045,
17046,
17047,11387
17048,10244
17049,
17050,
17051,7427
17052,10244
17053,8913
17054,12006
17055,4269
17056,6286
17057,
17058,
17059,10520
17060,10547
17061,5559
17063,
17064,
17065,
17066,12276
17067,
17068,12273
17069,12274
17070,12191
17071,12217
17072,12128
17073,8108
17074,7088
17075,8108
17076,12169
17077,11279
17079,11881
17080,12284
17081,12285
17082,12286
17083,12287
17084,12288
17088,12014
17089,12251
17090,12257
17091,11161
17092,10520
17093,8720
17094,5992
17095,12292
17096,10521
17097,11902
17098,4908
17099,12206
17100,12206
17101,12289
17102,12289
17103,12289
17104,12296
17105,12294
17106,12179
17107,12262
17108,
17109,
17110,
17111,
17112,
17113,5346
17114,
17115,4174
17117,
17118,8720
17119,12087
17120,11767
17122,2563
17123,
17124,3310
17125,11465
17126,11933
17128,11087
17129,11177
17130,3609
17131,12098
17132,12156
17133,12036
17134,12058
17135,11800
17136,12125
17137,12018
17138,12128
17139,12128
17140,10548
17141,10632
17142,10521
17143,4908
17144,11198
17145,12125
17147,11454
17148,3487
17150,11927
17151,11198
17152,11177
17153,12131
17155,12018
17157,11376
17159,11690
17160,10305
17161,11860
17162,12036
17163,12058
17164,11762
17165,12082
17166,12106
17168,10244
17169,
17171,
17174,329
17178,
17179,
17181,
17183,
17185,
17186,7574
17187,12128
17188,12189
17189,10521
17190,4907
17191,12196
17192,12128
17193,10943
17194,12185
17195,11767
17196,12174
17197,12157
17199,11747
17200,10548
17201,12107
17203,11177
17204,11177
17205,11509
17206,12153
17207,12154
17208,12155
17209,8512
17210,
17216,11373
17217,10244
17222,8441
17241,12209
17242,12212
17245,12130
17247,12202
17248,12204
17249,10633
17250,11177
17251,11177
17254,12073
17255,12074
17257,12072
17258,12071
17259,12070
17260,12069
17261,7574
17262,12128
17263,12189
17264,
17265,10521
17266,12199
17267,12198
17268,12197
17269,11371
17270,12195
17271,11387
17272,12082
17273,12125
17274,8108
17275,12191
17276,11913
17277,12190
17278,11882
17280,11177
17281,12161
17282,12092
17283,11046
17284,9616
17285,11857
17286,9141
17297,
17298,5111
17299,
17300,4907
17308,11177
17309,4908
17310,12206
17311,7574
17312,10521
17313,12220
17315,12217
17317,11509
17318,12132
17319,11198
17322,12189
17324,12201
17325,12200
17326,12193
17327,12192
17336,10244
17342,11497
17343,12218
17344,10089
17345,12189
17347,4908
17348,12194
17350,7245
17351,12106
17353,
17354,
17355,
17356,10244
17357,
17358,12087
17359,
17360,
17361,12275
17362,
17363,11960
17364,
17365,
17366,
17367,
17368,12320
17369,11279
17370,11279
17371,
17372,
17373,
17375,12294
17376,10244
17377,
17378,10244
17379,11387
17380,
17381,
17382,12301
17383,12185
17384,12319
17385,10929
17386,4014
17387,12202
17388,12294
17389,12348
17390,4269
17391,12211
17393,12301
17394,12055
17396,12342
17397,
17398,10944
17399,
17400,8720
17401,
17402,
17403,
17404,
17405,5346
17406,
17407,12185
17408,12319
17409,4907
17410,12030
17411,
17412,6279
17413,
17414,6286
17415,8913
17416,5992
17417,6286
17418,
17419,
17420,
17421,
17422,
17423,
17424,
17425,12321
17426,12323
17427,12330
17428,12324
17429,12346
17430,12351
17431,12338
17432,
17433,12262
17434,12316
17435,12305
17436,12299
17437,12304
17438,12306
17439,12308
17440,12309
17441,12310
17442,12339
17443,12228
17444,12350
17445,12347
17446,12107
17447,12343
17448,12359
17449,11902
17450,10944
17451,4907
17452,
17453,
17454,10244
17455,
17456,
17457,5559
17460,12275
17461,12301
17462,12184
17463,12355
17464,12356
17465,11857
17466,12315
17467,12312
17468,11927
17469,9279
17470,12364
17471,12363
17472,12362
17473,12361
17474,12360
17475,11130
17476,12179
17477,11510
17478,12086
17479,12354
17480,12152
17481,12280
17482,12259
17483,11259
17484,11207
17485,11202
17486,12077
17487,11436
17488,12037
17489,3609
17490,12369
17491,12294
17492,10925
17493,
17494,10944
17495,12367
17496,11982
17497,12349
17498,12122
17499,8512
17500,12055
17502,12389
17503,12377
17504,
17505,5559
17507,6286
17508,4907
17509,12030
17510,10244
17511,12216
17512,
17513,
17514,
17515,12301
17516,8512
17517,
17518,12184
17519,12380
17520,12091
17521,12169
17522,12218
17523,12356
17524,12382
17525,12368
17526,12383
17527,12398
17528,12288
17529,11689
17530,11177
17531,9946
17532,11465
17533,4907
17534,
17535,10520
17536,10520
17537,5992
17538,324
17539,12389
17541,11509
17542,10520
17543,12338
17544,7245
17545,
17546,
17547,
17548,4907
17549,
17550,10244
17551,
17552,12030
17553,
17554,12275
17555,
17556,
17557,12216
17558,10944
17559,4907
17560,12373
17561,12373
17562,12392
17563,12392
17564,12296
17565,12392
17566,12393
17567,12394
17568,12338
17569,9439
17570,11947
17571,11331
17572,11339
17573,12385
17574,12382
17575,12383
17576,10633
17578,11765
17579,11339
17580,12396
17581,12397
17582,11177
17583,12385
17584,11177
17585,10272
17586,10272
17588,11417
17589,12197
17590,12190
17591,10928
17592,12190
17593,12195
17594,12387
17595,11046
17596,7513
17597,11331
17598,11331
17599,11331
17600,12370
17601,12371
17602,4908
17603,10521
17604,4908
17605,10521
17606,12373
17607,12370
17608,10540
17609,12189
17610,10521
17611,12189
17612,12189
17613,10916
17614,12182
17615,11793
17616,12408
17617,12407
17618,
17619,5403
17620,
17621,
17622,
17623,
17624,
17625,
17626,10547
17627,
17628,4907
17629,
17630,
17631,
17632,
17633,
17634,12030
17636,10244
17637,12418
17638,12419
17640,12425
17641,12294
17642,10933
17643,
17644,
17645,2563
17646,12404
17647,12405
17649,12427
17650,
17651,5346
17652,
17654,10547
17655,4907
17656,
17657,10244
17658,
17659,2563
17660,12426
17661,12409
17662,8720
17663,5992
17664,7245
17665,12424
17668,
17669,12294
17670,10933
17671,12429
17672,12410
17673,6286
17674,10547
17675,10520
17676,8913
17677,12006
17678,10244
17679,
17680,
17681,11387
17682,
17683,4907
17684,
17686,
17687,5992
17688,5992
17689,5992
17690,3586
17691,
17692,10520
17693,11177
17694,10325
17695,12385
17696,10272
17697,10272
17698,12189
17699,12189
17700,12189
17701,12189
17702,12189
17703,4908
17704,4908
17705,4908
17706,12424
17707,10520
17708,3586
17709,5992
17710,12412
17711,11161
17712,12436
17713,12435
17714,12213
17715,12433
17716,12437
17717,12401
17718,12372
17719,12405
17720,12202
17722,12414
17723,12448
17724,12449
17725,12447
17726,12450
17727,12440
17728,12259
17729,12259
17730,11881
17731,11259
17732,11208
17733,12446
17734,12259
17735,12438
17736,10244
17737,10928
17738,11371
17739,12190
17740,11378
17741,11377
17742,11279
17743,10885
17744,11198
17745,11177
17746,11377
17747,11279
17748,10885
17749,11198
17750,12095
17751,12096
17752,12262
17753,12263
17754,12388
17755,11198
17756,11177
17757,12388
17758,
17759,5992
17760,
17761,5992
17762,5992
17763,5992
17764,5992
17765,12098
17766,12091
17767,12455
17768,12189
17769,3609
17770,3992
17771,12359
17772,10089
17773,10089
17774,10089
17775,
17776,2563
17777,12425
17778,6286
17779,4907
17780,8913
17781,12006
17782,
17783,4907
17784,11537
17785,
17786,5559
17787,
17788,12142
17789,
17790,12202
17791,12202
17792,12217
17793,3609
17794,12366
17795,12485
17796,10151
17797,12486
17798,12163
17799,12091
17800,12217
17801,3609
17802,10944
17803,12482
17804,12189
17805,12184
17806,12497
17807,12496
17808,12499
17809,
17810,5559
17811,10944
17812,12425
17813,5354
17814,5559
17815,12142
17816,
17817,
17818,
17819,
17820,
17821,10244
17822,12087
17823,
17824,4907
17825,
17826,11537
17827,8720
17828,
17829,12404
17830,12262
17831,12090
17832,
17833,12092
17834,
17835,
17836,11374
17837,11686
17838,11375
17839,11373
17840,12287
17841,12285
17842,12284
17843,12196
17844,11282
17845,11198
17846,11284
17847,11197
17848,12287
17849,12285
17850,12284
17851,12196
17852,12509
17853,12366
17854,12326
17855,11899
17856,3609
17857,12396
17858,12383
17859,12382
17860,12369
17861,11206
17862,11146
17863,11256
17864,11257
17865,12511
17866,12259
17867,11256
17868,12510
17869,12115
17870,12512
17871,12516
17872,12515
17873,12295
17874,12429
17875,12525
17876,12294
17877,12527
17879,12500
17880,12499
17881,12498
17882,12514
17883,12523
17885,12472
17886,12169
17887,12396
17888,12528
17889,12442
17890,
17891,
17892,
17893,4907
17894,11537
17895,
17896,12410
17897,12229
17898,12098
17899,4907
17900,6286
17901,2687
17902,
17903,
17904,
17905,
17906,
17907,
17908,
17909,
17910,
17911,12450
17912,12531
17913,11198
17914,12287
17915,12285
17916,12196
17917,12542
17918,
17919,
17920,12403
17921,12407
17922,12497
17923,11387
17924,10244
17925,7575
17926,12561
17927,12389
17928,11387
17929,
17930,10244
17931,
17932,12429
17933,
17934,
17935,5346
17936,
17937,12549
17938,4907
17939,11537
17940,
17941,10520
17942,5559
17943,
17944,12348
17945,
17946,3581
17947,5351
17948,12348
17949,
17953,2687
17954,12546
17955,12563
17956,12439
17957,12189
17958,12531
17959,12544
17960,12559
17961,12206
17962,12171
17963,12578
17964,12365
17965,12541
17966,12410
17967,12540
17968,
17969,12549
17970,12582
17971,12210
17972,12429
17973,7245
17974,12372
17975,12485
17976,11799
17977,9257
17978,12579
17979,12580
17980,12581
17981,11413
17982,12590
17983,12382
17984,12427
17985,12369
17986,
17987,327
17988,
17989,
17990,10244
17991,2687
17992,5559
17993,
17994,
17995,12348
17996,5992
17997,11387
17998,10547
17999,4907
18000,
18001,11537
18002,12532
18003,8913
18004,
18005,12557
18006,12538
18007,12519
18008,12517
18009,12518
18010,12518
18011,12471
18012,12593
18013,12587
18014,12388
18015,12572
18016,12439
18017,12605
18018,
18019,10520
18020,
18021,12472
18022,11040
18023,12600
18024,12603
18025,12601
18026,12599
18027,12583
18028,12539
18029,12602
18030,12612
18031,12613
18032,
18033,
18034,
18035,
18036,
18037,
18038,10547
18039,
18040,12087
18041,12540
18042,12649
18043,
18044,12650
18045,11895
18046,12588
18047,11321
18048,12201
18049,11326
18050,11328
18051,11329
18052,11331
18053,12200
18054,11892
18055,11894
18056,11331
18057,
18058,7245
18059,12034
18060,10244
18061,
18062,11177
18063,12659
18064,3310
18065,12659
18066,3310
18067,12659
18068,11177
18069,12659
18070,12573
18071,12574
18072,12654
18073,12501
18074,5559
18075,
18076,
18077,
18078,
18079,
18080,
18081,
18082,
18083,
18084,12549
18085,12425
18086,8100
18087,12087
18088,12654
18089,12588
18090,12216
18091,
18092,5354
18093,4907
18094,11537
18095,
18096,12532
18097,
18098,10244
18099,
18100,
18101,
18102,12443
18103,10520
18104,12584
18105,11596
18106,12635
18107,12639
18108,12639
18109,10238
18110,12595
18111,12146
18112,12698
18113,12441
18114,12443
18115,4908
18116,12666
18117,12666
18118,12666
18119,12189
18120,12189
18121,12189
18122,5405
18123,5405
18124,5405
18125,12189
18126,12189
18127,10272
18128,11177
18129,11257
18130,12394
18131,12668
18132,12658
18133,11257
18134,12568
18135,12668
18136,12663
18137,12568
18138,12217
18139,3609
18140,12427
18141,12382
18142,12396
18143,12468
18145,7245
18146,12605
18147,12439
18148,12667
18149,
18150,12284
18151,12198
18152,11892
18153,11895
18154,12287
18155,11326
18156,11328
18157,11329
18158,12649
18159,12703
18160,8108
18161,
18162,
18163,10244
18164,
18165,
18166,12006
18167,
18168,8913
18169,12532
18170,
18171,11537
18172,4907
18173,
18174,
18175,12702
18176,12348
18177,12699
18178,6286
18179,5346
18180,
18181,
18182,
18183,
18184,
18185,
18186,
18187,
18188,
18189,
18190,
18191,
18192,12704
18193,9270
18194,12485
18195,
18196,
18197,12593
18198,12037
18199,12217
18200,3609
18201,12427
18202,12666
18208,12472
18209,12439
18210,11331
18211,11331
18212,11328
18213,11329
18214,11331
18215,11331
18216,4908
18217,5354
18218,12732
18219,
18220,12599
18221,12549
18222,12740
18223,11465
18224,12596
18225,12666
18226,12738
18227,
18228,8981
18229,
18230,
18231,12425
18232,12664
18233,12294
18234,11537
18235,4907
18236,9551
18237,
18238,
18239,10244
18240,
18241,
18242,11387
18243,10244
18244,
18245,12438
18246,12599
18247,
18248,2687
18249,12142
18250,
18251,
18252,12747
18253,12746
18254,12748
18255,
18256,12752
18257,
18258,10244
18259,
18260,12602
18261,12666
18262,
18263,
18264,10547
18265,
18266,
18267,4907
18268,
18269,10244
18270,10244
18271,12438
18272,10244
18273,12645
18274,12647
18275,
18276,
18277,12751
18278,12485
18279,
18280,4907
18281,8913
18282,12777
18283,12596
18284,12630
18285,10916
18286,12754
18287,12229
18288,12777
18289,12532
18290,11331
18291,12786
18292,11331
18293,11892
18294,10633
18295,12287
18297,12196
18298,12696
18299,12784
18300,11326
18301,12287
18302,12697
18303,11326
18304,12196
18305,12784
18306,12697
18307,4908
18308,4908
18309,5405
18310,12666
18311,12497
18312,12731
18313,12730
18314,12788
18315,12666
18316,12189
18317,12009
18318,12757
18319,12793
18320,12792
18321,
18322,
18323,4907
18324,10244
18325,12780
18326,12699
18327,12425
18328,12294
18329,12549
18330,
18331,
18333,12697
18334,12697
18335,12697
18336,12697
18338,12696
18339,12696
18340,12696
18341,12696
18342,10089
18343,12812
18344,10089
18345,12189
18346,12810
18347,12811
18348,12802
18349,12445
18350,12776
18351,12621
18352,12621
18353,12445
18354,12427
18355,12485
18356,10238
18357,11177
18358,12024
18359,12394
18360,12441
18361,12441
18362,12795
18363,12814
18364,12766
18365,12798
18366,12743
18367,12765
18368,12764
18369,12794
18370,12787
18371,12816
18372,12630
18374,12797
18375,12817
18376,12818
18377,12819
18378,12820
18379,3609
18380,12429
18381,12645
18382,12647
18383,12824
18384,12697
18385,12697
18386,12697
18387,12629
18388,12711
18389,12714
18390,12824
18391,12712
18392,12633
18393,12634
18394,12189
18395,12189
18397,12632
18398,12641
18399,12637
18401,
18403,
18404,
18405,12425
18406,
18407,
18408,
18409,12599
18410,12803
18411,12753
18413,12442
18414,12792
18415,12793
18416,12778
18417,12825
18418,10244
18419,
18420,8913
18421,11331
18422,12776
18423,11921
18424,11177
18425,12394
18426,12394
18427,12666
18428,12789
18429,12294
18430,12549
18431,12699
18432,
18433,12762
18434,12829
18435,12813
18436,12743
18437,11177
18438,12833
18439,11177
18440,11892
18441,11326
18442,10520
18443,10547
18444,
18445,
18446,12294
18447,12549
18448,12599
18449,4907
18450,10244
18451,
18452,7427
18453,9551
18454,8100
18455,10244
18456,
18457,10244
18458,
18459,
18460,5559
18461,
18462,
18463,8100
18464,12438
18465,12832
18466,12189
18467,4908
18468,12831
18469,12833
18470,12860
18471,
18472,12803
18473,12825
18474,12835
18481,12865
18482,12657
18483,12836
18484,12802
18485,12854
18486,12868
18487,12851
18488,12833
18489,
18490,
18491,12864
18492,12863
18493,12880
18494,12880
18495,12621
18496,3609
18497,12817
18498,12629
18499,12824
18500,12857
18501,12856
18502,12441
18503,12441
18504,12820
18505,12819
18506,11892
18507,12880
18508,12670
18509,12674
18510,12673
18511,11326
18512,12671
18513,12672
18514,12675
18515,12690
18516,12671
18517,12672
18518,12675
18519,12669
18520,12666
18521,10089
18522,12837
18523,12343
18524,12441
18525,12805
18526,12829
18528,12743
18529,12382
18530,12382
18531,12382
18532,12382
18533,12382
18543,12762
18544,
18545,
18546,
18547,
18548,12829
18549,12762
18550,4907
18551,12639
18552,
18553,12854
18554,12847
18555,12868
18556,4907
18557,12276
18559,11537
18560,12837
18561,12532
18562,11789
18563,12777
18564,8913
18565,12696
18566,4269
18567,12189
18568,12006
18569,12796
18570,6286
18571,12599
18572,
18573,10759
18574,
18575,12429
18576,12853
18577,12810
18578,10238
18580,12820
18581,12818
18582,12819
18583,12621
18584,12778
18585,12791
18586,12189
18587,12771
18588,12549
18589,12599
18590,12445
18591,12445
18592,12631
18593,12189
18594,12652
18595,12881
18596,11379
18597,11283
18598,3609
18599,11372
18600,10932
18601,12890
18602,12892
18603,12893
18604,12894
18605,12893
18606,12894
18607,12621
18608,3609
18609,12552
18610,12552
18611,12475
18612,12858
18613,12189
18614,4908
18615,6397
18616,12666
18617,12308
18618,11747
18619,10244
18620,
18621,
18622,10244
18623,5992
18624,10244
18625,12896
18626,10270
18627,12833
18628,12666
18629,12904
18630,12897
18631,12906
18632,12835
18633,1337
18634,12777
18635,12914
18636,12621
18637,12889
18638,12810
18639,12795
18640,12814
18641,12880
18642,12915
18643,12871
18646,12816
18647,
18648,7427
18649,
18650,10244
18651,10547
18652,4907
18653,8913
18654,12006
18655,
18656,
18657,4907
18658,12532
18659,11537
18660,
18661,
18662,10547
18663,
18664,
18665,
18666,12796
18667,
18668,11387
18669,
18670,5559
18671,12825
18677,12929
18678,12906
18679,12897
18680,12937
18681,12964
18682,8913
18683,12441
18684,10238
18685,12964
18686,12940
18687,10272
18688,10932
18689,12697
18690,11283
18691,12696
18692,11747
18693,12954
18694,12621
18695,12942
18696,12944
18697,12946
18698,12948
18699,12950
18700,12805
18701,12743
18702,12805
18703,11177
18704,12958
18705,12961
18706,
18707,11921
18708,12518
18709,12189
18710,7570
18711,12666
18712,12621
18713,12968
18714,12969
18716,12970
18717,12963
18718,12955
18719,12955
18720,12778
18721,12975
18722,12974
18723,12974
18724,12976
18725,12976
18726,12964
18727,12871
18728,12915
18729,12242
18730,12207
18731,12240
18732,
18733,12971
18735,
18736,12965
18737,10244
18738,12966
18739,12990
18740,12988
18741,12985
18742,12974
18743,12986
18744,12856
18745,12857
18746,12666
18747,12964
18748,12898
18749,12888
18750,12878
18751,12886
18752,12265
18753,12244
18754,12269
18755,12267
18756,12266
18757,12874
18758,12873
18759,12964
18760,12964
18761,12896
18762,12991
18763,12982
18764,12989
18765,12994
18766,12995
18767,10244
18768,12954
18769,12982
18770,5559
18774,12999
18775,13000
18776,13002
18777,13001
18778,12836
18779,12871
18780,
18781,10547
18782,12965
18783,
18784,
18785,4907
18786,11537
18787,
18788,
18789,
18790,
18791,12438
18792,13014
18793,12814
18794,13007
18796,12552
18797,12897
18798,12911
18800,12857
18801,12825
18802,12967
18803,12981
18805,13013
18806,13017
18807,13009
18808,13010
18809,11896
18810,11372
18811,12501
18812,12974
18813,13022
18814,
18815,13023
18816,13024
18817,13025
18818,13026
18819,12797
18820,12670
18821,12673
18822,12674
18823,12671
18824,12672
18825,12675
18826,12816
18827,13030
18828,13032
18829,13031
18830,13011
18831,13037
18832,12343
18833,13008
18834,12664
18835,4907
18836,12599
18837,
18838,11537
18839,
18840,12549
18841,12438
18842,12348
18843,10244
18844,11331
18845,12287
18846,12285
18847,11379
18848,11283
18849,12189
18850,12825
18851,13008
18852,13023
18853,12859
18854,12276
18855,12967
18856,5559
18857,
18858,
18859,
18860,10547
18861,11387
18862,7427
18863,
18864,12343
18865,12501
18866,
18867,13038
18868,13050
18869,13054
18870,13020
18871,11384
18872,13033
18873,12836
18874,
18875,
18876,
18877,
18879,
18880,
18881,
18882,
18883,
18884,
18885,
18886,
18887,
18888,
18889,12652
18890,
18891,12676
18892,12677
18893,12677
18894,12683
18895,12683
18896,12682
18897,12897
18898,12955
18899,12681
18900,12680
18901,12679
18902,12678
18903,10272
18904,13068
18905,13067
18906,13029
18907,13028
18908,13059
18911,13026
18912,13023
18914,13071
18915,10272
18916,13049
18917,13053
18918,12968
18919,12969
18921,13049
18922,12974
18923,
18924,5559
18925,
18926,5346
18927,
18928,
18929,13076
18930,13076
18931,13079
18932,13081
18933,12836
18934,13078
18935,12518
18936,13089
18937,13106
18938,13101
18939,13100
18940,13103
18941,
18942,10244
18943,
18944,12911
18945,12911
18946,12676
18947,
18948,
18949,
18950,
18951,
18952,12006
18953,
18954,12006
18955,12836
18956,10244
18957,13023
18958,4907
18959,6286
18960,13079
18961,
18962,
18963,
18964,
18965,11868
18966,5346
18967,4907
18968,11537
18969,
18970,
18971,
18972,12549
18973,12599
18974,12294
18976,13001
18977,12816
18978,13031
18979,13140
18980,13140
18981,13140
18982,12923
18983,13066
18984,13124
18985,13141
18986,12621
18988,13017
18989,10944
18990,13118
18991,13125
18992,13145
18993,13026
18994,13139
18995,12805
18997,13144
18998,12518
18999,12189
19000,10944
19001,13136
19002,13146
19003,12955
19004,13149
19005,13148
19006,13097
19007,13059
19008,13060
19009,13061
19010,13062
19011,13063
19012,13157
19013,13158
19015,13159
19017,13160
19018,13137
19019,12189
19020,13095
19021,13094
19022,13090
19023,13088
19024,13099
19025,13092
19026,13091
19027,13008
19028,13087
19029,13085
19030,13084
19031,12825
19032,13122
19033,13116
19034,13115
19035,13114
19036,12883
19037,13117
19038,13161
19039,13162
19040,13163
19041,13164
19042,13165
19043,13113
19044,13110
19045,13105
19046,13111
19047,13109
19048,13108
19049,12552
19050,
19051,13018
19052,13167
19053,13168
19055,13166
19057,13140
19058,13172
19059,13179
19060,13178
19061,12920
19062,13112
19063,13152
19064,
19065,
19066,10244
19067,
19068,12753
19069,13185
19070,13183
19072,13188
19073,12938
19074,13190
19075,8720
19076,13184
19077,13189
19078,13193
19079,13138
19080,13194
19081,13196
19082,13200
19083,13171
19084,11337
19085,11339
19086,13129
19087,12850
19088,13129
19089,13206
19090,13207
19091,13083
19092,13021
19093,13209
19095,7245
19096,12438
19098,
19099,10244
19100,
19101,
19102,
19103,
19104,
19105,
19106,
19107,12599
19108,
19109,
19110,6279
19111,
19112,13221
19113,13211
19114,13029
19115,13080
19116,13028
19117,13138
19118,13094
19119,13217
19120,13215
19121,13233
19122,13197
19123,13198
19124,13199
19125,13201
19126,13234
19127,13235
19128,13236
19129,
19130,13237
19131,11334
19132,13131
19133,13130
19134,12937
19135,13185
19136,12518
19137,13140
19138,13166
19139,13243
19140,
19141,4907
19142,11537
19143,
19144,
19145,12821
19146,
19147,
19148,8913
19149,
19150,12438
19151,13203
19152,13260
19153,13222
19154,13221
19155,13202
19156,13125
19157,13112
19158,13269
19159,13268
19160,12680
19161,13117
19162,13264
19163,12614
19164,12577
19165,12681
19166,13124
19167,13109
19168,13273
19169,13272
19170,13271
19171,13252
19172,13253
19173,13267
19174,13266
19175,12967
19176,13265
19177,13263
19178,13274
19179,13262
19180,13275
19181,13277
19182,13261
19183,13110
19184,13103
19185,13100
19186,13254
19187,13107
19188,13105
19189,13134
19190,13134
19191,11343
19192,11343
19193,13223
19194,13225
19195,13224
19196,13226
19197,13131
19199,13195
19200,12973
19201,13287
19202,13289
19203,13288
19204,
19205,983
19206,
19207,983
19208,10244
19209,12438
19210,8720
19211,13240
19212,13299
19213,13152
19214,13158
19215,13133
19216,11344
19217,11344
19218,12522
19219,13300
19220,10944
19221,10244
19222,
19223,
19224,
19225,7245
19226,10547
19227,12526
19228,12276
19229,12847
19230,983
19231,12348
19232,12142
19233,4907
19234,
19235,
19236,11537
19237,12577
19238,
19239,
19240,5992
19241,3310
19242,
19243,10244
19244,10244
19245,12955
19246,13139
19247,13320
19248,13063
19249,12189
19250,13298
19251,13274
19252,13321
19253,13275
19254,13319
19255,13277
19256,13278
19257,13296
19258,13373
19259,13372
19260,13366
19261,13139
19262,13369
19263,12265
19264,13287
19265,12266
19266,12873
19267,12825
19268,13054
19269,13163
19270,13164
19271,13165
19272,12616
19273,12615
19274,13158
19275,12577
19276,12614
19277,12575
19278,8512
19279,13377
19280,12576
19281,13378
19282,13317
19283,13117
19284,13268
19285,13380
19286,13221
19287,13252
19288,13371
19289,11329
19290,13325
19291,11895
19292,12915
19294,12712
19295,13201
19296,13234
19297,13292
19298,11352
19299,12549
19300,13315
19301,13166
19302,13166
19303,11537
19304,13291
19305,13368
19306,13375
19307,13374
19308,13392
19309,13296
19310,13399
19311,13168
19312,13018
19313,13401
19314,13181
19316,13117
19317,
19318,5559
19319,
19320,
19321,
19322,
19323,12549
19324,12294
19325,
19326,12614
19327,
19328,
19329,10244
19330,
19331,
19332,13404
19333,12912
19335,13135
19336,13403
19337,12495
19338,12494
19339,12493
19340,12492
19341,13220
19342,11334
19343,13405
19344,13408
19345,13411
19346,13407
19347,13414
19348,13322
19349,13386
19350,13387
19351,13145
19352,13397
19353,13258
19354,13422
19355,13410
19356,13413
19357,13423
19358,13420
19359,13399
19360,13412
19361,13152
19362,13409
19363,13109
19364,13228
19365,13131
19366,13321
19367,13418
19368,13416
19369,13424
19370,13425
19371,13426
19372,13427
19373,11941
19374,
19375,
19376,
19377,6279
19378,11537
19379,
19380,
19381,
19382,6272
19383,5992
19384,13430
19385,13439
19386,13431
19387,13432
19388,13298
19389,13437
19390,13436
19391,13435
19392,13433
19393,13419
19394,13370
19395,11335
19396,11339
19397,11337
19398,13181
19399,11352
19400,13441
19401,7137
19402,13168
19403,13167
19404,13456
19405,13453
19406,13024
19407,12398
19408,13465
19409,13231
19410,13369
19411,5992
19412,7245
19413,
19414,
19415,
19416,
19417,5992
19418,
19419,10244
19420,
19421,
19422,13479
19423,13370
19424,13230
19426,13422
19427,13018
19428,
19429,13497
19430,13496
19431,13506
19432,13455
19433,13507
19434,13472
19435,
19439,13245
19440,13238
19441,11149
19442,13208
19443,13244
19444,13246
19445,12624
19446,13188
19447,10547
19448,
19449,
19450,
19451,12532
19452,
19453,11537
19454,4907
19455,7095
19456,12494
19457,12203
19458,12576
19459,
19460,7245
19461,8100
19462,12348
19463,12006
19464,
19465,
19466,13476
19467,13475
19468,13474
19469,13470
19470,12189
19471,13441
19472,13460
19473,13528
19474,13501
19475,13529
19476,13533
19477,13534
19478,13535
19479,13536
19480,13397
19481,12714
19482,13234
19483,13298
19484,13509
19485,13281
19486,13458
19487,13318
19488,13464
19489,13478
19490,13163
19491,13163
19492,13164
19493,13167
19494,13166
19495,13168
19496,13166
19497,13552
19498,13426
19499,13547
19500,13440
19501,13024
19502,13541
19503,13457
19504,13145
19505,13544
19506,13548
19507,13531
19508,13538
19509,13133
19510,13549
19511,13549
19512,13547
19513,13143
19514,13322
19515,13220
19516,13258
19517,13543
19518,13542
19519,13540
19520,13498
19521,12825
19522,13304
19523,13303
19524,13503
19525,13216
19526,13216
19527,13034
19528,13035
19529,11942
19530,13190
19531,13306
19532,13422
19533,13189
19534,13202
19535,13196
19536,13235
19537,13236
19538,13452
19539,13152
19540,13545
19541,13546
19542,13560
19543,7245
19545,13388
19546,13561
19547,13562
19548,13563
19549,13568
19550,13565
19551,13564
19552,13570
19553,13559
19554,13572
19555,13571
19556,13286
19557,13573
19558,13451
19559,
19560,
19561,
19562,5559
19563,
19564,
19565,10244
19567,13583
19568,13566
19569,3310
19582,2563
19583,13577
19584,13576
19585,13227
19586,13584
19587,13586
19588,13585
19590,11344
19591,13019
19592,13590
19593,13591
19594,10244
19595,
19596,13287
19597,13506
19598,13588
19599,13166
19600,13558
19601,13393
19602,11334
19603,13478
19604,13505
19605,13131
19606,13396
19607,13592
19608,13321
19609,
19610,
19611,5559
19612,11537
19613,12532
19614,
19615,
19616,5111
19617,
19618,13602
19619,12640
19620,13603
19621,12643
19622,13481
19623,12638
19624,13235
19625,12915
19626,13604
19627,13605
19628,13189
19629,13189
19630,13189
19631,12850
19632,12611
19633,12576
19634,12825
19635,13551
19636,12493
19637,12494
19638,13219
19639,13417
19640,11816
19641,13587
19642,13613
19643,13622
19644,13615
19645,13614
19646,13613
19647,13615
19648,13614
19649,13616
19650,13619
19651,13618
19652,13166
19653,13612
19654,12637
19655,13623
19656,13469
19657,12438
19658,13369
19659,13619
19660,13619
19661,13619
19662,13619
19663,13619
19664,13619
19665,13619
19666,13619
19667,13619
19668,13619
19669,13619
19670,13619
19671,3310
19672,13627
19673,
19674,
19675,12532
19676,
19677,5111
19678,
19679,10547
19680,5559
19681,10520
19682,
19683,
19684,12087
19685,7245
19686,13537
19687,13635
19688,13281
19689,13638
19690,13641
19691,13643
19692,13640
19693,13644
19694,13634
19695,13632
19696,13642
19697,12915
19699,13648
19700,13633
19701,13625
19702,13223
19703,13226
19704,13558
19705,13558
19706,13224
19707,11339
19708,13649
19709,13650
19710,11352
19711,
19712,13168
19713,13651
19714,13556
19715,13551
19716,11387
19717,13652
19718,13627
19719,8913
19720,
19721,
19723,7245
19724,
19725,12294
19726,13505
19727,
19728,13405
19729,13408
19730,13408
19731,13636
19732,13653
19733,13640
19734,13656
19735,13647
19736,13576
19737,13685
19738,13590
19739,13686
19740,13688
19741,11337
19742,11339
19743,13563
19744,11352
19745,
19746,13595
19747,13689
19748,13650
19749,13649
19750,13561
19751,13109
19752,13609
19753,13608
19754,13610
19755,13710
19756,13704
19757,11344
19758,13627
19759,
19760,
19761,
19762,
19763,12532
19764,
19765,12664
19766,
19767,13149
19768,
19769,13727
19770,13725
19771,13571
19772,13426
19773,13691
19774,13693
19776,13728
19778,13714
19779,13679
19780,13730
19781,13715
19782,13730
19783,13236
19784,13678
19785,13717
19786,13240
19787,13189
19788,13716
19789,13718
19790,13719
19791,13712
19792,13720
19793,13634
19794,13726
19795,13590
19796,13699
19797,13602
19798,13643
19799,12825
19800,13639
19801,13637
19802,865
19803,13220
19804,13070
19805,13369
19806,13595
19807,13594
19808,13687
19809,13477
19810,13429
19812,13407
19813,13708
19814,13661
19815,13707
19816,13711
19817,13709
19818,13532
19819,13531
19820,13538
19821,13537
19822,13539
19823,13658
19824,13145
19825,13145
19826,13587
19827,12189
19828,
19829,
19830,13620
19831,13615
19832,
19833,13614
19835,13613
19837,13615
19842,13614
19844,
19845,13616
19848,13617
19849,13735
19850,13736
19851,13834
19852,13722
19853,13721
19854,12955
19856,13631
19857,13393
19858,13738
19859,13558
19860,13739
19861,13740
19862,13741
19863,13742
19864,13590
19865,13743
19867,13625
19868,11337
19869,11339
19870,11352
19871,13685
19872,13689
19873,13759
19874,13763
19875,13764
19876,13765
19877,13748
19878,13708
19879,13501
19880,13766
19881,13771
19882,13767
19883,13587
19884,13768
19885,13769
19886,13770
19887,13223
19889,13414
19890,13408
19891,13281
19892,13165
19893,12624
19894,13738
19895,13772
19896,13773
19898,
19899,
19900,
19901,
19902,5403
19903,7245
19904,
19905,
19906,13300
19907,12087
19908,13256
19909,
19910,
19911,
19912,
19913,12532
19914,
19915,
19916,12549
19917,
19918,13429
19919,13751
19920,13752
19921,13753
19922,13775
19923,13381
19924,13776
19925,13382
19926,13789
19927,13781
19928,13785
19929,13383
19930,13680
19931,13230
19932,13292
19933,13109
19934,11337
19935,13563
19936,12683
19937,13680
19938,13794
19939,13795
19941,13730
19942,13796
19943,13100
19944,13790
19945,13657
19946,13611
19947,13798
19948,13801
19949,13800
19950,13760
19951,13318
19952,
19953,13805
19954,13559
19955,13806
19956,13807
19957,13765
19958,13808
19959,13790
19960,12909
19961,12909
19962,3310
19963,13834
19964,13627
19965,
19966,
19967,10547
19968,4907
19969,
19970,
19971,12490
19972,
19973,13300
19974,
19975,12532
19976,
19977,5111
19978,
19979,6279
19980,8720
19981,
19982,7245
19983,13804
19984,13810
19985,13826
19986,13827
19987,13216
19988,13169
19989,13829
19990,13829
19991,13811
19992,13813
19994,13832
19995,13792
19996,13738
19997,10244
19998,7427
19999,13596
20001,5559
20002,
20003,
20004,5559
20005,
20006,
20007,
20008,
20009,
20010,12532
20011,6279
20012,
20013,
20014,
20015,
20016,13850
20017,13851
20018,13849
20019,8321
20020,13848
20021,
20022,2563
20023,12348
20024,13770
20025,12664
20026,13768
20027,13785
20028,13845
20029,13833
20030,13840
20031,13833
20032,13746
20034,13841
20035,13836
20036,13853
20037,13189
20038,13857
20039,13836
20040,13861
20041,13855
20042,13859
20043,13856
20044,13860
20045,13842
20046,13862
20047,13862
20048,13837
20050,13774
20051,13542
20052,12493
20053,12494
20054,13501
20055,13865
20056,13846
20057,13657
20058,13866
20059,13810
20060,13810
20061,13224
20063,13863
20064,13864
20065,13872
20066,13838
20067,13713
20068,13718
20069,13854
20070,13460
20071,13692
20072,13799
20073,8720
20074,13596
20075,12664
20076,9277
20077,7245
20078,13534
20079,13858
20080,13875
20081,13869
20082,13869
20083,13618
20084,
20085,
20086,
20087,12821
20088,6272
20089,13606
20090,13326
20091,
20092,
20093,1358
20094,4907
20095,
20096,
20097,13877
20098,13516
20099,13844
20100,13902
20101,13903
20102,13583
20103,13870
20104,11921
20105,12883
20106,13323
20107,7245
20108,13839
20109,13812
20110,13858
20111,
20112,
20113,
20114,13596
20115,12532
20116,
20117,12532
20118,13499
20119,
20120,13596
20121,12348
20122,12549
20123,12294
20124,11082
20125,7427
20126,10624
20127,13808
20128,13790
20129,13852
20130,
20131,13145
20132,13844
20133,13931
20134,13932
20135,13935
20136,13936
20137,13934
20138,13933
20139,13851
20140,13937
20141,13005
20142,13944
20143,13810
20144,13908
20145,13909
20146,13938
20148,13869
20149,13869
20150,13869
20151,13240
20152,13913
20153,13834
20154,13914
20155,13615
20156,13614
20157,13862
20158,13613
20159,13615
20160,13614
20161,13516
20162,13915
20163,13227
20164,13990
20165,13917
20166,13916
20167,13918
20168,13919
20169,13920
20170,13923
20171,13922
20172,13921
20173,13939
20174,13411
20175,13904
20176,13414
20177,
20178,13840
20179,13870
20180,13940
20181,
20182,13942
20183,13678
20184,13679
20185,12599
20186,12599
20187,12549
20188,13256
20189,12189
20190,13997
20191,13996
20193,13998
20195,13833
20196,13833
20197,14000
20198,12883
20199,12883
20200,14001
20201,14006
20202,13994
20203,14002
20204,14003
20205,14004
20206,14012
20207,14013
20208,14005
20209,14007
20210,14009
20211,14011
20212,14008
20213,14017
20214,14016
20215,14015
20216,14010
20217,5992
20218,
20220,
20221,12438
20222,
20223,12532
20224,4907
20225,14020
20226,14019
20227,13869
20228,14023
20229,13878
20230,14024
20231,13760
20233,13214
20235,13216
20236,13220
20237,13312
20240,13901
20242,13004
20243,13290
20245,13941
20246,14025
20247,14026
20248,13986
20249,13965
20250,13971
20251,14027
20252,14021
20253,13993
20254,13991
20255,14028
20256,14029
20257,14031
20258,14032
20259,14034
20260,14035
20261,
20262,10244
20263,13860
20264,13587
20265,13745
20266,13627
20267,
20268,
20269,12532
20270,
20271,5111
20272,12438
20273,2563
20274,13005
20275,
20276,
20277,
20278,11473
20279,13999
20280,14045
20281,14046
20282,13799
20283,14047
20284,12829
20285,14037
20286,14036
20287,13034
20288,13035
20289,13478
20290,13477
20291,11784
20292,13620
20293,13615
20294,13614
20295,13785
20296,14041
20297,14056
20298,14056
20299,13869
20300,13869
20301,
20302,5111
20303,6279
20304,13286
20305,14072
20306,
20307,14075
20308,14074
20309,14076
20310,13795
20311,
20312,
20313,12664
20314,
20315,10708
20316,12664
20317,
20318,10244
20319,9277
20320,14094
20321,14093
20322,14092
20323,14093
20324,14100
20325,14044
20326,14067
20327,14088
20328,1195
20329,14097
20330,13938
20331,14104
20332,14095
20333,14080
20335,14078
20336,13582
20337,13384
20338,12398
20339,14099
20340,13587
20341,13769
20342,14065
20343,13124
20344,14064
20345,14063
20346,14077
20347,14101
20348,13937
20349,14068
20350,14061
20351,14062
20352,14063
20353,13869
20354,13862
20355,14106
20356,13942
20357,14098
20358,14108
20359,14107
20360,14096
20361,14039
20362,11081
20363,14116
20364,14112
20365,14087
20366,14084
20367,14083
20368,14082
20369,14081
20370,14058
20371,14028
20372,13995
20373,10520
20374,10244
20375,
20376,7245
20377,
20378,5111
20379,6286
20380,14122
20381,14119
20382,14130
20383,14133
20384,14086
20385,14041
20386,14134
20387,14135
20389,14109
20390,14053
20391,13220
20392,13582
20393,13780
20394,14123
20395,14085
20396,14138
20397,13869
20398,
20399,
20400,13627
20401,
20402,13005
20403,13004
20404,13924
20405,
20407,12490
20408,
20409,12438
20410,7245
20411,2563
20412,12599
20413,7427
20414,12664
20415,4269
20416,5111
20417,
20418,12532
20419,12664
20420,
20421,10944
20422,12438
20423,12438
20424,13627
20425,2563
20426,
20427,
20428,
20429,983
20430,
20431,327
20432,
20433,12599
20434,4269
20435,13499
20436,
20437,5992
20438,
20439,6279
20440,
20441,11387
20442,2563
20443,11387
20444,10041
20445,
20446,13627
20447,
20448,
20449,
20450,
20451,5403
20452,3515
20453,14028
20454,14182
20455,13997
20456,13408
20457,13411
20458,13405
20459,13414
20460,13414
20461,13414
20462,12553
20463,14145
20464,14109
20467,14136
20472,13792
20476,14098
20478,12438
20479,10244
20480,13784
20481,13924
20482,
20483,14074
20484,14107
20485,
20486,14089
20487,13683
20488,14194
20489,4269
20490,5111
20491,
20492,12348
20493,
20494,12341
20495,12493
20496,12549
20497,14074
20500,14101
20501,14012
20504,14009
20505,14011
20506,14004
20507,14007
20508,14013
20510,14010
20511,14008
20514,12664
20515,
20516,5992
20517,13143
20518,13795
20519,5992
20520,14199
20521,14100
20522,14188
20523,14165
20524,14154
20525,14190
20526,14152
20527,14153
20529,10624
20530,14196
20532,13943
20533,14204
20534,14191
20535,14198
20536,14181
20537,14180
20538,14178
20539,14183
20540,14203
20541,14184
20542,14171
20543,12909
20544,14172
20545,14163
20546,14206
20547,14023
20548,13808
20549,14145
20550,13942
20551,14148
20552,14127
20553,14126
20554,13866
20555,13795
20557,13478
20558,13869
20559,13869
20560,14167
20561,14139
20562,14140
20564,13901
20565,14212
20566,14216
20567,14217
20568,14218
20569,13891
20570,13891
20571,13885
20572,13888
20573,14218
20574,13895
20575,14216
20576,13898
20578,14219
20579,14220
20580,14221
20581,14221
20582,14222
20583,14223
20586,14224
20587,14224
20588,11348
20589,11348
20591,14225
20592,13880
20593,13884
20594,13884
20595,13887
20596,14226
20597,14227
20600,14228
20602,13899
20604,14229
20605,14229
20606,14230
20607,13890
20608,13890
20609,13893
20613,14221
20616,14155
20618,12495
20619,12494
20620,13878
20621,13810
20622,13834
20623,13627
20624,2563
20625,
20626,12493
20627,5403
20628,12494
20629,13878
20630,5111
20631,13784
20632,13499
20633,
20634,
20635,12348
20636,12549
20637,11537
20638,14186
20639,14209
20640,14151
20641,14134
20642,14108
20643,14238
20645,14237
20646,14208
20647,14146
20648,13942
20649,13220
20650,14211
20651,13810
20652,13511
20653,13512
20654,8106
20655,8109
20656,14149
20657,14153
20658,14246
20659,14068
20660,14200
20661,14193
20662,14247
20663,
20664,13746
20665,13885
20666,13898
20667,11348
20668,14250
20669,13832
20670,12972
20671,12972
20672,12972
20673,14251
20674,14244
20675,14244
20676,14201
20677,13627
20678,
20679,
20680,12965
20681,11537
20682,12532
20683,5111
20684,
20685,6279
20686,
20687,
20688,13866
20689,14252
20690,14195
20691,14168
20692,13694
20693,14254
20694,13312
20695,14148
20696,12189
20698,14176
20699,14129
20700,14175
20701,14258
20702,
20703,13868
20704,14263
20705,14110
20706,14071
20707,14260
20708,12992
20709,14128
20710,13558
20711,14264
20712,12972
20713,13933
20714,14024
20715,14267
20716,14266
20717,14196
20718,13988
20719,13834
20720,
20721,13627
20722,
20723,
20724,12348
20725,12664
20726,13784
20727,14030
20728,
20729,13596
20730,14168
20731,12438
20732,2563
20733,
20734,12087
20735,11537
20736,12532
20737,5111
20738,
20739,13683
20740,
20741,14095
20742,14085
20743,14244
20744,13558
20745,14275
20746,14152
20747,14152
20748,14274
20749,14207
20750,14189
20751,14240
20752,14284
20753,14283
20754,14175
20755,14213
20756,14214
20757,14277
20758,14278
20759,14023
20760,14261
20761,13868
20762,11453
20763,14280
20764,14279
20765,14110
20766,13478
20767,14070
20768,14286
20769,14285
20770,14268
20771,14248
20772,14075
20773,14200
20774,12189
20775,14128
20776,13934
20777,14269
20778,13768
20779,14148
20780,14282
20781,13227
20782,14223
20783,14208
20784,14006
20785,14001
20787,13896
20788,13608
20789,13657
20790,13596
20792,13598
20793,13597
20794,14289
20795,9971
20796,14192
20797,14288
20798,14132
20799,14294
20800,12955
20801,13834
20802,4269
20803,12532
20804,
20805,
20806,12438
20807,
20808,
20809,6279
20810,
20811,13326
20812,5111
20813,14295
20814,13905
20815,14306
20816,14303
20817,14310
20818,14313
20819,14300
20820,14308
20821,14312
20822,14311
20823,14307
20824,14309
20825,14248
20826,14285
20827,14262
20828,14257
20829,14257
20830,14314
20831,14272
20832,14315
20833,13885
20834,14319
20835,14297
20837,14006
20838,14132
20839,14321
20840,13631
20841,13870
20842,14021
20843,14213
20844,14277
20845,14333
20846,14334
20847,14137
20848,14316
20849,14329
20850,14330
20851,14331
20852,14327
20853,13335
20854,13477
20855,14317
20856,10244
20857,
20858,2563
20859,
20860,12438
20861,9551
20862,7427
20863,10244
20864,
20865,
20866,13627
20867,
20868,4269
20869,
20870,
20871,12532
20872,12490
20873,13924
20874,
20875,
20876,13888
20877,14340
20878,14241
20879,14341
20880,14303
20881,14343
20882,14268
20883,14310
20884,14256
20885,14154
20886,14293
20887,14328
20888,14189
20889,14325
20890,14345
20891,14344
20892,14006
20893,14095
20895,14353
20896,14339
20898,14355
20899,14356
20900,13143
20901,14338
20902,14123
20903,14252
20904,14350
20906,14363
20907,14365
20910,14366
20911,13227
20912,13228
20913,13747
20914,14367
20915,14368
20916,14052
20917,14066
20918,14049
20919,14059
20920,14054
20921,4269
20922,4907
20923,
20924,12532
20925,
20926,12664
20927,12664
20928,13596
20929,10244
20930,9277
20931,12438
20932,
20933,7245
20934,13924
20935,13784
20936,11941
20937,327
20938,
20939,12549
20940,14298
20941,
20942,7245
20943,10244
20944,14373
20945,14406
20946,14410
20947,14332
20948,14332
20949,14369
20950,14061
20951,14175
20952,14421
20953,12987
20954,14396
20955,9971
20956,14422
20957,13965
20958,14396
20959,14408
20960,13596
20961,14385
20962,14370
20963,12010
20964,13312
20965,10943
20966,14426
20967,14287
20968,13290
20969,14152
20970,14326
20971,14374
20972,14085
20973,14429
20974,14346
20975,14328
20976,14207
20977,14189
20978,14428
20979,14428
20980,12313
20982,
20983,
20984,10244
20985,
20986,3581
20987,
20988,12348
20989,11191
20990,14438
20991,14437
20992,14442
20993,13408
20994,9971
20995,14439
20996,14298
20997,14245
20998,14150
20999,14214
21000,14443
21001,14396
21002,14396
21003,14441
21004,14357
21005,14192
21006,14410
21007,14332
21008,14332
21009,14056
21010,14056
21011,14369
21012,
21013,14451
21014,14377
21015,14381
21016,14448
21017,14376
21018,14387
21019,13225
21020,14378
21021,14379
21022,14386
21023,14388
21024,13282
21025,14371
21026,14380
21027,14382
21028,14384
21029,12972
21030,14459
21031,14399
21032,14403
21033,14456
21034,14458
21035,13613
21036,13615
21037,13614
21038,
21039,
21040,
21042,
21043,13784
21044,10244
21045,10708
21046,13924
21047,7245
21048,
21049,12599
21050,12664
21051,12549
21052,14298
21054,12532
21055,
21056,5111
21057,
21058,
21059,
21060,
21061,12438
21062,14172
21063,14442
21064,14157
21065,14469
21066,14471
21067,14214
21069,14363
21070,14362
21071,14277
21072,12495
21073,13143
21074,14137
21075,13683
21076,14162
21077,14436
21078,12987
21079,13580
21080,13581
21081,14452
21082,13353
21083,14268
21084,11794
21085,14202
21086,14443
21087,14443
21088,14414
21089,14411
21090,14420
21091,14418
21092,14416
21093,14413
21094,14412
21095,14419
21096,12909
21097,12909
21098,14417
21099,14339
21100,14461
21101,14394
21102,14392
21103,12189
21105,14390
21108,14473
21109,14415
21110,14391
21111,14389
21112,14472
21113,14472
21114,14068
21115,14068
21116,14470
21117,14475
21118,14476
21119,13834
21120,13810
21121,13512
21122,13513
21123,13614
21124,14478
21125,14291
21126,12549
21127,14312
21128,14491
21129,13334
21130,13364
21134,12115
21135,12955
21136,14326
21137,
21138,
21139,
21140,
21141,
21142,
21143,
21144,
21145,14147
21146,12532
21147,
21148,13924
21149,14252
21150,
21151,
21152,10708
21153,14214
21154,14520
21155,14472
21156,14472
21157,14068
21158,14505
21159,10624
21160,14506
21161,14507
21164,14068
21165,14518
21166,13143
21167,14474
21168,14517
21170,14510
21171,14137
21172,14499
21173,14440
21174,14177
21175,14340
21178,14500
21179,14310
21180,14524
21181,14443
21184,14529
21185,14152
21186,14533
21187,14425
21188,13414
21190,12006
21191,
21193,14546
21194,14461
21195,13751
21196,13661
21202,11454
21203,12553
21204,14543
21205,14010
21206,14009
21207,14353
21209,3515
21210,13326
21211,
21212,10244
21213,
21214,12087
21215,14142
21216,7245
21217,
21218,
21219,
21220,14298
21221,12549
21222,14526
21223,14525
21224,14455
21225,14557
21226,14560
21227,14421
21228,14421
21229,14278
21230,14467
21231,14563
21232,14548
21233,14564
21234,14549
21235,13703
21239,14558
21240,13834
21241,13613
21242,13810
21243,13166
21244,14496
21245,14497
21246,11191
21247,14547
21248,14214
21249,14520
21250,14565
21251,14472
21252,14566
21253,14466
21254,14137
21255,14569
21256,
21257,12438
21258,10244
21259,
21260,
21261,
21262,
21263,10244
21264,10467
21265,14570
21266,14517
21267,14508
21268,14582
21269,14523
21270,14523
21271,14506
21272,14591
21273,
21274,
21275,14580
21276,14579
21277,14578
21278,14577
21279,14576
21280,14575
21281,14582
21282,9971
21283,14528
21284,14562
21285,14573
21286,14415
21287,14436
21288,14152
21289,14255
21290,3310
21291,3310
21292,3310
21293,3310
21294,3310
21295,3310
21296,3310
21297,3310
21298,3310
21299,3310
21300,3310
21301,3310
21302,3310
21303,3310
21304,3310
21305,3310
21306,3310
21307,3310
21308,3310
21309,3310
21310,3310
21311,3310
21312,3310
21313,3310
21314,3310
21315,3310
21316,3310
21317,3310
21318,3310
21319,3310
21320,3310
21321,3310
21322,3310
21323,3310
21324,3310
21325,3310
21326,3310
21327,3310
21328,3310
21329,3310
21330,3310
21331,3310
21332,3310
21333,3310
21334,3310
21335,3310
21336,3310
21337,3310
21338,3310
21339,3310
21340,3310
21341,3310
21342,3310
21343,3310
21344,3310
21345,3310
21346,3310
21347,3310
21348,3310
21349,3310
21350,3310
21351,3310
21352,3310
21353,3310
21354,3310
21355,3310
21356,3310
21357,3310
21358,3310
21359,3310
21360,3310
21361,3310
21362,3310
21363,3310
21364,3310
21365,3310
21366,3310
21367,3310
21368,3310
21369,13834
21370,13834
21371,13834
21372,13834
21373,13834
21374,13834
21375,3310
21376,13834
21377,13834
21381,3985
21382,3985
21383,3985
21384,3985
21385,3985
21386,3985
21387,3985
21388,3985
21389,3985
21390,3985
21391,3985
21392,3985
21393,3985
21394,3985
21395,3985
21396,3985
21397,3985
21398,3985
21399,3985
21400,3985
21401,3985
21402,3985
21403,3985
21404,3985
21405,3985
21406,3985
21407,3985
21408,3985
21409,3985
21410,3985
21411,3985
21412,3985
21413,3985
21414,3985
21415,3985
21416,3985
21417,3985
21418,3985
21419,3985
21420,3985
21421,3985
21422,3985
21423,3985
21424,3985
21425,3985
21426,3985
21427,3985
21428,3985
21429,3985
21430,3985
21431,3985
21432,3985
21433,3985
21434,3985
21435,3985
21436,3985
21437,3985
21438,3985
21439,3985
21440,3985
21441,3985
21442,3985
21443,3985
21444,3985
21445,3985
21446,3985
21447,3985
21448,3985
21449,3985
21450,3985
21451,3985
21452,3985
21467,4558
21468,4558
21469,4558
21470,4558
21471,4558
21472,4558
21473,4558
21474,4558
21475,4558
21476,4558
21477,4558
21478,4558
21479,4558
21480,4558
21481,4558
21482,4558
21483,4558
21484,4558
21485,4558
21486,4558
21487,4558
21488,4558
21489,4558
21495,4001
21496,4001
21497,4001
21498,4001
21499,4001
21500,4001
21501,4001
21502,4001
21503,4001
21504,4001
21505,4001
21506,4001
21507,4001
21508,4001
21509,4001
21510,4001
21511,4001
21512,4001
21513,4001
21514,4001
21515,4001
21516,4001
21517,4001
21522,4058
21523,4058
21524,4058
21525,4058
21526,4058
21527,4058
21528,4058
21529,4058
21530,4058
21531,4058
21532,4058
21533,4058
21534,4058
21535,4058
21536,4058
21537,4058
21538,4058
21539,4058
21540,4058
21546,4558
21547,4558
21548,4558
21549,4558
21550,4558
21551,4558
21552,4558
21553,4558
21554,4558
21555,4558
21556,4558
21557,4558
21558,4558
21559,4558
21560,4558
21561,4558
21562,4558
21563,4558
21564,4558
21570,4247
21571,4247
21572,4247
21573,4247
21574,4247
21575,4247
21576,4247
21577,4247
21578,4247
21579,4247
21580,4247
21581,4247
21582,4247
21583,4247
21584,4247
21585,4247
21586,4247
21587,4247
21588,4247
21594,3985
21595,3985
21596,3985
21597,3985
21598,3985
21599,3985
21600,3985
21601,3985
21602,3985
21603,3985
21604,3985
21605,3985
21606,3985
21607,3985
21608,3985
21609,3985
21610,3985
21611,3985
21612,3985
21613,3985
21614,3985
21615,3985
21616,3985
21617,3985
21618,3985
21619,3985
21620,3985
21621,3985
21622,3985
21623,3985
21624,3985
21625,3985
21626,3985
21627,3985
21628,3985
21629,3985
21630,3985
21631,3985
21632,3985
21633,3985
21634,3985
21635,3985
21636,3985
21637,3985
21638,3985
21639,3985
21640,3985
21641,3985
21642,3985
21643,3985
21644,3985
21645,3985
21646,3985
21647,3985
21648,3985
21649,3985
21650,3985
21651,3985
21652,3985
21666,4458
21667,4458
21668,4458
21669,4458
21670,4458
21671,4458
21672,4458
21673,4458
21674,4458
21675,4458
21676,4458
21677,4458
21678,4458
21679,4458
21680,4458
21681,4458
21682,4458
21683,4458
21684,4458
21685,4458
21686,4458
21687,4458
21688,4458
21689,4458
21690,4458
21691,4458
21692,4458
21693,4458
21694,4458
21695,4458
21696,4458
21697,4458
21698,4458
21699,4458
21700,4458
21701,4458
21702,4458
21703,4458
21704,4458
21705,4458
21706,4458
21707,4458
21708,4458
21709,4458
21710,4458
21711,4458
21712,4458
21713,4458
21714,4458
21715,4458
21716,4458
21717,4458
21718,4458
21719,4458
21720,4458
21721,4458
21722,4458
21723,4458
21724,4458
21738,3985
21739,3985
21740,3985
21741,3985
21742,3985
21743,3985
21744,3985
21745,3985
21746,3985
21747,3985
21748,3985
21749,3985
21750,3985
21751,3985
21752,3985
21753,3985
21754,3985
21755,3985
21756,3985
21757,3985
21758,3985
21759,3985
21760,3985
21761,3985
21762,3985
21763,3985
21764,3985
21765,3985
21766,3985
21767,3985
21768,3985
21769,3985
21770,3985
21771,3985
21772,3985
21773,3985
21774,3985
21775,3985
21776,3985
21777,3985
21778,3985
21779,3985
21780,3985
21781,3985
21795,3310
21796,3310
21797,3310
21798,3310
21799,3310
21800,3310
21801,3310
21802,3310
21803,3310
21804,3310
21805,3310
21806,3310
21807,3310
21808,3310
21809,3310
21810,3310
21811,3310
21812,3310
21813,3310
21814,3310
21815,3310
21816,3310
21817,3310
21818,3310
21819,3310
21820,3310
21821,3310
21822,3310
21823,3310
21824,3310
21825,3310
21826,3310
21827,3310
21828,3310
21829,3310
21830,3310
21831,3310
21832,3310
21833,3310
21834,3310
21835,3310
21836,3310
21837,3310
21838,3310
21839,13834
21851,3310
21852,3310
21853,3310
21854,3310
21855,3310
21856,3310
21857,3310
21858,3310
21859,3310
21860,13596
21872,13619
21873,13619
21874,13619
21875,13619
21876,13619
21877,14320
21878,14443
21879,14322
21880,14589
21881,14397
21883,14521
21884,14522
21885,14603
21886,14600
21887,14491
21888,14593
21889,14593
21890,14401
21893,14513
21894,14594
21895,12438
21896,10244
21897,11191
21898,14535
21899,
21900,
21901,
21902,
21903,
21905,
21906,14606
21907,14608
21908,14609
21909,13225
21910,13225
21911,14380
21912,14377
21913,14612
21915,14613
21916,14381
21917,14376
21918,14619
21919,14382
21920,14457
21921,14604
21922,14604
21923,14541
21924,14577
21925,14524
21926,14421
21927,14421
21928,14510
21929,14497
21930,14625
21931,
21932,12006
21934,14617
21935,14466
21936,14561
21937,
21939,14450
21940,14268
21941,14559
21942,13175
21943,14641
21944,13993
21945,14615
21946,14614
21947,14046
21952,
21953,14535
21954,
21955,
21956,324
21957,12438
21958,2687
21959,
21960,14407
21961,14120
21962,14592
21963,14494
21964,
21967,14298
21969,12549
21970,
21971,
21972,3515
21973,14466
21974,14520
21975,12909
21976,14448
21977,14255
21978,14198
21979,14644
21980,14507
21981,14506
21982,14510
21983,14051
21984,14503
21985,12955
21986,14660
21987,14660
21988,14419
21989,14594
21990,14487
21991,14436
21992,14594
21993,14287
21995,14657
21996,14646
21997,14647
21998,14648
21999,13175
22000,14649
22001,13601
22002,14656
22003,14643
22004,10502
22005,10467
22006,10501
22007,14534
22008,10503
22009,12415
22010,10502
22011,14666
22012,14665
22013,14663
22014,14668
22015,14375
22016,14623
22017,14040
22018,13696
22019,13175
22020,14621
22021,14618
22022,12207
22024,14658
22025,14651
22026,14500
22028,14670
22029,14670
22030,14532
22031,14530
22032,14531
22033,14595
22036,14486
22037,14482
22038,14488
22039,12972
22040,14485
22041,14481
22042,14489
22043,14490
22044,14492
22045,14493
22046,14620
22047,14589
22048,14626
22049,14669
22050,14351
22052,12309
22053,14678
22054,14352
22056,14674
22057,14664
22058,14268
22059,14679
22060,14676
22061,12874
22062,14675
22063,14681
22064,14682
22065,14620
22066,
22067,
22068,
22069,13737
22070,13627
22071,10244
22072,14494
22073,14535
22074,
22075,12438
22076,
22077,14030
22078,14455
22079,14401
22080,
22081,11537
22082,5111
22083,
22084,
22085,14494
22086,14671
22087,14298
22088,12549
22089,
22090,
22091,14659
22092,14162
22093,14577
22094,12918
22095,12918
22096,14728
22097,14727
22098,14726
22099,14730
22100,14370
22101,14070
22102,13414
22103,14348
22104,14189
22105,14436
22106,14551
22107,13408
22108,14601
22109,14620
22110,14670
22111,14670
22112,14670
22113,10933
22114,14376
22115,14382
22116,14377
22117,14725
22118,14568
22119,14682
22120,14681
22121,14361
22122,14738
22123,14729
22124,14327
22125,13208
22126,14468
22127,14361
22128,12965
22129,
22130,12438
22132,14120
22133,
22134,14535
22135,14759
22136,14164
22137,12909
22138,14737
22139,14768
22140,14732
22141,14769
22142,14771
22143,14770
22144,11348
22145,14773
22146,14741
22147,11347
22148,14782
22149,14763
22150,14595
22151,14531
22152,14532
22153,14789
22154,14788
22155,14785
22156,14642
22157,14786
22158,14780
22159,14783
22160,14783
22161,14774
22162,14777
22163,14779
22164,14779
22165,14781
22166,14781
22167,14626
22168,14351
22169,14790
22170,14614
22171,12918
22172,9460
22173,14787
22174,14207
22175,14287
22176,14152
22177,14375
22178,13839
22179,14240
22180,14202
22181,14565
22182,14748
22183,14670
22184,14670
22185,14670
22186,14670
22187,14535
22188,14535
22189,14743
22190,14681
22191,14736
22192,14461
22193,14676
22194,14326
22195,14776
22196,14455
22197,14520
22199,10547
22200,14795
22201,14795
22202,14797
22203,14553
22204,14800
22205,14800
22206,14799
22207,14799
22208,14792
22209,14794
22210,14568
22211,14791
22212,409
22213,409
22214,
22215,14734
22216,
22217,12532
22218,
22219,14776
22220,
22221,
22222,
22223,14737
22224,14214
22225,14811
22226,14782
22227,13414
22228,14808
22229,14747
22230,14758
22231,14757
22232,14791
22233,14257
22234,14793
22235,14796
22236,14741
22240,13619
22241,14813
22242,14807
22243,14820
22244,14819
22245,14824
22246,14508
22247,14731
22248,12874
22249,14468
22250,14805
22251,13925
22252,14317
22253,14812
22255,12310
22256,14826
22257,14040
22258,14821
22259,14827
22261,14823
22262,14825
22264,13627
22265,3515
22266,
22267,12006
22268,13628
22269,
22270,
22271,14741
22272,14520
22273,14348
22274,14802
22275,14802
22276,14831
22277,14849
22278,14849
22279,14848
22280,12006
22281,
22282,14626
22283,14351
22284,14852
22285,14352
22292,13665
22293,13667
22301,14854
22302,14152
22303,14152
22304,14573
22305,14856
22306,14858
22307,14859
22308,14857
22309,14601
22310,14630
22311,14631
22314,14843
22315,14843
22316,10502
22317,10501
22318,10503
22319,14662
22321,14663
22324,14741
22325,14663
22326,12415
22327,14361
22328,
22329,
22330,
22331,12780
22332,
22333,
22334,14120
22335,12438
22336,10244
22337,
22338,
22339,
22340,
22341,
22342,
22343,
22345,
22346,12955
22347,14795
22348,14376
22349,14777
22350,9629
22351,14772
22352,14781
22353,14382
22354,14803
22355,14626
22356,14805
22357,14846
22358,14844
22359,14807
22360,14885
22361,14878
22362,14880
22363,12310
22364,14883
22365,14189
22367,14747
22368,14152
22369,13598
22370,12965
22371,14835
22372,14870
22373,14875
22375,14802
22376,14817
22377,14816
22378,14815
22379,14810
22380,14626
22381,12640
22382,14630
22383,14887
22384,14845
22385,12189
22386,12189
22387,14845
22388,14888
22389,14322
22390,14202
22391,14874
22392,14879
22393,14881
22394,14808
22395,14658
22396,14835
22397,14836
22400,14851
22401,14189
22402,14786
22403,14040
22404,14120
22405,
22406,
22407,14535
22408,
22409,
22410,
22411,12549
22412,14494
22413,324
22414,324
22415,14734
22416,
22417,
22419,9629
22420,14375
22421,14409
22422,14902
22423,14857
22424,
22425,14632
22426,14865
22427,14812
22428,14906
22429,14906
22430,14904
22431,14900
22432,14867
22433,14869
22434,14802
22435,14013
22436,14894
22437,14901
22438,14844
22439,14915
22440,14791
22441,14928
22442,13871
22443,12965
22444,
22445,
22446,14407
22447,14886
22448,14741
22450,14930
22451,14559
22452,14809
22453,14455
22455,14240
22456,14796
22457,14794
22458,14793
22459,14814
22460,14939
22461,14939
22462,14823
22463,12965
22464,14364
22465,14895
22466,14895
22467,11390
22468,14871
22469,14873
22470,14872
22471,14931
22472,14152
22473,14883
22474,14892
22475,14893
22476,14929
22477,13884
22479,14847
22480,14940
22482,14581
22483,14270
22484,13834
22485,8108
22486,8106
22487,
22488,14535
22489,
22490,14120
22491,
22492,
22493,12532
22494,14773
22495,14162
22496,14952
22497,14891
22498,12965
22499,14946
22500,14944
22501,14957
22502,14945
22503,14945
22504,14633
22505,14933
22506,14936
22507,14934
22508,12972
22509,14936
22510,14934
22511,12965
22512,12965
22513,13824
22514,
22515,14947
22516,13283
22517,14905
22518,14935
22519,14935
22520,14937
22521,14937
22522,14938
22523,14938
22524,14606
22525,14606
22532,14361
22533,14950
22534,14951
22535,14974
22536,14189
22537,14955
22538,14955
22539,14975
22540,14816
22541,14976
22542,14932
22543,14488
22544,14486
22545,14485
22546,14481
22547,14457
22548,13737
22550,
22551,13627
22552,12532
22553,13499
22554,13501
22555,
22557,14978
22558,14936
22559,14791
22562,14749
22563,14755
22564,14980
22565,14937
22566,14937
22567,14964
22568,14964
22569,14989
22570,14982
22571,14672
22574,13619
22575,14986
22576,14965
22577,14965
22578,14970
22579,14971
22580,14983
22581,14987
22582,14972
22583,14972
22584,14985
22585,14988
22586,14981
22587,14991
22588,14896
22589,14992
22590,
22591,9971
22592,15006
22593,14673
22594,14993
22595,14994
22596,14674
22597,14240
22598,15004
22599,14568
22600,14568
22601,15005
22602,10641
22603,14448
22604,14528
22605,15007
22606,15003
22607,15003
22608,14955
22609,14955
22610,
22611,
22612,14407
22613,
22614,3673
22615,
22616,14871
22617,15006
22618,14786
22619,14788
22620,14789
22621,14940
22622,8109
22623,15020
22624,14401
22625,15028
22626,14857
22627,
22628,12874
22629,15035
22630,14988
22631,14916
22632,13353
22633,15036
22634,15031
22635,15030
22636,15029
22637,14989
22638,15027
22639,14997
22640,14996
22641,14998
22642,14983
22643,14994
22644,14999
22645,15000
22646,15001
22647,14375
22648,15039
22649,14940
22650,15017
22651,12310
22652,15013
22653,15034
22654,15033
22655,15032
22656,15014
22657,15015
22658,15016
22659,15018
22660,14725
22661,12010
22662,12010
22663,14991
22664,14991
22665,14662
22666,11798
22667,14661
22668,14661
22669,14559
22670,328
22671,
22673,14827
22674,
22675,
22676,
22677,5559
22678,13627
22679,
22680,
22681,
22682,
22683,14252
22684,
22685,15041
22686,12549
22687,14494
22688,14898
22689,14903
22690,14141
22691,12532
22692,
22693,14744
22694,15047
22695,14749
22696,15049
22697,15048
22698,14798
22699,14863
22700,15019
22701,14959
22702,14401
22703,14793
22704,14900
22705,15050
22706,12980
22707,14948
22708,15012
22709,15011
22710,12955
22711,14429
22712,15045
22713,15046
22714,14983
22715,14744
22716,14298
22717,14931
22718,15051
22719,13598
22720,13598
22721,14673
22722,15029
22723,14214
22724,15021
22725,15066
22726,15066
22728,15060
22729,15061
22730,15062
22731,15062
22732,14662
22733,15100
22734,
22735,14486
22736,
22737,14859
22738,14948
22739,15092
22740,14848
22741,14857
22742,14856
22743,14858
22744,15090
22745,15088
22746,15086
22747,12310
22748,15017
22749,4327
22750,14831
22751,14749
22754,14521
22755,
22756,
22757,
22758,13596
22759,15089
22760,14568
22761,14863
22762,13283
22763,14781
22764,14229
22765,13893
22766,14390
22767,14392
22768,14394
22769,15099
22770,15098
22771,14931
22772,14987
22773,15085
22774,15085
22775,15085
22776,15115
22777,14937
22778,14964
22779,13892
22780,14013
22781,14616
22782,14973
22783,14673
22784,14776
22785,14751
22788,12553
22789,12553
22790,12553
22791,14540
22792,14540
22793,14540
22795,15074
22796,15082
22797,15091
22798,14989
22799,15087
22800,15114
22801,15084
22802,15084
22803,15071
22804,14859
22805,14661
22807,14559
22808,
22809,
22810,14535
22811,
22812,14407
22813,
22814,14859
22815,14859
22816,14661
22817,14610
22818,14215
22819,14215
22820,15072
22821,15041
22822,15120
22823,15121
22824,14889
22825,14776
22826,15119
22827,15161
22828,15161
22829,15043
22830,14893
22831,14893
22832,15019
22834,14755
22835,14448
22837,14756
22838,14751
22839,14752
22840,15162
22841,15162
22842,13905
22843,14606
22844,14606
22845,14803
22846,14382
22847,14223
22848,14226
22849,14368
22850,14367
22852,13905
22853,14867
22855,15123
22857,14777
22858,13895
22859,13880
22860,11348
22861,11347
22862,13890
22863,13890
22864,14368
22865,14367
22867,15165
22868,15164
22875,14868
22876,14868
22878,14868
22879,12980
22880,
22881,
22882,5407
22883,
22884,12874
22885,15157
22886,14808
22887,14879
22888,14874
22889,15181
22890,14930
22891,15072
22892,14873
22893,8108
22894,14872
22896,15100
22897,15126
22898,14535
22899,14858
22900,9971
22901,14865
22902,15053
22903,15178
22904,15179
22905,15177
22906,15177
22907,15100
22908,15182
22910,13619
22911,15183
22912,15083
22913,15104
22914,14637
22915,14637
22916,14634
22917,14749
22918,14856
22919,14521
22920,6279
22921,14896
22922,14896
22923,14896
22924,14731
22925,14653
22926,15171
22927,15170
22928,14892
22929,15185
22930,15187
22931,15200
22932,14189
22933,15091
22934,15124
22935,14973
22936,15125
22937,15017
22938,14859
22939,15093
22940,15094
22941,14581
22942,15186
22943,15196
22944,15163
22945,14454
22947,
22948,
22949,
22950,
22951,
22952,
22953,13627
22954,12171
22955,4907
22956,11537
22957,
22958,12532
22959,13596
22960,12438
22961,15211
22962,15212
22963,14559
22964,15207
22965,15214
22966,14848
22967,15188
22968,15189
22969,15189
22970,
22971,14454
22972,14916
22973,15194
22975,15194
22976,14930
22977,14889
22978,14639
22979,13598
22980,15115
22981,15177
22982,14776
22983,15213
22984,14500
22985,15191
22986,15191
22987,15198
22988,15201
22989,15199
22991,15199
22992,5403
22993,
22994,
22995,
22996,13627
22997,14172
22998,12965
23000,14164
23001,15226
23002,14146
23003,14809
23004,12965
23005,15114
23006,15245
23007,15245
23008,15245
23009,15244
23010,15244
23011,15244
23012,14989
23013,15194
23014,14226
23015,15163
23016,15037
23017,15013
23018,15219
23019,15247
23020,14196
23021,14520
23022,14520
23023,14741
23024,14858
23025,14857
23026,14859
23027,15248
23028,15197
23029,14393
23030,15166
23031,15166
23033,15115
23034,15249
23035,14834
23038,15215
23039,15202
23040,15202
23041,14540
23042,15053
23043,14916
23044,15206
23045,14916
23046,15257
23047,15093
23048,14868
23049,15203
23050,15203
23051,15220
23052,15220
23054,15110
23055,15108
23056,15109
23057,15109
23058,15002
23059,15111
23060,15111
23061,15107
23062,15106
23063,15106
23064,15001
23065,15161
23066,15161
23067,15043
23069,15167
23070,15167
23071,15259
23072,15190
23073,15112
23074,15255
23076,15216
23077,15216
23078,15253
23079,13208
23080,12955
23081,14673
23082,14989
23083,7245
23084,15290
23085,14162
23086,15291
23087,15292
23088,14808
23089,15294
23090,15279
23091,15281
23092,15079
23093,15122
23094,15283
23095,15284
23096,12189
23097,12965
23098,15278
23099,15252
23100,14836
23102,13596
23103,7245
23104,5992
23105,4327
23106,15277
23107,15289
23108,15195
23109,15115
23110,15287
23111,15256
23113,14013
23114,12310
23115,14831
23125,15222
23126,15221
23127,15313
23128,15313
23129,15295
23130,15295
23131,15314
23132,15314
23133,15314
23134,14196
23135,15315
23136,15315
23137,14162
23138,14278
23139,15322
23140,15304
23141,15282
23142,15002
23145,15307
23146,15306
23147,15305
23148,15303
23149,15301
23150,15309
23151,15300
23152,15299
23153,15298
23154,15297
23155,15325
23156,14989
23157,15326
23158,14903
23159,14494
23160,12549
23161,12553
23162,865
23163,865
23164,865
23165,865
23166,865
23167,865
23168,865
23169,15328
23170,15329
23171,865
23172,865
23173,13597
23174,14616
23175,14616
23176,865
23177,865
23178,865
23179,865
23180,14989
23181,865
23182,865
23183,15087
23184,15254
23185,15311
23186,
23188,14162
23189,15348
23190,15350
23191,15351
23192,15225
23193,15059
23194,15328
23195,15343
23196,15347
23197,15070
23198,15262
23199,14822
23200,15069
23201,15342
23202,15341
23204,15349
23206,14142
23207,15361
23209,13619
23210,15362
23211,15360
23212,15339
23213,15365
23214,15356
23215,15357
23216,15358
23218,15354
23219,15353
23220,15353
23221,15355
23224,15366
23225,15352
23226,12553
23227,15084
23228,15124
23229,15345
23230,15346
23231,15346
23232,14540
23233,15044
23234,15044
23235,15044
23236,15044
23237,15255
23238,14833
23239,15308
23240,14850
23241,14850
23242,15245
23243,15244
23244,15244
23245,12782
23246,12782
23247,12782
23248,15321
23251,15199
23252,15199
23253,15199
23254,15327
23255,15053
23256,14454
23257,15184
23258,14725
23259,15320
23260,15321
23261,15321
23262,14796
23263,12955
23264,
23265,
23266,
23267,
23268,12532
23269,13596
23270,
23271,10244
23272,5992
23273,15371
23274,15369
23275,14162
23276,15122
23277,14868
23278,15322
23279,14196
23280,10624
23281,14278
23282,14663
23283,14663
23284,15359
23285,15358
23286,15354
23287,13667
23288,15355
23289,14859
23290,15093
23291,14796
23292,14793
23293,13851
23294,13637
23295,15288
23296,13596
23297,13596
23298,15373
23299,15223
23300,13817
23302,13822
23303,13666
23304,13824
23305,13905
23306,13905
23307,15380
23308,15379
23309,15378
23310,15377
23311,15013
23312,15219
23313,15106
23314,15330
23315,
23316,15375
23317,15374
23319,10547
23320,326
23323,324
23324,13627
23325,10244
23326,14535
23327,2360
23328,12142
23329,
23330,5559
23331,10244
23332,14142
23333,
23334,13326
23335,15397
23336,15397
23337,15395
23338,15383
23340,11454
23341,15401
23342,15403
23343,15403
23344,15386
23345,14868
23346,15344
23347,15344
23348,15404
23356,14907
23358,15398
23359,15399
23360,15115
23363,15244
23366,15222
23367,15388
23370,14013
23371,15400
23372,15381
23374,15406
23375,15406
23376,15203
23377,15368
23378,15367
23379,15093
23380,15355
23381,14971
23382,15220
23383,14964
23384,15189
23385,14189
23386,14223
23387,14223
23388,15043
23389,12782
23390,15423
23391,15382
23397,15414
23398,15413
23399,15412
23400,15410
23401,15409
23402,15408
23403,14937
23404,14970
23405,15393
23406,15421
23407,14367
23408,14606
23409,14368
23410,13627
23411,5403
23412,10244
23413,355
23414,14535
23415,
23416,14972
23417,15451
23418,14802
23419,15167
23420,15201
23421,15198
23422,14228
23424,
23425,15453
23426,15322
23427,15391
23428,12553
23429,15443
23430,15362
23431,15426
23432,15450
23433,15425
23434,15429
23435,15429
23436,15447
23437,15433
23438,15448
23439,15374
23440,15444
23441,15446
23442,15424
23444,15406
23445,15405
23446,15322
23447,15452
23448,15452
23449,14859
23450,14859
23451,15454
23452,13154
23453,13155
23454,13151
23455,13150
23456,13153
23457,14521
23458,15245
23459,14616
23460,15456
23461,15455
23462,15122
23463,15123
23465,13619
23466,15457
23467,13662
23472,15044
23473,14454
23474,15457
23475,15467
23476,14454
23477,14454
23478,14454
23479,15460
23480,15043
23481,14229
23482,13893
23483,14781
23484,14367
23485,13888
23486,13887
23487,13890
23488,11347
23489,11348
23490,13880
23491,13895
23492,13894
23493,14973
23494,14408
23495,13890
23496,14973
23497,13891
23498,14867
23499,14781
23500,14965
23502,15190
23503,14802
23504,14802
23505,15203
23506,15203
23507,14972
23508,14972
23509,15194
23510,15194
23512,4908
23513,13627
23514,14903
23515,12549
23516,15419
23517,15205
23518,14916
23520,
23521,15490
23538,12553
23541,15488
23542,15405
23543,15489
23544,15487
23545,15500
23546,15485
23547,15485
23548,15475
23549,15447
23550,15498
23551,15505
23553,15509
23554,15522
23555,15520
23558,15122
23559,14979
23560,14979
23562,15558
23563,15558
23564,15558
23565,15558
23566,15558
23567,15558
23568,15558
23569,15555
23570,15396
23571,14851
23572,14937
23573,14937
23574,15201
23575,14965
23576,14965
23577,15166
23578,15166
23579,15323
23580,15323
23581,15323
23582,14781
23583,14781
23584,14781
23585,15198
23586,15193
23587,14973
23589,15512
23590,15512
23591,15512
23592,15512
23593,15512
23594,15514
23595,15514
23596,15253
23597,14013
23598,15521
23599,15521
23600,15445
23601,15387
23602,14444
23603,15481
23604,14851
23605,15517
23606,14408
23607,15321
23608,14777
23609,14803
23610,14224
23611,14970
23612,14227
23613,14606
23614,15525
23615,15195
23616,15220
23617,14606
23618,14223
23619,14227
23620,14971
23621,14971
23623,15321
23624,15199
23625,15512
23626,15514
23627,13905
23628,13905
23629,
23630,
23631,13627
23632,14494
23633,15419
23634,14903
23635,15097
23636,
23637,15253
23638,15523
23639,15318
23640,15429
23641,14278
23642,15520
23643,
23644,15323
23645,15535
23646,15541
23647,14540
23648,15322
23649,15073
23650,15508
23651,15547
23652,15477
23653,15477
23654,14749
23655,14752
23656,12965
23657,13156
23658,13156
23659,13851
23661,15367
23662,15367
23663,15409
23664,15423
23665,15192
23666,15526
23667,15469
23668,15470
23669,15466
23671,15471
23672,15472
23674,15473
23675,15474
23676,15476
23677,15476
23680,15479
23681,15479
23682,15482
23684,15480
23685,15480
23686,15539
23687,15384
23688,15453
23689,865
23690,324
23692,15501
23693,15425
23694,15044
23695,15389
23696,15502
23697,15504
23698,14539
23699,15093
23700,12955
23701,15545
23702,15492
23703,15495
23704,15496
23705,15497
23706,15543
23707,15393
23708,15527
23709,15528
23710,15529
23712,15537
23713,15311
23714,15550
23715,15552
23716,15548
23717,
23718,14916
23719,
23720,6279
23721,
23722,14941
23723,
23724,
23725,
23726,
23727,15422
23728,
23729,15097
23730,14494
23731,14744
23732,15403
23733,15434
23734,15546
23735,15560
23736,15327
23737,15488
23738,15434
23739,13153
23740,14741
23741,15245
23742,14444
23743,14540
23744,15459
23745,15458
23746,15411
23747,15551
23748,15562
23749,15124
23750,6280
23754,15503
23756,14189
23757,14749
23758,14752
23759,15522
23760,14454
23761,15079
23762,15076
23763,15575
23764,14408
23766,14979
23767,15506
23768,15577
23774,15555
23775,15555
23780,15573
23781,15574
23782,15576
23783,15341
23784,15289
23785,15572
23786,15565
23787,15564
23788,15566
23789,10244
23790,
23791,5992
23792,15205
23793,15097
23794,14903
23795,
23796,326
23797,5559
23798,
23799,14741
23800,15544
23801,15501
23804,15583
23805,14866
23806,15093
23807,13156
23808,15259
23809,15543
23810,15007
23811,15584
23812,14013
23813,14781
23814,15289
23815,15445
23816,15580
23817,15449
23818,14451
23819,15588
23820,15044
23821,14539
23822,15043
23823,15589
23824,15590
23825,15596
23826,12782
23827,15599
23828,15597
23829,15598
23830,15591
23831,15602
23832,15601
23833,15600
23834,15603
23835,15605
23836,15606
23837,15607
23838,15608
23839,15559
23840,15559
23841,15609
23842,15604
23843,15637
23844,13598
23846,13598
23847,13598
23848,13598
23849,
23850,12549
23851,14903
23852,15205
23853,15419
23854,15565
23855,15566
23856,15435
23857,15582
23858,15610
23859,15612
23860,15629
23861,14749
23862,15512
23863,15633
23864,15635
23865,15630
23866,15563
23867,15543
23868,15259
23869,15622
23870,14835
23871,15548
23872,14753
23873,15586
23874,15628
23875,15562
23876,15076
23877,15504
23878,15532
23879,13597
23880,15638
23882,13619
23883,15623
23884,14837
23885,14837
23887,15621
23888,15639
23889,15643
23890,15643
23892,15515
23893,15515
23894,15399
23895,12874
23896,15636
23897,15627
23898,15611
23899,15645
23900,15613
23901,14850
23902,15514
23903,14444
23904,15195
23905,15194
23906,15193
23907,14964
23908,15321
23909,14937
23910,15201
23911,15198
23912,14972
23913,14973
23914,14965
23915,14802
23916,14781
23917,14013
23918,14971
23919,14916
23920,328
23921,
23922,5992
23923,10244
23924,13596
23925,13596
23926,2563
23927,3486
23928,15530
23929,15587
23930,15570
23931,15569
23932,15568
23933,15567
23934,15512
23935,15515
23936,15391
23937,15637
23938,13815
23939,15662
23940,15514
23941,15515
23942,15668
23943,15658
23944,9257
23945,15666
23946,15663
23947,14810
23948,15060
23949,15060
23950,15259
23951,15646
23952,15198
23953,15669
23955,13816
23956,13664
23958,15166
23959,14803
23960,15323
23961,15193
23962,15535
23963,13666
23964,15515
23966,15657
23967,15656
23968,15654
23969,15652
23970,15651
23971,15673
23972,15673
23973,15389
23974,15043
23975,15672
23976,15644
23977,8912
23978,324
23979,
23980,983
23981,13627
23982,10244
23983,11537
23984,14916
23985,6279
23986,
23987,10244
23988,14535
23989,9277
23990,15205
23991,15205
23992,15205
23993,15205
23994,15205
23995,15564
23996,15675
23997,15701
23998,15566
23999,15253
24000,15435
24001,15058
24002,15061
24003,15066
24004,15693
24005,15687
24006,15684
24007,15683
24008,15693
24009,15702
24010,15704
24011,15512
24012,15643
24013,15707
24014,15705
24015,15708
24016,14930
24017,15706
24018,13905
24019,15656
24020,15657
24021,15526
24022,15212
24024,15462
24025,15464
24026,15559
24027,14835
24028,14835
24029,15504
24030,15502
24031,15124
24032,15679
24034,15698
24035,15699
24036,15700
24037,15665
24038,15333
24039,15680
24040,15690
24041,15685
24042,15678
24043,15632
24044,15715
24045,15478
24046,15647
24047,15277
24048,14540
24049,15533
24050,15534
24051,14969
24052,14967
24053,15716
24054,14773
24055,15717
24056,15709
24057,15709
24058,12955
24059,15434
24060,15718
24061,11798
24062,15582
24063,983
24064,327
24066,324
24067,983
24068,10944
24069,12549
24070,15419
24071,14741
24072,
24073,
24074,6279
24075,
24081,14120
24082,15097
24083,11941
24084,15706
24085,15694
24086,15682
24088,13598
24089,15275
24090,15691
24091,15274
24092,15686
24093,15696
24094,15631
24095,15648
24096,15695
24097,14454
24098,14741
24099,15737
24100,15731
24101,15722
24102,15445
24103,15736
24104,15735
24105,15734
24106,15732
24107,15745
24108,15744
24109,15722
24110,14751
24111,15741
24112,15748
24113,14837
24114,15512
24115,13905
24116,15660
24117,15655
24118,15624
24119,15742
24120,14916
24121,12189
24122,
24123,14120
24124,
24125,
24126,
24127,
24128,
24129,
24130,13596
24131,14741
24132,15435
24133,15564
24134,15755
24135,15530
24136,15643
24137,15698
24138,15743
24139,15058
24140,15760
24141,14837
24142,15750
24143,15759
24144,15749
24145,15752
24147,15746
24148,15710
24149,15748
24152,15754
24153,15758
24154,15748
24155,15453
24157,15768
24158,15764
24159,15763
24160,12189
24161,12189
24162,12189
24163,15767
24164,13494
24165,13484
24166,14803
24167,15203
24168,15203
24169,15719
24170,14972
24171,14972
24172,14013
24173,14013
24174,14965
24175,15765
24180,15478
24181,15539
24182,15538
24183,15536
24184,15762
24185,15076
24186,15706
24187,14276
24188,15680
24189,14189
24191,15643
24192,15766
24193,15756
24194,15769
24195,11391
24196,11798
24197,
24198,
24199,409
24200,
24201,
24202,
24203,
24204,14535
24205,10244
24206,14960
24207,14454
24208,15639
24209,15706
24210,13905
24211,15515
24212,14803
24213,15719
24214,15203
24215,15643
24216,15788
24217,15787
24218,14837
24219,15772
24221,15757
24222,15757
24223,14859
24225,15761
24226,15687
24227,15798
24228,14741
24229,15318
24230,15658
24231,15770
24232,15771
24233,15717
24234,15429
24235,15797
24236,15824
24237,15822
24238,15822
24239,15780
24240,15704
24241,15462
24242,15566
24243,15677
24244,15823
24246,13619
24247,15676
24248,15512
24249,15651
24250,15825
24251,15835
24252,15518
24253,15518
24254,14389
24255,14393
24256,14391
24257,15659
24258,15659
24259,15828
24260,15746
24262,15773
24263,15774
24264,15774
24265,15774
24266,15774
24270,15776
24271,
24272,15850
24273,15849
24274,15767
24275,15830
24276,15851
24277,15852
24278,15775
24279,14837
24280,14837
24281,15854
24282,15317
24283,15857
24284,15846
24285,15847
24286,15853
24287,15855
24288,15826
24289,15856
24290,15690
24292,15678
24293,15135
24294,15135
24296,15829
24297,13731
24298,13487
24299,14850
24300,14968
24301,15733
24302,15699
24303,15698
24304,15859
24305,15531
24306,15777
24308,15777
24309,15777
24310,15777
24312,15777
24313,15777
24316,15778
24327,15781
24332,14965
24337,15653
24350,14765
24351,14765
24352,15845
24353,15083
24354,12310
24358,8109
24359,15192
24360,15066
24361,15059
24363,15037
24364,15114
24365,15389
24366,14454
24367,15860
24368,15861
24369,15862
24370,15863
24371,15864
24372,5403
24374,10244
24375,10244
24376,12532
24377,
24378,15153
24379,
24380,13596
24381,15857
24382,15881
24383,15871
24384,15871
24385,15651
24386,15866
24387,15880
24388,15824
24389,15694
24390,15271
24391,15692
24392,13905
24394,15751
24395,15842
24396,15887
24397,15503
24398,15503
24399,15503
24400,15482
24401,15013
24402,15287
24403,15878
24404,15876
24405,15874
24406,15885
24407,15695
24408,14535
24409,3486
24410,15869
24411,15868
24412,15867
24413,15389
24414,15503
24415,15890
24416,15891
24417,15756
24418,15750
24419,15124
24420,14810
24421,15277
24422,15852
24423,15892
24424,15843
24425,15844
24426,15865
24427,15873
24428,15875
24429,15894
24430,15872
24431,13494
24432,15828
24433,12955
24434,8913
24435,8913
24436,15096
24437,15882
24438,12030
24439,
24440,
24441,12780
24442,6279
24443,14916
24444,
24445,15096
24446,
24447,324
24448,15317
24449,328
24450,14535
24451,
24452,326
24453,10244
24454,
24455,2224
24456,
24457,11537
24458,
24459,
24460,15434
24461,15888
24462,15737
24463,15919
24464,15857
24465,15938
24466,15938
24467,15932
24468,15932
24469,15929
24470,15930
24471,15944
24472,15767
24473,15897
24474,15897
24475,13703
24476,15898
24477,15900
24478,15915
24479,15917
24480,15532
24481,15624
24482,15928
24483,15878
24484,15896
24485,15899
24486,15948
24487,15830
24488,15956
24489,14389
24490,14972
24493,15954
24494,15947
24495,15949
24496,15860
24497,15687
24498,15254
24499,15641
24500,15640
24501,14831
24502,15877
24503,15955
24504,15065
24505,15913
24506,14837
24508,15272
24509,15276
24511,14753
24512,15952
24513,15950
24514,15914
24515,4907
24516,
24517,15958
24518,
24519,14535
24520,
24521,14535
24522,3486
24523,10244
24524,15317
24525,9277
24526,13484
24527,15968
24528,15949
24529,12189
24530,13597
24531,13598
24532,15964
24533,15692
24534,14276
24535,15737
24536,15944
24537,15868
24538,15867
24539,14837
24540,15974
24541,15826
24542,15826
24543,15826
24544,15826
24545,15826
24546,15759
24548,14837
24549,15920
24551,13619
24552,15921
24553,15919
24554,15923
24555,15924
24556,14390
24558,
24559,15938
24560,15921
24561,15922
24562,15926
24563,14462
24564,15518
24565,11332
24566,15923
24567,15925
24568,13905
24569,15977
24571,14773
24572,15434
24573,15938
24575,
24576,
24577,
24578,15317
24579,10244
24580,12438
24581,15981
24582,15980
24583,15980
24584,15921
24585,15480
24586,12782
24587,15923
24588,13905
24589,15880
24591,15998
24592,15998
24593,15998
24594,
24595,
24596,
24597,15976
24598,15872
24599,15271
24600,15978
24601,14454
24602,16002
24603,16000
24604,16005
24605,15997
24606,15999
24607,13598
24608,15970
24609,15970
24610,15964
24611,15691
24612,15984
24613,15327
24614,15857
24616,15916
24617,15538
24618,15994
24619,15327
24620,15972
24621,15973
24622,15056
24623,15983
24624,15985
24625,15987
24626,15988
24627,15992
24628,15989
24629,15845
24630,16006
24632,16007
24633,16010
24635,16012
24636,16013
24637,15964
24638,15964
24639,15507
24640,16003
24641,15434
24642,14535
24643,12229
24644,324
24645,
24646,14535
24647,15431
24648,14535
24649,
24650,14144
24651,15789
24652,15589
24653,15419
24654,15205
24655,14494
24656,12532
24657,
24658,14916
24659,
24660,15958
24661,
24662,15932
24663,16076
24664,15434
24665,16004
24666,14509
24667,13905
24669,16081
24670,16082
24671,16083
24672,16084
24681,15980
24682,15064
24685,12965
24686,15919
24687,15518
24688,16017
24689,14509
24690,15966
24691,15967
24692,15933
24696,15935
24697,15935
24698,15935
24702,15969
24704,15969
24705,15642
24706,15642
24707,15642
24708,15642
24709,12030
24710,15642
24711,
24712,15642
24713,15642
24714,15642
24715,
24716,
24717,16103
24718,16106
24719,16107
24720,16108
24721,16109
24722,16111
24723,15927
24724,16098
24725,13703
24726,15917
24727,16117
24728,16059
24729,16074
24730,16063
24731,16064
24732,16065
24733,16066
24734,16068
24735,16071
24736,16078
24737,16074
24738,16059
24739,16060
24740,16061
24741,16063
24742,16064
24743,16065
24744,16066
24745,16068
24746,16069
24747,16070
24748,16071
24749,16061
24750,16069
24751,16070
24752,15982
24753,16119
24754,12955
24755,327
24756,
24757,8913
24758,324
24759,10933
24760,12965
24761,15958
24762,12549
24763,10244
24764,14535
24765,12438
24766,13596
24767,
24768,16112
24769,16113
24770,16114
24771,
24772,16115
24773,16128
24774,15737
24775,16015
24776,16130
24777,15759
24778,16131
24779,15503
24780,16105
24781,16069
24782,16061
24783,13905
24785,16057
24786,16058
24788,15694
24789,16054
24791,16121
24792,15873
24793,16019
24794,16100
24795,16100
24796,15479
24797,15999
24798,15984
24799,16120
24800,15875
24801,15135
24802,15994
24803,16132
24804,16099
24805,16125
24806,16134
24807,16135
24809,15968
24810,15991
24811,15995
24812,16145
24813,16147
24814,15990
24815,15977
24816,16149
24817,15503
24818,16138
24819,16143
24820,16141
24821,15114
24822,16146
24823,16148
24824,15863
24825,15861
24826,15860
24827,15104
24828,15083
24830,
24831,13596
24832,14535
24833,12438
24835,12549
24836,328
24837,15958
24838,14494
24839,
24840,16167
24841,15994
24842,16170
24843,16170
24847,8109
24848,16175
24849,16176
24850,16171
24851,15968
24852,15643
24853,16016
24854,15757
24855,16178
24856,16179
24858,16181
24859,16180
24860,16182
24861,15692
24862,15692
24863,16139
24864,16165
24865,16166
24866,16164
24867,15059
24868,15065
24869,14831
24870,15137
24871,15900
24872,15963
24873,15975
24874,16002
24875,14454
24876,
24877,15096
24878,15751
24879,15842
24880,
24881,15844
24882,15843
24883,16201
24884,16162
24885,16172
24886,16189
24887,16104
24888,16184
24889,16185
24890,16186
24891,16186
24892,16187
24893,16187
24894,16188
24895,16188
24896,16194
24897,16194
24898,15072
24899,15072
24900,16158
24901,16183
24902,16193
24903,16193
24904,16193
24905,16193
24907,16195
24909,15925
24910,14391
24911,14393
24912,14390
24913,16059
24914,16072
24915,16196
24916,16200
24917,13905
24918,15918
24919,16070
24920,15774
24921,16064
24922,16063
24923,16072
24924,16072
24925,16196
24926,16200
24927,16206
24928,16207
24929,16208
24930,16208
24931,16208
24932,16209
24934,16210
24935,16211
24936,16212
24937,16213
24938,328
24939,13627
24940,328
24941,324
24942,5407
24943,14535
24944,7427
24945,
24946,14494
24947,13596
24948,10244
24949,15153
24950,12532
24951,14916
24952,15434
24953,15990
24954,16281
24955,16281
24956,16264
24957,16143
24958,16100
24959,16149
24960,15867
24961,16265
24962,15503
24963,13905
24964,15135
24965,15059
24966,16220
24967,16226
24968,16134
24969,16135
24971,15968
24972,15968
24973,16221
24974,16217
24975,16225
24976,16219
24977,16261
24978,14971
24979,14228
24980,14228
24981,16283
24983,13619
24984,15288
24985,16333
24986,16333
24987,16134
24991,16139
24992,16130
24993,16130
24994,16174
24995,16174
24996,16130
24997,16336
24998,15643
24999,16065
25000,12310
25001,16280
25003,16242
25004,15696
25005,16335
25006,16280
25007,16103
25008,16106
25009,16245
25010,15136
25011,15138
25012,15140
25013,15139
25014,16172
25015,
25016,14741
25017,14741
25018,15006
25019,16214
25020,16214
25021,16370
25022,15880
25023,6279
25024,16354
25025,
25026,16369
25027,16368
25028,16341
25029,16367
25030,16366
25031,16365
25032,14535
25033,16353
25034,16340
25035,16339
25036,16338
25037,16352
25038,16351
25039,16350
25040,16349
25041,16347
25042,16356
25043,
25044,
25045,16337
25046,16202
25047,16131
25048,16141
25049,16141
25050,16144
25051,16104
25052,16105
25053,16355
25054,16355
25055,16227
25058,15918
25059,16342
25060,16342
25061,16344
25062,16344
25063,16348
25064,16345
25065,16345
25066,16345
25067,13905
25068,16346
25069,16346
25070,16343
25071,16291
25073,15757
25074,15952
25075,16364
25076,16130
25077,16113
25078,16002
25079,16005
25080,16229
25081,16230
25082,16231
25083,16234
25084,16235
25085,16236
25086,16238
25087,16237
25088,16239
25089,16240
25090,16241
25091,16243
25093,16250
25094,15434
25095,14741
25096,15990
25097,16177
25098,16284
25099,15317
25100,16216
25101,16215
25102,16215
25105,16271
25106,16271
25107,16156
25108,16148
25109,16400
25110,15963
25111,15975
25112,16335
25113,16379
25114,15727
25115,15727
25116,16403
25117,16403
25118,15936
25119,15939
25120,15943
25123,16368
25124,16365
25125,16380
25126,16404
25127,16404
25128,16405
25129,16405
25130,16365
25131,15577
25133,16376
25134,15966
25146,15965
25147,16382
25148,16382
25149,16386
25150,16399
25151,16402
25152,16398
25153,16396
25154,16397
25155,16388
25156,16387
25157,15288
25158,16291
25159,16342
25160,14971
25161,15642
25162,15642
25164,15642
25165,15642
25166,15642
25167,15642
25168,15642
25169,12955
25170,12955
25171,16071
25172,16068
25173,15926
25174,16408
25175,16228
25176,16246
25177,16248
25178,16251
25179,16256
25180,16257
25181,16258
25182,16260
25183,16263
25184,16269
25185,12030
25186,
25187,2224
25188,16270
25189,16272
25190,16273
25191,16274
25192,16275
25193,16288
25194,16290
25195,16292
25196,16293
25197,16295
25198,16297
25199,16415
25200,16299
25201,16277
25202,16232
25203,16268
25204,16266
25205,16233
25206,16218
25208,16401
25209,16378
25210,16372
25211,16376
25212,16334
25213,16395
25216,16390
25217,15503
25219,15937
25220,15937
25222,14454
25223,15434
25226,2434
25227,12549
25228,324
25229,
25230,13627
25231,12965
25232,12549
25233,15958
25234,15205
25235,14535
25236,10244
25237,2224
25238,14941
25239,13596
25241,16414
25242,16411
25243,16411
25244,16417
25245,14971
25246,16131
25248,16412
25249,16413
25250,16418
25251,16419
25252,16104
25253,16383
25254,16384
25255,16385
25256,16406
25257,16381
25258,16440
25259,15643
25260,15643
25261,15449
25262,15515
25263,15512
25264,16432
25265,14393
25266,15922
25267,15515
25268,15512
25269,16432
25270,16065
25271,14393
25273,16071
25274,16338
25275,16374
25276,16375
25277,16130
25278,15419
25279,324
25280,324
25281,15958
25282,12583
25283,12583
25284,10944
25285,16444
25286,14916
25287,16355
25288,15935
25289,16185
25290,15935
25292,15945
25293,15945
25297,15946
25298,15946
25299,15946
25300,15946
25301,16440
25302,16008
25304,16410
25306,15946
25310,15826
25311,16420
25312,16427
25314,16407
25318,15971
25322,16429
25323,13356
25325,15434
25326,15435
25327,10632
25328,14535
25329,10547
25330,
25331,
25332,15751
25333,16126
25334,10944
25335,13627
25336,
25337,15317
25338,10244
25339,14972
25340,16200
25341,16414
25342,16128
25343,16156
25344,15582
25345,16450
25346,16433
25347,14754
25348,14754
25349,13834
25350,16161
25351,16141
25352,16370
25353,15751
25354,16430
25355,16430
25356,15757
25357,15692
25358,16333
25359,15503
25360,15968
25361,16335
25362,15727
25363,14753
25364,16382
25365,15068
25366,15024
25367,16130
25368,16454
25369,15532
25370,15647
25371,15963
25372,15710
25373,16244
25374,16458
25375,14535
25376,
25377,15942
25379,16139
25380,16421
25381,16461
25382,16401
25383,16462
25384,15432
25385,16460
25386,15104
25387,15083
25388,16456
25389,16455
25390,15581
25391,16442
25392,13596
25393,14909
25394,16464
25395,14910
25396,16330
25397,14912
25398,16098
25399,328
25400,327
25401,
25402,
25403,15789
25404,14535
25405,11941
25406,
25407,
25408,
25409,13596
25410,
25411,10244
25412,12438
25413,15434
25414,16233
25415,16469
25416,16411
25418,16421
25419,16405
25420,16395
25421,16391
25422,16428
25424,16134
25425,16345
25426,16233
25427,15934
25429,16472
25430,13619
25432,16371
25433,16471
25434,16474
25435,16130
25436,16056
25437,6279
25438,16434
25439,14913
25440,16451
25441,16452
25442,16453
25443,16452
25444,16478
25445,16479
25446,16473
25447,16158
25448,15139
25449,15138
25450,16151
25451,16154
25452,16351
25453,16365
25454,16479
25455,16479
25456,16479
25457,16479
25458,16478
25459,16478
25460,16478
25461,16478
25462,15940
25463,15940
25464,16480
25465,14214
25466,15434
25467,10944
25468,15553
25469,10944
25470,13627
25471,12438
25472,10244
25473,15176
25474,12793
25475,12792
25476,16148
25477,16500
25478,16404
25479,16405
25480,16079
25481,16482
25482,16392
25483,16501
25484,16411
25485,16489
25486,16489
25487,16498
25488,16497
25489,16496
25491,16490
25493,16491
25494,16378
25495,16484
25496,15024
25497,16492
25498,15068
25499,15900
25500,16459
25501,16469
25502,16481
25503,15757
25504,14276
25505,16495
25506,16390
25507,15692
25508,13597
25509,8106
25510,8109
25511,16463
25512,16465
25513,16488
25514,16438
25515,13355
25516,16470
25517,16494
25518,15434
25519,327
25520,324
25521,10244
25522,15317
25523,14535
25524,16500
25525,15751
25526,16140
25527,12793
25528,12792
25529,16271
25530,16156
25531,16143
25532,
25533,11537
25534,12532
25535,14916
25536,13501
25537,16456
25538,16346
25539,16462
25540,14810
25541,15940
25542,16392
25543,16481
25544,15965
25545,16395
25546,16333
25547,16506
25548,14804
25550,16289
25551,16130
25552,15024
25553,16504
25554,16437
25555,16104
25556,16509
25557,16537
25558,16505
25559,16516
25560,16543
25561,16507
25562,
25563,16079
25564,12792
25565,16141
25566,16545
25567,16540
25569,16529
25570,16144
25571,15826
25572,15642
25573,15642
25574,15642
25575,15642
25576,15642
25577,16543
25578,2224
25579,16544
25580,16257
25581,15759
25582,16410
25583,15647
25584,16372
25585,15653
25586,15653
25587,15653
25589,16548
25590,15104
25591,14968
25592,15082
25593,16430
25594,16397
25595,16396
25596,16399
25597,16542
25598,16433
25599,16387
25600,15585
25601,16531
25602,16547
25604,324
25605,
25606,16142
25607,10944
25608,983
25609,13627
25610,16141
25611,15453
25612,16403
25613,16403
25614,16604
25615,16597
25616,16597
25617,14451
25618,14451
25619,14451
25620,14451
25621,16551
25622,16134
25623,16429
25624,16613
25625,16613
25626,16480
25627,14810
25629,16614
25630,
25631,16614
25632,16452
25633,16453
25634,16609
25635,16131
25636,13834
25637,13834
25638,13834
25639,13834
25640,13834
25641,13834
25642,13834
25643,13834
25644,13834
25645,13834
25646,13834
25647,13834
25648,13834
25649,13834
25650,16598
25651,16526
25652,16525
25653,16523
25654,16522
25655,16520
25656,16519
25657,16518
25658,16517
25659,16371
25661,16524
25662,14810
25663,16488
25666,16469
25669,16405
25670,16618
25671,16504
25672,16437
25673,16437
25674,16499
25676,16628
25677,16628
25678,16602
25679,10547
25680,16435
25681,16625
25682,16143
25683,16630
25684,16481
25685,16620
25686,15083
25687,16633
25688,16605
25689,16613
25690,16613
25691,16634
25692,16528
25693,16606
25694,16616
25695,16615
25696,16617
25697,15434
25698,16542
25699,16462
25700,
25701,10244
25702,14535
25703,12532
25704,14916
25705,
25706,14832
25707,324
25708,328
25709,328
25710,
25711,
25712,16637
25713,16638
25714,16640
25715,16141
25716,15939
25717,16628
25718,16642
25719,16636
25720,15582
25721,15967
25722,16645
25723,14393
25724,14393
25725,16345
25727,13355
25728,16438
25729,16639
25730,16531
25732,16641
25733,16643
25734,16646
25735,16635
25736,16498
25737,16647
25738,16364
25739,16629
25741,16629
25742,16430
25746,16079
25747,16206
25748,16207
25750,16634
25751,16634
25752,15963
25753,15277
25754,16193
25756,16649
25757,16403
25758,13596
25759,16524
25760,16650
25761,16650
25762,16602
25763,16651
25764,16649
25765,16207
25766,15434
25767,
25768,14515
25769,10398
25770,
25771,
25772,16141
25773,14916
25774,16141
25776,16640
25777,16638
25778,16637
25779,16664
25780,16610
25781,16390
25782,15124
25783,16333
25784,16506
25785,16507
25786,
25787,16079
25788,16663
25789,16653
25791,16432
25792,16069
25793,16069
25794,16656
25795,16657
25796,16658
25797,16659
25798,13484
25799,16537
25800,16648
25801,16452
25802,13487
25803,15049
25804,16607
25805,16668
25806,16670
25807,16432
25808,15512
25809,16346
25810,16344
25811,16346
25812,15515
25813,13905
25814,16346
25815,16460
25816,16498
25817,13619
25818,16666
25819,16460
25820,16158
25821,16665
25822,15114
25823,15114
25824,16524
25825,16524
25826,16673
25827,15434
25828,15969
25829,16671
25830,16403
25831,324
25833,327
25834,
25835,328
25836,13627
25837,13596
25838,10244
25839,
25840,15317
25842,16673
25843,16675
25844,16695
25846,16704
25847,16702
25849,16701
25850,16686
25851,16687
25852,16680
25853,16705
25855,16685
25856,16432
25857,16660
25858,16696
25859,16697
25860,16696
25861,16697
25862,16069
25863,15096
25864,16652
25865,16694
25866,16698
25867,16689
25868,14753
25869,15036
25870,15163
25871,16412
25872,13484
25873,15067
25874,15067
25875,15127
25876,16676
25877,16434
25878,16681
25879,16410
25880,15128
25881,16683
25882,16684
25883,16688
25884,16437
25885,15276
25886,16510
25887,14451
25889,328
25890,328
25891,328
25892,324
25893,324
25895,10244
25896,14535
25897,15317
25898,
25899,15969
25900,15759
25901,16655
25902,16510
25903,16510
25904,16695
25905,15434
25909,16509
25910,16737
25911,16438
25912,16620
25913,16686
25914,16498
25915,16364
25916,16717
25917,16717
25918,15946
25919,16739
25920,16711
25921,16712
25922,16713
25923,16697
25924,16700
25925,16713
25926,16714
25927,16716
25928,16345
25929,16346
25930,16653
25931,16738
25932,16738
25933,12955
25934,15274
25935,16703
25936,14941
25937,16661
25938,16715
25939,2224
25940,16460
25941,16699
25942,16718
25943,16727
25944,16731
25945,16732
25946,16452
25947,16137
25948,16405
25949,16405
25950,16629
25951,16742
25952,16741
25953,16750
25954,16405
25955,16746
25956,16748
25957,16744
25958,16751
25959,16751
25960,16195
25961,16195
25963,16658
25964,16658
25965,15082
25966,16740
25967,16706
25968,16706
25969,16706
25970,16726
25971,16745
25972,16752
25973,324
25974,327
25975,15432
25976,
25977,10244
25978,16644
25979,16474
25980,16763
25981,16759
25982,16715
25983,16772
25984,16765
25985,14810
25986,16056
25987,16784
25988,16480
25989,16629
25990,16659
25991,16345
25992,16659
25993,14783
25994,15923
25995,16066
25996,16653
25997,16657
25998,16713
25999,16716
26000,16746
26001,16697
26002,16660
26003,16760
26004,15163
26005,15967
26006,16214
26007,16790
26008,16790
26009,16685
26010,15918
26011,16755
26012,14753
26013,15276
26014,16777
26015,16778
26016,16764
26017,16634
26018,12780
26019,15192
26020,16705
26021,16237
26022,16240
26023,16762
26024,16805
26025,16773
26027,16775
26028,16758
26029,16791
26030,16738
26031,15434
26032,16779
26033,16780
26034,16781
26035,16782
26038,16793
26043,16551
26046,16792
26047,16804
26048,13428
26049,4282
26050,324
26051,328
26052,
26053,324
26054,16644
26055,16705
26056,16254
26057,16252
26058,16249
26059,15969
26061,15067
26062,16747
26063,16811
26064,16812
26065,16812
26066,16814
26067,16815
26068,16820
26069,16821
26070,16822
26071,16823
26073,16825
26074,16825
26075,16826
26076,16827
26077,16827
26078,16828
26079,16818
26080,16819
26082,16460
26083,16829
26084,16829
26085,16510
26086,16510
26087,16704
26088,16514
26089,16870
26090,16706
26091,16870
26092,16512
26093,16830
26094,16831
26095,16831
26096,16832
26097,16833
26098,16833
26099,16834
26100,
26101,15096
26102,16835
26103,16836
26104,16836
26105,16620
26106,16739
26107,15434
26108,328
26109,324
26110,328
26111,
26112,324
26113,15491
26114,328
26115,
26116,13627
26117,16724
26118,16761
26119,16817
26120,16872
26121,16871
26122,16806
26123,16690
26124,16715
26125,15966
26126,15946
26127,16745
26128,15276
26129,16438
26130,16892
26131,16739
26132,16765
26134,15969
26135,16890
26136,16498
26137,16891
26138,16893
26139,16899
26140,16819
26141,13619
26142,13834
26143,16658
26144,16660
26145,16659
26146,16837
26147,16837
26148,15288
26149,16744
26150,16838
26151,16838
26152,16839
26153,16839
26154,16841
26155,16841
26156,16387
26158,12189
26159,16842
26160,16844
26161,16846
26162,16843
26163,16900
26164,16845
26165,16845
26166,16847
26167,16848
26168,16849
26169,16850
26170,16850
26171,16851
26172,16852
26173,16852
26174,16853
26175,16853
26176,16854
26177,16855
26178,16856
26179,16857
26180,16858
26181,16859
26182,16860
26184,16875
26185,16875
26186,16876
26187,16876
26188,16877
26189,16879
26190,16879
26191,16880
26192,16881
26193,16882
26195,16883
26196,16884
26197,16885
26198,16878
26199,16807
26200,16897
26201,16744
26202,15082
26203,16490
26204,16703
26205,16794
26206,16795
26207,16803
26208,16802
26209,16801
26210,16800
26211,16799
26212,16798
26213,16797
26214,16796
26215,15127
26216,14535
26217,15317
26218,
26219,324
26220,16914
26222,16614
26223,16614
26224,16137
26225,16916
26226,16629
26227,12793
26228,12792
26229,16865
26230,16896
26231,
26232,16909
26233,16542
26234,16814
26235,16815
26236,15933
26237,16908
26238,15067
26239,16895
26240,15960
26241,16704
26242,16928
26243,14451
26244,16720
26245,16851
26246,15946
26247,14491
26249,15946
26250,16754
26251,16706
26252,16923
26253,16924
26254,16923
26255,16346
26256,16900
26257,15434
26258,16478
26259,16478
26260,16919
26261,16607
26262,16606
26263,15888
26264,15434
26265,16917
26266,15971
26267,14276
26268,16892
26269,16479
26270,16479
26271,16479
26272,16479
26273,16479
26274,16479
26276,15025
26277,12955
26278,12955
26279,12955
26280,15647
26281,16629
26283,16195
26284,15737
26285,16816
26286,16382
26287,16757
26288,16158
26289,15128
26290,15128
26291,16864
26292,16867
26293,16346
26294,16920
26295,16920
26296,16886
26297,16903
26298,15922
26299,16930
26300,16931
26301,16932
26302,16704
26303,16851
26304,16399
26306,14778
26307,14381
26308,16067
26309,14012
26310,14462
26311,16827
26312,16658
26314,16404
26315,16690
26316,15176
26317,16902
26318,16901
26319,16757
26321,16487
26322,16487
26323,16748
26324,16923
26325,16714
26326,15192
26327,
26328,16549
26329,
26330,14535
26331,6279
26332,
26333,
26334,
26335,16977
26336,16984
26337,16967
26338,16871
26339,16872
26340,16870
26341,16930
26342,16512
26344,16807
26345,16897
26346,15727
26347,16403
26348,16863
26349,16949
26350,14491
26351,14491
26352,16987
26353,12415
26354,15453
26355,16993
26356,16841
26357,16951
26358,16952
26359,16841
26360,14835
26361,16998
26362,16953
26363,16995
26364,16997
26365,16994
26366,16996
26367,15965
26368,16683
26369,16864
26370,16718
26371,16765
26372,16744
26373,16666
26374,16965
26375,15004
26376,15163
26377,15036
26378,16806
26379,8100
26380,15096
26381,
26382,16460
26383,15781
26384,15737
26385,16950
26386,15759
26387,16764
26388,16817
26389,16761
26390,16986
26391,16985
26392,16933
26393,16934
26395,16936
26397,16938
26398,16939
26399,865
26400,16920
26401,
26402,
26403,6279
26404,17023
26405,16834
26406,16827
26407,16868
26408,16869
26409,17003
26410,17024
26411,17024
26412,12793
26413,12792
26414,16491
26415,15025
26416,16902
26417,16901
26418,
26419,17010
26420,17009
26421,15781
26422,16866
26423,15647
26424,15647
26425,17031
26426,16925
26427,16926
26428,16660
26429,16925
26430,15653
26431,16815
26433,16815
26435,14671
26436,328
26437,
26438,14962
26439,
26440,13619
26441,13834
26442,
26443,16904
26444,16904
26445,16905
26446,16906
26447,16907
26448,16907
26449,17047
26450,17032
26452,17034
26454,17035
26455,17036
26459,17050
26460,17025
26461,17025
26463,17029
26464,17030
26466,17030
26468,17040
26469,16784
26470,13598
26471,16382
26472,15434
26473,10058
26474,328
26475,327
26476,328
26477,
26478,328
26479,17106
26480,6279
26481,16754
26482,16996
26483,17045
26484,17021
26485,17022
26486,17065
26487,16925
26488,17071
26489,16819
26490,17066
26491,17079
26492,17079
26493,17058
26494,17056
26495,17055
26496,17099
26497,17010
26498,17024
26499,17013
26500,17054
26501,17041
26502,17043
26503,17095
26505,17095
26506,17095
26507,17095
26509,17080
26512,17080
26513,17080
26515,16744
26516,16748
26517,16923
26518,16812
26519,16812
26520,16667
26521,16667
26522,17117
26523,17118
26524,17119
26525,17120
26526,17120
26527,17121
26528,17122
26529,17122
26530,17123
26532,15138
26533,16308
26534,16404
26535,17072
26536,11488
26537,
26538,
26539,
26540,16996
26541,17045
26542,16870
26543,16986
26544,16985
26545,16761
26546,17154
26547,16493
26548,16922
26549,16990
26550,16990
26551,17060
26552,17123
26553,17057
26554,16158
26555,17028
26558,17163
26559,15129
26561,17031
26562,17018
26563,17001
26564,17155
26565,17009
26566,17157
26567,17157
26568,16478
26569,17156
26570,17156
26571,13598
26572,17167
26573,16720
26574,17062
26575,17053
26576,17061
26577,17052
26578,17149
26580,16512
26581,16873
26582,
26583,16527
26584,17166
26585,17148
26586,17136
26587,17136
26588,16527
26589,16881
26590,16540
26591,17031
26592,16901
26593,16902
26594,15025
26595,16806
26596,16403
26597,16863
26598,16873
26599,10641
26600,15585
26601,15585
26602,16514
26603,14451
26604,17048
26605,16999
26606,16764
26607,17027
26608,16760
26609,15277
26610,
26611,17014
26612,16933
26613,
26614,
26615,
26616,16549
26617,
26618,
26619,409
26620,16021
26621,
26622,409
26623,13627
26624,
26625,
26626,
26627,16996
26628,17127
26629,16953
26630,15994
26631,15538
26632,17198
26633,17199
26634,15065
26635,16632
26636,17066
26637,17179
26638,17158
26639,16819
26640,17195
26641,17202
26642,17194
26643,17146
26644,17015
26645,17187
26646,17181
26647,17183
26648,17184
26649,17186
26650,17201
26651,17016
26652,17067
26653,17068
26654,17126
26655,16384
26656,17129
26657,17128
26658,16794
26659,17182
26660,17192
26661,17139
26662,17137
26663,17191
26664,17189
26665,17188
26666,17143
26667,17138
26668,15128
26669,16614
26670,16614
26671,16514
26672,17208
26673,16925
26674,16923
26675,17118
26676,16812
26677,16814
26678,16460
26679,17206
26682,17150
26683,16917
26684,16914
26685,16930
26686,16931
26687,16932
26688,15781
26689,15781
26690,17178
26691,17168
26692,17170
26694,16299
26695,16295
26696,16293
26697,16292
26698,16290
26699,16288
26700,16273
26701,16232
26702,16239
26703,328
26704,
26705,13627
26706,6279
26707,16549
26708,8100
26709,
26710,12438
26711,
26712,
26713,
26714,
26715,16487
26717,
26718,5559
26719,14916
26720,17220
26721,16644
26722,17192
26723,17232
26725,17236
26726,16925
26727,17230
26728,17218
26729,16667
26730,16667
26733,16948
26734,16922
26735,17176
26736,17177
26737,16452
26738,17210
26739,17209
26740,16764
26741,17120
26742,17182
26743,16514
26744,
26745,16493
26746,17209
26747,17209
26748,15955
26749,17211
26750,17009
26751,17156
26752,15781
26754,17185
26755,17243
26756,16953
26757,16512
26758,16760
26760,17429
26761,13989
26762,17072
26763,16549
26764,12438
26765,
26766,13627
26768,
26769,
26770,17241
26771,17211
26772,17210
26773,17185
26774,16873
26775,17208
26776,16901
26777,16902
26778,16806
26779,15778
26780,17231
26781,17052
26782,17182
26783,17251
26784,16512
26785,17135
26786,17239
26787,17061
26788,17250
26789,17070
26790,16784
26791,17138
26792,13619
26793,13834
26795,17262
26796,17261
26797,17046
26798,17015
26799,16812
26800,16660
26801,17154
26802,16667
26803,17009
26804,17269
26805,16665
26806,15737
26807,17249
26808,17200
26810,17163
26811,17163
26812,16699
26813,17180
26814,17134
26816,
26817,
26818,16129
26819,
26820,12965
26821,
26822,13627
26823,
26824,
26825,
26826,16357
26827,15958
26828,14494
26829,15102
26831,17241
26832,16718
26833,17285
26834,17146
26835,17286
26836,17242
26837,16644
26838,17287
26839,17208
26840,16860
26841,16883
26842,16852
26843,16852
26844,17229
26845,17212
26846,17259
26847,17288
26848,17247
26849,16760
26850,16744
26851,17284
26852,17279
26853,17278
26854,16667
26855,17154
26856,17223
26858,17209
26859,17246
26860,17263
26861,16853
26862,17290
26863,17289
26864,17209
26865,17209
26866,17209
26868,17429
26869,17429
26870,17028
26871,17209
26872,16991
26873,17060
26874,15128
26875,15634
26877,16852
26878,17271
26879,17275
26880,17276
26881,17277
26882,17272
26883,16965
26884,16056
26885,16795
26886,17228
26887,17226
26888,17145
26889,16666
26890,16784
26891,16853
26892,17212
26893,17064
26894,17072
26895,324
26896,324
26897,13627
26898,17230
26899,16644
26900,17287
26901,17242
26902,17299
26903,16879
26904,17135
26905,17145
26906,16832
26907,17148
26908,17148
26909,17151
26910,16873
26911,16512
26912,16863
26913,16667
26914,17314
26915,16718
26916,17241
26917,17208
26918,17220
26919,16900
26920,16460
26921,17280
26922,17029
26923,17030
26924,17159
26925,17159
26926,17206
26927,16759
26928,14451
26929,17333
26930,17336
26931,16704
26932,17335
26933,17209
26934,14916
26935,6279
26936,16658
26937,16658
26938,16812
26939,16812
26940,16846
26941,17312
26942,17122
26943,16658
26944,16906
26945,17283
26946,17283
26947,17245
26948,16902
26949,16105
26950,16873
26951,16512
26952,16873
26953,17134
26954,16806
26955,17320
26956,17330
26957,17329
26958,17326
26959,16404
26960,17054
26961,17332
26962,16403
26963,15727
26964,16820
26965,17298
26966,16478
26967,16478
26968,16478
26969,12955
26970,12955
26971,17211
26972,
26973,13627
26974,17002
26975,17002
26976,17313
26977,17331
26978,17340
26979,17274
26980,17274
26981,16882
26982,16840
26983,17348
26984,17095
26985,15781
26986,17287
26987,16644
26988,17230
26989,17208
26990,17299
26991,17242
26992,17201
26993,17343
26994,17238
26995,17300
26996,17344
26997,17145
26998,17122
26999,17343
27000,16812
27001,17300
27003,17145
27004,17095
27005,17209
27007,17265
27008,17265
27009,17266
27012,17265
27019,17649
27022,17333
27023,17308
27024,17365
27025,17146
27027,17302
27028,17303
27029,17304
27030,17305
27031,17306
27032,17015
27033,17047
27035,17047
27036,17047
27037,16764
27038,16904
27039,16793
27040,16823
27041,17072
27042,
27043,
27044,12438
27045,12203
27046,12438
27047,
27048,
27049,16357
27050,17144
27051,
27052,17230
27053,15041
27054,12549
27055,16358
27056,15959
27057,
27058,
27059,
27060,17209
27061,14451
27062,
27063,
27064,
27065,
27066,14592
27067,
27068,7427
27069,12532
27070,14916
27071,
27072,16357
27073,16636
27074,17365
27075,17208
27076,17242
27077,17299
27078,16806
27079,16644
27080,17230
27081,16744
27082,17403
27083,17369
27084,16882
27085,17274
27086,16667
27087,17309
27088,17148
27089,16530
27090,16460
27091,17274
27092,16759
27093,17149
27094,17052
27095,16990
27096,17028
27097,17358
27098,14916
27099,17357
27100,13619
27101,13834
27102,16725
27103,17243
27104,16499
27105,16562
27106,16554
27107,16585
27108,16583
27109,17372
27110,17293
27111,17292
27112,17291
27113,17406
27114,17407
27115,6279
27116,12780
27117,17128
27118,17341
27121,17405
27122,17327
27123,17328
27124,17193
27125,13598
27126,17408
27127,17409
27128,17377
27129,16923
27130,16814
27131,17382
27132,17381
27133,17379
27134,17378
27135,17376
27136,17122
27137,17274
27138,17383
27139,17380
27140,17379
27141,17377
27142,17375
27143,16658
27144,17393
27145,17251
27146,17274
27147,17368
27148,17396
27149,15782
27150,17410
27151,17410
27152,17414
27153,17413
27154,
27155,
27156,
27157,
27158,
27159,
27160,
27161,
27162,
27163,
27164,
27165,
27166,
27167,
27168,15317
27169,17059
27170,17428
27171,17395
27174,17208
27175,17418
27176,17243
27177,17326
27178,17412
27179,
27180,6279
27181,17339
27182,17355
27183,16482
27184,17209
27185,17388
27186,17415
27187,17373
27188,17055
27189,17058
27190,17416
27191,17416
27192,17099
27193,17342
27195,17311
27196,17367
27197,17377
27198,16667
27199,16658
27200,17377
27201,16667
27202,17425
27203,17095
27204,17095
27205,17386
27206,17349
27210,14839
27211,17356
27212,17345
27213,17346
27214,17352
27216,16938
27218,17420
27219,16764
27220,16922
27221,17430
27222,17431
27223,17435
27224,16838
27225,16827
27226,16842
27227,16875
27228,16829
27229,16836
27230,16690
27232,17122
27233,17432
27234,17434
27235,14839
27236,14839
27237,14839
27238,14838
27239,14838
27240,14838
27241,17391
27242,17417
27245,17436
27247,17437
27250,17359
27251,15074
27252,17362
27253,17363
27254,17364
27255,17429
27256,17299
27257,17242
27258,16483
27261,17159
27262,17159
27263,17219
27264,
27265,16105
27267,17451
27268,17416
27269,17409
27271,16812
27272,16667
27273,16667
27274,17376
27275,16843
27276,17442
27277,17450
27278,16875
27279,16875
27280,14804
27281,17309
27282,17220
27283,17148
27284,16530
27285,17440
27286,17328
27287,17264
27288,12955
27289,17203
27290,17299
27291,16403
27292,17449
27293,17444
27294,17374
27295,17334
27296,17443
27298,17424
27299,17316
27300,17315
27301,17015
27302,17410
27303,17426
27304,17441
27305,17176
27306,15955
27307,17369
27308,17369
27309,16780
27310,16783
27311,16783
27312,16783
27314,16783
27315,17402
27316,17461
27317,15025
27318,17494
27319,6279
27320,14916
27321,15096
27322,12780
27324,17469
27325,16923
27326,17376
27327,16814
27328,17456
27329,17457
27330,17458
27331,17460
27332,17455
27333,17455
27334,15634
27335,17018
27336,15129
27337,17468
27338,17310
27339,10641
27340,17467
27341,17459
27342,17058
27343,17195
27344,17194
27345,17072
27346,16704
27347,16460
27348,15778
27349,15778
27350,17477
27351,15277
27352,17374
27353,17396
27354,16403
27355,17332
27356,17449
27357,17148
27358,17136
27359,17377
27360,17377
27361,16814
27362,17381
27363,17154
27364,17465
27365,15025
27366,16483
27367,17450
27368,17274
27369,16842
27370,16884
27371,16848
27372,16880
27373,16904
27374,16827
27375,16836
27376,17095
27379,17475
27380,17475
27381,17475
27383,17473
27384,17313
27387,17468
27388,17468
27389,17486
27391,16935
27392,16937
27393,16940
27399,16946
27400,16947
27401,17454
27402,17499
27403,17452
27404,17497
27405,17496
27406,17474
27407,17156
27408,16814
27409,17178
27410,16667
27412,17375
27413,16667
27414,17493
27415,17416
27416,17422
27417,15317
27418,12438
27419,16876
27420,17378
27421,17310
27422,17521
27423,17516
27424,16806
27425,17208
27426,17299
27427,17514
27428,17515
27429,17375
27430,16667
27431,12782
27432,17525
27433,17525
27434,17523
27435,12782
27436,17523
27437,17443
27438,17386
27439,16403
27440,15881
27441,17429
27442,17445
27443,17210
27444,17210
27445,17446
27446,17504
27447,15277
27448,16460
27449,17024
27450,17024
27451,17529
27452,17181
27453,17247
27454,17209
27455,17485
27456,17490
27457,17492
27458,17223
27459,17475
27460,17095
27461,17095
27462,17095
27463,17095
27464,17095
27465,17095
27467,17095
27468,17491
27469,17487
27470,17489
27472,17107
27473,8189
27474,17500
27475,17498
27476,17524
27477,17495
27478,16487
27479,16672
27480,14494
27481,
27482,12438
27483,15317
27484,17313
27485,17333
27486,17378
27487,16667
27488,17527
27489,17375
27490,17516
27491,17514
27492,17527
27493,17527
27494,16568
27495,17505
27496,17445
27497,16667
27498,16850
27499,16658
27500,17310
27501,13619
27502,13834
27503,16658
27504,16829
27505,17377
27506,15778
27507,15778
27508,17538
27509,17476
27510,17465
27511,17465
27512,17527
27513,17374
27514,17334
27515,17429
27516,17209
27517,17223
27518,17223
27519,16794
27520,16793
27521,17304
27522,17201
27523,17529
27524,17540
27525,16916
27527,15025
27528,17541
27529,17431
27530,17469
27531,17176
27532,17386
27533,16482
27534,17422
27535,17543
27536,17208
27537,17550
27538,17283
27539,12782
27540,17514
27541,17374
27542,17443
27543,12955
27544,17531
27545,16795
27546,17266
27547,17471
27548,15902
27549,15901
27551,15904
27552,15904
27553,15907
27555,16666
27556,17526
27558,17151
27560,17148
27561,16540
27562,17417
27563,16667
27564,12143
27565,17506
27566,15955
27567,17528
27568,17542
27569,17551
27570,17525
27571,17525
27572,17525
27573,17525
27574,17525
27575,17546
27576,17552
27577,17523
27578,17072
27580,
27581,
27582,
27583,
27584,16690
27585,
27586,16357
27587,12549
27588,15958
27589,327
27590,
27591,
27592,
27593,16479
27594,16479
27595,16479
27596,16479
27597,16478
27598,16478
27599,16478
27600,16478
27601,17514
27602,17527
27603,12782
27604,15778
27605,16527
27609,17567
27610,17540
27612,15778
27613,15781
27614,17565
27615,15277
27616,17338
27617,17523
27618,12782
27619,17378
27620,12143
27621,17422
27622,17176
27623,17334
27624,17378
27625,16667
27626,17516
27627,16105
27628,16793
27629,17228
27630,17304
27631,17302
27632,17305
27633,17226
27634,17306
27635,17505
27636,17561
27637,14916
27638,16197
27639,15096
27640,16667
27641,17377
27642,16843
27643,17375
27644,17377
27645,17569
27646,17002
27647,17508
27648,17446
27649,17445
27650,17455
27651,17453
27652,17429
27653,17465
27654,17566
27655,17533
27656,17530
27657,17573
27658,17522
27659,17503
27660,17483
27661,17481
27662,17480
27663,17479
27664,17472
27665,17278
27666,17280
27667,17245
27668,16932
27669,17564
27670,17372
27671,16583
27672,16554
27673,17571
27675,
27676,
27677,17072
27678,15779
27679,15779
27680,17446
27681,17209
27683,17582
27684,17225
27685,17510
27686,17511
27687,17512
27688,17455
27689,17603
27690,17603
27691,15779
27692,17574
27693,17575
27694,17602
27695,17500
27696,8189
27697,16487
27698,17416
27699,17594
27700,17473
27701,16105
27702,17584
27703,17590
27704,17591
27706,17349
27707,17572
27708,17283
27709,15074
27710,17578
27711,17557
27712,13834
27713,17579
27714,17556
27715,17558
27716,17592
27717,17128
27718,17271
27719,16585
27723,15782
27727,15786
27728,17570
27729,17473
27730,15777
27731,15777
27733,15784
27734,15784
27735,15785
27736,15785
27737,15785
27738,15785
27739,
27740,
27741,
27742,
27743,
27744,17607
27745,16568
27746,17024
27747,17445
27748,17527
27750,17446
27751,17441
27752,16685
27753,17602
27754,17605
27755,17605
27769,17581
27770,17605
27772,17611
27773,16487
27774,8189
27775,17500
27776,17498
27777,17159
27778,16690
27779,17524
27780,17560
27781,17616
27782,17615
27783,16865
27784,16896
27785,17627
27786,17627
27787,16774
27788,14836
27789,14836
27790,17628
27791,17629
27792,17258
27793,17609
27794,17610
27797,
27798,6279
27799,17583
27800,17588
27801,17089
27802,17090
27803,17173
27804,17082
27805,16626
27807,17631
27808,15864
27809,17608
27810,17613
27811,17616
27812,17580
27813,17585
27815,17249
27816,17630
27817,17433
27818,17315
27819,17494
27820,16399
27821,17156
27822,17475
27823,12143
27824,
27825,5559
27826,13627
27827,17024
27828,17527
27829,17574
27830,17662
27831,17660
27832,17646
27833,17575
27834,17479
27835,13619
27836,13834
27837,12438
27838,17480
27839,16549
27840,17678
27841,17654
27842,17446
27843,17183
27844,17181
27845,17247
27846,17483
27847,17587
27848,17684
27849,17292
27850,17682
27851,17683
27852,17675
27853,17416
27854,
27855,15789
27856,
27857,17374
27858,17607
27859,17694
27860,17693
27861,17700
27862,17679
27863,17636
27864,15129
27866,
27867,15096
27868,17462
27869,17635
27870,17481
27871,17703
27872,17429
27873,17209
27874,
27875,15818
27876,
27878,
27879,
27880,16357
27881,15957
27882,17268
27883,13627
27884,12955
27885,17587
27886,17663
27887,17635
27888,17607
27889,17374
27890,17443
27891,17446
27892,17575
27893,17574
27894,17592
27895,17247
27896,17183
27897,17181
27898,17717
27899,17705
27900,15779
27901,17677
27902,17541
27903,17571
27904,17200
27905,17718
27906,17159
27907,17258
27908,17363
27909,17704
27910,17722
27911,17723
27912,17664
27913,17674
27914,17674
27915,17524
27916,17708
27917,15783
27918,
27919,17257
27920,17721
27921,13834
27922,17660
27923,17646
27924,8189
27925,17632
27926,17615
27927,17560
27928,16690
27929,16487
27930,16608
27931,16623
27937,17703
27939,10500
27940,16500
27941,17724
27942,17725
27943,17713
27944,17316
27945,17533
27947,17672
27948,17726
27949,17732
27950,17265
27951,17678
27952,17446
27953,15634
27954,17491
27955,17490
27956,17634
27957,15129
27959,17622
27960,17562
27961,17563
27962,17589
27963,17703
27964,17072
27965,
27967,327
27972,
27973,11191
27974,16549
27976,
27977,17712
27978,17695
27979,17722
27980,17696
27981,17697
27982,17734
27983,17759
27984,17737
27985,17666
27986,17667
27987,17669
27988,17671
27989,17690
27990,17715
27991,17729
27992,17704
27993,17731
27994,17730
27995,17124
27996,15783
27997,15783
27998,17327
27999,17752
28000,17735
28001,17762
28002,17758
28003,17592
28004,
28005,
28006,17680
28007,17731
28008,17311
28009,17618
28010,17716
28011,17688
28012,17728
28013,17727
28014,17760
28015,17699
28016,17595
28017,17665
28018,17689
28019,16533
28020,17627
28021,17687
28022,12143
28023,17001
28024,17649
28025,17649
28026,17647
28027,17650
28033,17657
28034,17656
28035,17655
28036,17653
28037,17652
28038,17651
28039,17658
28040,17661
28041,17588
28042,17267
28043,16540
28044,17777
28046,16751
28047,17768
28048,17050
28049,17050
28051,18250
28052,17754
28053,17773
28056,17609
28057,
28058,
28059,16028
28060,16027
28061,16026
28062,16025
28063,16024
28064,
28065,
28066,
28067,
28068,
28069,11191
28070,
28071,16549
28072,
28073,
28074,17735
28075,17537
28076,17755
28078,17761
28079,17607
28080,17592
28081,17592
28082,17592
28083,17607
28084,17678
28085,17804
28086,17723
28087,17763
28088,17784
28089,17238
28090,17774
28091,17774
28092,17533
28093,17530
28094,17812
28095,17813
28096,17735
28097,17806
28098,17806
28099,17785
28100,17698
28101,17698
28102,17152
28103,17152
28104,17152
28108,17384
28109,17384
28110,17384
28111,17384
28113,17384
28114,17384
28115,17706
28116,17436
28117,17405
28118,17769
28119,17769
28120,17048
28122,17048
28123,17048
28124,17048
28125,17327
28126,17813
28127,16384
28128,14916
28129,17244
28130,16383
28131,17616
28132,17646
28133,15634
28134,17816
28135,17814
28136,17658
28139,17814
28140,17814
28141,17770
28142,17724
28143,17815
28144,17633
28145,17696
28147,17817
28148,16941
28149,16943
28150,16944
28151,16945
28152,17598
28153,17786
28154,16935
28155,17597
28156,17599
28157,17691
28158,17673
28159,17513
28160,17371
28161,17625
28162,17624
28163,17817
28164,16533
28165,17153
28167,17819
28169,17821
28171,17810
28172,17730
28180,17660
28181,17765
28183,17634
28184,17565
28185,17551
28186,17778
28187,17602
28188,17811
28189,17811
28190,17809
28191,17730
28192,17280
28193,17799
28194,
28195,5559
28196,13627
28197,12438
28198,
28199,17696
28200,17770
28201,17607
28202,17804
28203,15778
28204,15777
28205,15781
28206,15784
28207,17721
28208,17557
28209,13619
28210,13834
28211,17482
28212,17790
28213,17731
28214,17789
28215,17703
28216,14916
28217,17842
28218,17848
28219,17844
28220,17846
28221,17845
28222,17843
28223,17124
28224,16996
28226,17838
28227,17840
28228,17840
28229,16965
28230,
28231,17867
28232,17867
28233,17843
28234,17703
28235,17855
28236,17668
28237,17853
28238,17852
28239,17854
28240,17723
28241,17720
28242,17210
28243,16942
28244,17606
28245,14916
28246,6279
28247,
28248,16357
28249,17645
28250,12549
28251,14494
28252,12909
28253,17878
28254,17853
28255,17814
28256,17698
28257,17871
28258,17722
28259,17864
28260,17773
28261,17530
28262,17001
28263,17754
28264,17533
28265,17611
28266,17778
28268,16533
28269,16530
28270,
28271,17153
28272,17863
28273,17863
28274,17598
28275,17696
28276,17690
28277,17124
28278,17875
28279,17630
28280,17801
28281,9049
28282,9049
28283,17770
28286,17721
28287,12955
28288,17827
28289,17901
28290,17900
28291,17887
28292,17874
28293,17814
28295,17210
28296,17446
28297,16994
28298,15778
28299,15777
28300,15782
28301,15781
28302,15782
28303,15786
28306,15776
28307,17271
28308,15783
28310,17806
28312,17647
28315,17159
28316,17806
28317,16487
28319,
28320,
28322,
28323,
28324,
28325,15789
28326,
28327,14535
28328,
28330,13627
28331,17268
28332,16357
28333,14494
28334,
28335,
28336,16549
28337,14535
28338,
28339,17905
28340,17724
28341,17904
28342,17843
28343,17875
28344,16533
28345,12782
28346,17861
28347,17837
28348,15779
28349,17349
28350,17634
28351,15129
28352,15634
28353,16922
28354,17730
28355,17698
28356,17462
28357,17124
28358,17384
28359,17152
28360,17124
28361,17839
28362,17830
28363,17829
28364,17829
28365,17868
28366,17856
28367,17856
28368,15144
28369,15144
28370,15145
28371,15145
28372,15146
28373,15146
28374,15147
28375,17456
28376,17460
28377,17457
28378,17455
28379,17565
28380,17709
28381,17836
28382,15148
28383,15149
28384,17576
28385,17576
28386,17761
28387,17855
28388,17311
28389,17422
28390,16542
28391,17675
28392,17913
28393,17871
28394,17934
28395,17922
28396,17902
28397,17625
28398,17624
28399,17623
28400,16865
28401,17873
28402,17615
28403,17524
28404,16690
28405,17764
28406,16623
28407,16608
28408,17575
28409,17805
28410,17808
28411,17535
28412,17535
28413,17953
28414,17909
28415,17632
28416,17267
28417,17941
28418,17257
28419,17384
28420,17471
28421,17824
28422,17833
28423,17832
28424,17951
28425,17950
28426,17948
28427,17947
28428,17946
28429,17944
28430,17945
28431,17943
28432,17942
28433,17879
28434,17865
28435,17860
28436,17940
28437,17937
28438,17914
28439,17676
28440,17788
28441,17704
28442,17210
28443,17720
28444,17814
28445,17814
28446,
28447,10547
28448,14535
28449,
28450,
28451,
28452,17637
28453,16549
28454,14494
28455,
28456,17871
28457,15789
28458,
28459,10547
28460,16725
28461,17880
28462,17144
28463,17244
28464,6279
28465,6279
28466,
28467,17533
28468,17823
28469,17960
28470,17935
28471,17936
28472,17938
28473,17080
28475,17080
28476,17080
28477,13484
28478,17161
28479,17847
28480,17847
28481,17847
28482,17847
28484,17847
28485,17124
28486,17588
28487,17925
28488,17925
28489,17925
28490,17925
28491,17926
28502,17932
28503,17932
28505,17933
28507,17791
28508,17791
28509,17791
28510,17791
28511,17792
28512,17792
28517,17961
28518,17813
28519,17875
28520,17813
28521,17386
28522,17967
28523,15277
28524,17885
28525,17283
28526,17955
28527,17362
28528,17578
28529,17245
28530,17436
28531,17861
28532,17923
28533,16383
28534,17327
28535,6279
28536,14916
28537,
28538,11191
28539,
28540,17880
28541,12438
28543,
28544,
28546,13627
28547,17952
28548,17887
28549,17814
28550,17814
28551,17720
28552,17210
28553,17210
28554,17446
28555,17854
28556,17862
28557,17911
28558,17924
28559,17857
28560,17858
28561,17859
28562,17866
28563,17756
28564,15903
28565,17706
28566,17876
28567,17877
28569,17877
28570,17899
28571,17906
28572,18247
28573,17974
28574,18249
28575,16900
28576,17771
28578,17031
28579,17031
28580,17032
28581,17035
28582,17034
28584,17037
28586,17984
28587,12203
28588,13619
28589,13834
28590,
28591,17988
28592,17152
28593,17152
28594,10547
28595,17869
28597,
28598,327
28601,
28602,
28603,
28604,14759
28605,
28607,17808
28608,17991
28609,17417
28610,17417
28611,17863
28612,7427
28613,17462
28614,17910
28615,17910
28616,17533
28617,18002
28618,18002
28619,14928
28620,17152
28621,15779
28622,15786
28623,17462
28624,17462
28625,17477
28626,17384
28628,16530
28629,17384
28630,17151
28632,17814
28633,17814
28634,17210
28635,17210
28636,17962
28637,17962
28638,
28639,14494
28640,
28641,409
28642,
28643,
28645,18011
28646,18015
28647,17905
28648,17663
28649,18012
28650,17726
28651,17386
28652,17732
28653,17384
28654,17632
28655,16865
28656,17208
28657,16690
28658,17983
28659,17963
28660,17462
28661,15783
28662,18036
28663,17154
28664,18036
28665,18033
28666,18030
28667,18037
28668,18035
28669,18035
28670,18014
28671,18003
28672,18003
28673,15783
28674,15783
28676,18008
28677,17921
28678,16935
28679,17992
28680,17695
28681,17455
28682,16720
28683,17995
28685,17993
28686,18013
28687,17865
28688,14836
28689,17968
28690,17820
28691,18002
28692,17985
28693,17627
28694,18004
28695,17994
28696,17994
28697,18040
28698,18021
28699,18007
28700,18009
28701,18032
28702,18043
28703,17754
28704,17405
28706,17615
28707,17765
28708,17980
28709,17979
28710,17982
28711,6279
28712,17998
28713,
28714,18047
28715,
28716,
28717,
28718,
28719,
28720,
28721,13627
28722,17648
28723,17648
28724,17648
28725,17648
28726,17648
28727,17648
28728,17648
28729,17648
28730,17648
28731,17648
28732,17648
28733,17648
28734,17649
28735,18003
28736,17599
28737,17597
28738,17598
28739,18006
28741,18017
28742,18018
28743,18024
28744,17349
28745,12955
28746,17979
28747,14916
28748,17880
28749,16549
28750,
28751,
28752,18054
28753,17952
28754,17080
28755,18010
28756,18055
28757,17696
28758,18058
28759,18059
28760,17773
28761,17462
28762,18036
28763,18057
28764,18057
28765,18052
28766,18051
28767,17513
28768,17673
28769,18050
28770,18050
28771,18049
28772,17327
28773,18039
28774,17602
28775,16313
28776,16533
28778,17153
28779,17575
28780,18002
28781,18037
28782,18035
28783,14539
28784,17558
28785,14451
28786,16293
28787,18053
28788,17902
28789,16666
28790,18065
28791,18063
28792,17959
28793,14916
28794,17875
28795,17813
28796,18047
28797,16549
28798,15782
28799,17898
28800,17898
28801,17888
28802,17890
28803,17890
28804,17891
28805,17892
28806,17893
28807,17894
28808,17894
28809,17896
28810,17896
28811,17896
28812,17896
28813,17896
28814,17896
28815,18045
28816,18047
28817,18067
28818,18043
28819,18044
28820,16751
28821,18034
28822,16197
28823,17831
28824,17915
28825,17918
28826,17072
28827,
28828,
28829,7427
28830,14494
28831,16357
28832,17645
28833,12549
28834,10547
28835,
28837,13627
28838,18050
28839,18058
28840,18088
28841,17911
28844,18100
28845,18100
28847,18100
28851,18093
28852,17919
28853,17919
28854,17698
28855,17462
28856,12782
28857,17455
28858,18032
28859,17726
28861,18086
28862,18083
28863,18082
28864,18081
28865,18050
28866,18080
28867,18079
28868,18078
28869,18077
28870,18076
28871,18014
28872,17730
28873,17384
28874,17730
28875,17384
28876,17152
28877,17680
28878,17997
28879,17978
28880,17626
28881,17977
28882,17976
28883,18115
28884,17986
28885,17615
28886,17632
28887,17916
28888,17524
28889,18114
28890,18089
28891,18090
28892,18091
28893,17975
28894,18071
28895,18068
28896,17935
28897,18118
28898,17924
28899,18066
28900,18117
28901,17876
28902,17153
28903,17699
28904,15907
28905,17909
28906,17675
28907,18110
28908,17909
28909,17675
28910,
28911,17637
28912,
28913,16549
28914,
28917,18116
28918,18058
28919,18134
28920,18132
28921,17902
28922,18117
28923,16690
28924,17632
28925,18050
28926,17885
28927,17676
28928,17726
28929,17921
28930,16720
28931,
28932,17885
28933,17814
28934,18021
28935,17698
28936,18036
28937,18050
28938,18036
28939,18065
28940,18065
28941,18052
28942,18052
28943,17124
28944,15778
28945,15777
28947,18009
28948,15774
28949,15774
28951,15783
28952,18146
28953,13619
28954,13834
28955,18032
28957,18142
28958,17765
28959,17152
28960,18135
28961,18035
28962,18035
28963,16623
28964,16608
28965,17371
28966,16626
28967,17764
28968,18006
28969,18143
28970,18044
28971,18138
28972,18144
28973,18145
28974,18046
28975,18140
28976,18137
28977,17513
28978,18151
28980,
28981,
28982,14592
28983,
28984,
28985,13627
28986,11191
28987,17673
28988,17726
28989,18038
28990,18026
28991,17632
28992,18068
28993,15882
28994,12782
28995,18148
28996,18154
28997,18166
28998,18153
28999,18165
29000,18164
29001,18163
29002,18162
29003,18159
29004,
29005,18152
29006,17210
29007,17854
29008,18059
29009,17969
29010,17969
29011,16479
29012,16478
29013,18002
29014,17885
29015,17903
29016,18037
29017,18062
29018,16865
29019,17257
29021,17649
29022,18136
29023,17925
29024,18016
29025,17649
29026,18016
29027,16487
29028,18177
29029,18149
29030,17898
29031,
29032,
29033,3486
29034,
29035,12438
29036,18121
29037,18085
29038,18085
29039,17964
29040,17964
29041,17210
29042,17627
29043,18107
29044,18107
29046,18108
29048,18109
29050,18065
29051,18065
29052,18035
29053,18035
29054,
29055,18033
29056,12782
29057,18196
29058,18194
29059,18194
29060,18193
29061,18180
29062,18179
29063,15783
29064,18197
29065,18191
29066,17730
29067,18176
29068,14451
29069,18170
29070,18200
29071,18002
29072,18168
29073,18190
29074,17696
29075,18187
29076,18187
29078,18188
29079,18185
29080,14910
29081,17925
29082,18149
29083,18250
29084,17650
29085,17384
29086,17384
29087,12955
29088,17152
29089,15782
29090,865
29091,
29092,
29093,15957
29094,18111
29095,17998
29096,17885
29097,16720
29098,14451
29099,
29100,
29101,18112
29102,
29103,
29104,6279
29105,17389
29107,17387
29108,15782
29109,17354
29110,17353
29111,17733
29114,16725
29115,18044
29116,18065
29117,18057
29118,18035
29119,18033
29120,18033
29121,15785
29122,15781
29124,18202
29125,18202
29126,17980
29127,18208
29128,18208
29129,17969
29130,17969
29131,18149
29132,17917
29133,17917
29134,17917
29135,17917
29139,18171
29140,18171
29141,18186
29142,18198
29143,17998
29144,16634
29146,16901
29147,17616
29148,17513
29149,16623
29150,17371
29151,17673
29152,16626
29153,17764
29154,15785
29155,15783
29156,16487
29157,18083
29158,18077
29159,18076
29160,18080
29161,17067
29162,18173
29163,17627
29164,18207
29165,18178
29166,18181
29167,18219
29168,18203
29169,17993
29172,17996
29173,17696
29174,18254
29175,18205
29176,18205
29177,18206
29178,18209
29179,18059
29180,18059
29181,17384
29182,17384
29183,18199
29184,18199
29185,18246
29186,17159
29187,18252
29188,17580
29189,17210
29190,17893
29191,18190
29192,
29193,
29194,
29195,
29196,
29197,16475
29198,12438
29199,
29200,
29201,17389
29202,17359
29203,18071
29204,18254
29205,16330
29206,16330
29207,17969
29208,14910
29209,18272
29210,18271
29211,18274
29212,17384
29213,18050
29214,18050
29215,18269
29216,18037
29217,18037
29218,18035
29219,18033
29220,17863
29221,17462
29222,17462
29223,17154
29224,17885
29225,17210
29226,18021
29227,15774
29228,18038
29229,17854
29230,16487
29231,18141
29232,15192
29233,18211
29234,18212
29235,18214
29236,18213
29237,18213
29238,18278
29239,18000
29240,17614
29241,17244
29242,17224
29243,17224
29246,17360
29247,18258
29248,18279
29249,18273
29250,18257
29251,18244
29252,18243
29253,18242
29254,18241
29255,17323
29256,17321
29257,17894
29259,10547
29260,
29261,15789
29262,
29263,13627
29264,17998
29265,15776
29266,18107
29267,18108
29268,18282
29269,17565
29270,17459
29271,12782
29272,17854
29273,16487
29274,18050
29275,18050
29276,18263
29277,18263
29278,18263
29279,18263
29280,18263
29289,15906
29290,17257
29291,17484
29292,17899
29293,18088
29294,18044
29295,15737
29296,18289
29297,18281
29298,13619
29299,13834
29300,16297
29301,16776
29302,17857
29303,17995
29304,14916
29305,17925
29306,17847
29307,18291
29308,18290
29309,
29314,
29315,16974
29317,
29318,327
29319,
29320,13627
29321,16549
29322,11191
29323,18278
29324,18039
29325,18039
29326,17752
29327,16330
29328,18292
29329,18292
29330,18294
29331,17698
29332,17698
29333,16623
29334,18279
29335,18298
29336,18299
29337,17791
29338,17791
29339,17791
29341,18295
29342,18293
29343,18300
29345,17384
29346,18303
29347,
29348,18278
29349,17990
29350,13627
29351,15317
29352,14494
29353,16357
29354,17903
29355,17980
29356,15277
29357,17903
29358,18286
29359,
29360,
29361,
29362,
29363,
29364,
29365,
29366,
29367,
29368,
29369,
29370,
29371,13627
29372,983
29373,
29374,
29375,16725
29376,17652
29377,14910
29378,16330
29379,18318
29380,14910
29381,18285
29382,18210
29383,18326
29384,18326
29385,18317
29386,18268
29387,18184
29388,18037
29389,18036
29390,18321
29391,18330
29392,18241
29393,
29394,17281
29395,
29396,18318
29397,18285
29398,18019
29399,17854
29400,18299
29401,17895
29402,10547
29403,13627
29404,14916
29405,6279
29406,5489
29407,17880
29408,16954
29409,15317
29410,7427
29411,18107
29412,18108
29413,18021
29414,17210
29415,15777
29416,15781
29417,15786
29418,15786
29419,17847
29420,15784
29421,17863
29422,18326
29423,15785
29424,15783
29425,15774
29426,17847
29427,17903
29428,18210
29429,18321
29430,18211
29431,18214
29432,18319
29433,15779
29434,17969
29435,18243
29436,18241
29437,17321
29438,15727
29439,18112
29440,17925
29444,18264
29445,18264
29446,18262
29447,18262
29448,18264
29449,18262
29450,18262
29451,17384
29454,18109
29455,17606
29456,18308
29457,18307
29458,18306
29459,18305
29460,18343
29461,18342
29462,18341
29463,18324
29464,18323
29465,18322
29467,17577
29468,18156
29469,15142
29470,15139
29472,18064
29473,17604
29474,15137
29475,15141
29476,18332
29477,15155
29478,15143
29479,15132
29480,15130
29481,15131
29482,17535
29483,18351
29484,18248
29485,13012
29486,
29487,
29488,13627
29489,983
29490,
29491,
29492,
29493,
29494,
29495,14494
29496,
29497,17880
29498,17647
29499,17638
29500,17638
29501,17813
29502,18039
29503,17925
29506,17773
29507,17001
29508,18093
29509,18319
29510,18319
29512,18319
29513,18319
29514,18319
29515,10547
29516,18065
29517,16627
29518,18065
29519,17632
29520,15785
29521,15785
29522,18045
29523,15785
29524,18338
29525,18050
29526,18050
29527,18036
29528,17698
29529,17462
29530,15783
29531,15774
29532,15774
29533,15784
29534,13619
29535,13834
29536,17462
29537,18184
29538,17384
29539,17647
29540,17650
29541,17648
29542,17648
29543,17652
29544,17657
29545,17656
29546,17655
29547,17651
29548,17659
29549,17658
29551,17661
29552,18360
29553,17072
29554,7427
29555,15317
29556,
29557,18169
29558,18319
29559,18210
29560,18021
29561,18326
29562,18050
29563,18050
29564,15783
29565,18215
29566,18215
29567,17863
29568,15785
29570,17159
29571,17987
29572,15192
29573,18309
29574,15785
29575,17210
29576,17638
29577,17969
29578,18292
29579,18390
29580,15774
29581,15774
29582,18050
29583,18050
29584,17154
29585,17847
29586,15773
29588,15773
29589,18326
29590,18208
29591,18202
29593,18387
29594,18285
29596,17210
29597,17210
29598,18391
29599,17766
29600,18404
29601,18404
29602,18404
29603,18393
29604,18401
29605,18400
29606,18402
29607,18403
29608,18395
29609,18394
29610,18396
29611,18397
29612,18398
29613,18399
29614,18388
29615,18358
29616,18389
29617,16901
29618,9506
29619,16690
29620,17154
29621,17577
29622,16030
29623,16126
29624,17210
29625,18002
29626,14910
29627,14424
29628,17615
29629,17896
29630,18405
29631,15785
29632,17154
29633,17647
29634,17650
29635,17649
29636,15785
29637,18178
29638,18209
29639,18185
29640,9506
29641,18356
29642,17072
29643,14916
29644,18190
29645,18412
29646,17931
29647,17847
29648,15773
29649,15783
29650,15783
29651,15783
29652,18326
29653,15774
29654,18050
29655,15139
29656,16621
29657,16621
29658,18391
29659,15773
29660,17847
29661,18326
29662,18050
29663,18408
29664,18167
29665,17997
29666,15778
29667,15777
29668,15781
29669,15786
29670,18215
29671,18330
29672,18084
29673,18362
29674,18387
29675,18387
29676,17680
29677,18350
29678,18340
29679,15779
29680,15779
29681,15784
29682,15773
29683,15774
29684,15774
29685,13619
29686,13834
29687,18212
29688,18383
29689,18383
29690,18056
29691,18056
29692,18311
29693,18420
29694,16720
29695,18263
29696,17995
29697,17996
29698,18284
29699,18424
29700,18423
29701,18422
29702,15783
29703,15779
29704,15773
29705,15777
29706,15781
29707,15786
29708,18359
29709,18428
29710,17210
29711,12782
29712,17895
29713,17888
29714,17894
29715,17891
29716,17892
29717,17893
29718,17898
29719,18434
29720,17210
29721,17644
29722,17649
29723,17884
29724,17210
29725,18177
29726,18290
29727,17351
29728,17353
29729,17389
29730,16901
29731,17159
29732,15130
29735,17766
29736,17766
29737,18198
29738,18439
29739,18406
29740,15074
29741,18424
29742,18422
29743,18423
29744,17931
29745,17931
29746,17931
29747,17896
29748,17847
29749,15779
29750,15773
29751,15773
29752,18050
29753,12782
29754,18445
29755,18445
29756,18434
29757,18434
29759,18433
29760,18433
29761,18430
29762,18430
29763,18431
29764,16720
29765,18206
29766,18188
29767,18292
29768,18437
29769,18437
29770,18435
29771,18435
29772,18435
29775,15774
29776,17649
29777,18328
29778,18403
29779,18403
29780,15130
29781,18395
29782,18397
29783,18399
29784,18441
29785,17658
29786,17661
29787,17661
29788,17658
29789,17648
29790,17657
29791,17655
29792,17653
29793,17612
29794,17612
29795,18348
29796,17593
29797,18380
29798,18123
29799,18288
29800,18122
29801,17987
29802,13849
29803,18080
29804,18077
29805,18076
29806,18314
29807,18312
29808,18312
29810,18312
29811,18189
29812,18189
29813,15779
29814,15784
29815,15777
29816,18125
29817,18126
29818,18131
29819,15783
29820,15783
29821,18350
29822,18338
29823,17526
29824,17564
29825,15141
29826,15131
29827,18426
29828,18407
29829,18167
29830,15737
29831,16665
29832,18088
29833,17644
29834,17884
29835,17644
29836,14916
29837,18044
29838,17969
29839,17969
29840,18448
29841,18389
29842,15786
29843,18326
29844,17411
29845,17659
29846,17656
29847,17658
29848,17649
29849,18328
29850,14451
29851,14451
29852,18326
29853,18451
29854,18451
29855,17577
29856,18156
29857,18156
29858,15137
29859,15139
29860,15143
29861,15142
29863,18454
29864,17754
29865,18382
29866,18455
29867,18128
29868,
29869,18124
29870,18127
29871,18447
29872,17244
29873,15317
29874,12955
29875,12955
29876,18460
29877,18461
29878,18385
29879,17676
29880,18316
29881,18379
29882,18372
29883,17805
29884,17980
29885,18440
29886,18440
29887,18133
29888,18453
29889,13849
29890,17649
29891,17997
29892,17997
29893,18389
29894,18106
29895,18461
29896,18461
29897,18445
29899,15785
29900,15785
29901,15773
29902,18465
29903,18326
29904,15774
29905,15774
29906,18368
29907,18312
29908,18369
29909,18369
29910,18369
29911,18369
29912,18369
29913,18369
29914,18369
29915,18369
29916,18369
29922,18471
29923,17612
29924,17657
29925,17655
29926,17653
29927,17652
29928,17651
29929,17648
29930,18473
29931,18396
29932,
29933,
29934,17791
29935,17791
29936,17791
29937,17792
29938,17792
29939,17792
29940,17794
29941,17794
29942,17795
29943,15137
29944,15137
29945,16720
29946,15141
29947,18464
29948,18467
29949,18468
29950,17526
29951,18201
29952,18371
29953,17916
29954,18079
29955,18081
29956,18078
29957,18457
29958,18458
29959,15785
29960,18466
29961,18344
29962,18345
29963,18346
29965,18188
29966,18410
29967,18414
29968,17752
29969,18456
29970,18039
29971,18039
29972,18469
29973,18470
29974,18477
29975,18478
29977,18254
29978,14547
29979,18310
29980,18104
29981,18105
29982,18472
29983,18373
29984,18354
29985,
29986,18394
29987,
29988,18488
29989,18486
29990,17886
29991,18484
29992,18485
29993,13619
29994,13834
29995,18461
29996,15142
29997,18404
29998,17072
29999,14916
30000,18249
30001,18490
30002,18189
30003,17233
30004,18500
30005,17665
30006,18063
30007,18487
30008,15785
30009,18326
30010,15785
30011,18497
30012,18495
30013,15783
30014,15137
30015,18484
30016,
30017,17151
30018,18437
30019,15774
30020,18499
30021,18485
30022,18461
30023,18411
30024,15773
30025,18503
30026,18503
30027,12189
30028,10547
30029,15419
30030,18472
30031,18208
30032,18202
30033,18088
30034,17877
30035,18404
30036,18250
30037,18497
30038,18506
30039,18405
30040,17931
30041,17932
30042,17932
30043,17933
30045,17933
30046,18508
30047,18472
30048,18472
30049,18499
30050,18410
30051,18189
30052,15785
30053,15785
30054,15773
30055,18505
30056,18504
30057,18504
30058,18503
30059,18404
30060,14910
30061,14910
30062,14910
30063,17644
30064,14451
30065,17884
30066,18442
30067,17616
30068,18347
30069,18507
30070,18440
30071,18441
30072,18511
30073,18512
30074,18509
30075,18510
30076,17858
30077,17857
30078,16776
30079,17580
30080,17974
30081,16901
30082,17159
30083,18517
30084,18268
30085,18520
30086,18520
30087,18520
30088,18520
30089,17593
30090,17048
30092,18198
30093,18456
30094,18513
30095,18029
30096,18029
30099,17000
30100,18518
30101,17791
30102,18516
30103,12839
30104,18459
30105,18498
30106,15903
30107,17706
30108,18354
30109,18489
30110,18512
30111,18461
30112,18461
30113,18461
30114,18501
30115,18502
30116,13849
30117,15784
30118,15774
30119,18503
30120,15774
30121,17730
30122,16720
30123,18514
30124,18124
30125,18416
30126,18189
30128,18250
30129,17650
30130,17661
30131,17656
30132,17658
30133,17659
30134,18526
30135,18526
30136,18526
30137,18526
30138,18029
30139,17151
30140,18525
30141,16530
30142,18534
30143,18532
30144,18530
30145,18529
30146,18528
30147,18527
30148,18535
30149,18497
30150,18404
30151,16720
30152,18536
30153,12839
30154,18545
30155,16530
30156,18472
30157,17649
30158,17680
30159,18499
30160,15137
30161,18539
30162,18540
30163,18515
30164,18515
30165,18547
30166,18250
30167,18546
30168,18508
30169,18546
30170,18546
30171,15785
30172,15785
30173,17233
30174,17048
30175,17032
30176,17036
30177,18435
30178,18531
30179,18500
30180,18408
30181,18524
30182,18039
30183,18039
30184,18533
30185,18549
30186,18549
30187,18520
30188,18544
30189,18543
30190,18548
30191,18498
30192,18459
30193,18457
30194,15903
30195,15906
30196,17850
30197,16669
30198,18537
30199,18509
30200,18538
30201,17613
30202,18550
30203,18551
30204,17932
30210,17927
30211,17927
30212,17927
30213,17730
30214,17647
30215,17000
30216,18551
30217,18568
30218,14910
30219,17649
30220,18573
30221,18503
30222,18503
30223,17858
30224,17857
30225,18566
30226,18564
30227,18563
30228,18562
30229,18557
30230,18576
30231,18577
30232,17913
30233,18572
30234,18571
30237,18578
30238,18533
30239,18461
30240,18566
30241,18566
30242,18561
30243,18503
30244,18565
30245,18564
30246,18560
30247,18558
30249,18555
30250,18556
30251,18508
30252,17039
30253,17580
30254,16776
30255,18515
30256,18570
30257,17590
30258,18552
30259,18575
30260,17974
30261,18457
30262,17699
30263,17706
30264,18029
30265,18127
30266,18579
30267,15159
30268,15159
30269,13486
30270,18353
30271,15689
30272,18546
30273,18583
30274,18561
30275,18576
30276,15785
30277,18581
30278,18581
30279,18578
30280,18540
30281,18572
30282,18580
30283,14910
30284,18472
30285,17730
30286,18477
30287,18469
30288,18189
30289,18542
30290,17913
30291,18389
30292,17616
30293,18435
30294,18039
30295,18551
30296,18551
30297,18524
30300,18523
30301,18571
30302,15903
30303,17699
30304,17884
30305,13619
30306,15151
30307,18404
30308,17032
30309,18549
30310,18591
30311,
30312,18483
30313,18521
30314,18482
30315,18522
30316,18474
30317,16110
30318,
30319,18497
30320,18589
30321,18600
30322,18133
30323,18373
30324,18373
30325,17933
30326,18535
30327,18546
30328,18472
30329,14910
30330,18559
30331,12955
30332,10547
30333,18602
30334,17913
30335,18571
30336,17000
30337,18584
30338,18503
30339,18503
30340,18371
30341,15903
30342,18249
30343,17798
30345,18592
30346,17151
30347,17151
30348,18599
30349,18593
30350,17886
30351,18461
30352,17850
30353,17995
30354,17996
30355,17993
30356,18108
30357,18095
30358,18099
30359,18094
30361,18290
30362,18114
30363,18610
30364,18611
30365,18445
30366,14910
30367,16330
30368,18612
30369,18588
30370,18569
30371,18614
30372,16669
30373,18609
30374,18575
30375,18587
30376,17974
30377,18619
30378,18619
30379,18619
30380,18601
30381,18601
30382,18496
30383,18496
30384,17068
30385,11191
30386,18566
30387,18189
30388,18620
30389,18617
30390,18617
30391,18616
30392,18618
30393,18201
30394,17810
30395,17159
30396,18606
30397,18250
30398,17765
30399,18353
30400,18192
30401,
30402,18267
30403,13627
30404,
30405,
30406,15789
30407,
30408,18590
30409,7427
30410,16549
30411,17000
30412,15789
30413,
30414,
30415,18369
30417,18635
30418,17933
30419,18571
30420,18128
30421,
30422,18566
30423,14910
30424,16330
30425,18445
30426,15785
30427,18582
30428,18479
30430,15774
30432,18635
30433,18312
30434,18487
30435,18187
30436,18185
30437,18188
30438,18314
30439,18131
30440,18124
30442,18472
30443,18634
30444,14910
30445,14910
30446,18572
30447,18581
30448,18631
30449,18596
30450,15737
30451,15903
30452,18626
30454,16623
30455,18624
30456,18249
30457,17048
30459,18632
30461,18633
30464,18625
30465,17699
30466,18621
30467,18621
30468,17730
30469,17072
30470,10547
30471,
30472,18172
30473,18245
30474,
30475,14916
30476,18652
30477,15799
30478,17710
30479,16725
30480,16024
30481,16025
30482,18428
30483,16026
30484,17234
30485,16027
30486,16028
30487,16021
30488,16080
30489,16110
30490,16032
30491,
30492,10520
30493,16896
30494,
30495,6279
30496,6279
30497,
30498,
30499,
30500,
30501,12549
30502,18172
30503,17880
30504,
30505,17244
30506,18648
30507,18671
30508,15519
30509,18549
30510,18404
30511,18680
30512,18680
30513,18713
30514,18714
30515,18714
30516,17616
30517,17616
30518,18650
30519,18655
30520,18663
30521,18613
30522,18651
30523,17593
30524,17036
30525,18656
30526,18660
30527,18587
30528,18635
30529,18675
30530,18472
30531,18683
30532,17752
30533,17038
30534,18654
30535,18659
30536,18669
30537,18661
30538,14292
30539,14292
30540,14292
30542,18647
30543,18658
30544,18699
30545,14292
30546,18548
30547,18684
30548,18682
30549,15903
30550,17068
30551,18569
30552,18569
30553,18685
30554,18606
30555,18690
30556,18688
30557,17037
30558,18626
30559,18666
30560,18665
30561,18662
30562,18687
30563,18499
30564,18670
30565,18672
30566,18677
30567,18679
30568,18679
30569,18668
30570,18649
30571,16027
30572,16024
30573,16025
30574,16026
30575,14292
30576,14292
30577,14292
30578,18681
30579,18678
30580,18678
30581,11191
30582,
30583,7427
30584,13627
30585,
30586,
30587,
30588,
30589,
30590,15957
30591,409
30592,12142
30593,
30594,
30595,
30596,
30597,
30598,17798
30599,18320
30600,18320
30602,18632
30603,18633
30604,17995
30605,17993
30606,18697
30607,18694
30608,18665
30609,18691
30610,18695
30611,18487
30612,18187
30613,18314
30614,18188
30615,18131
30616,18185
30617,18189
30618,18711
30619,18711
30620,18710
30621,18710
30622,18706
30623,18688
30624,18690
30625,17037
30626,18387
30627,17210
30628,18676
30629,18630
30630,18629
30631,18594
30632,18424
30633,18422
30635,18713
30638,18712
30639,18542
30640,18222
30642,18220
30643,18222
30644,18304
30645,18225
30646,18225
30647,18228
30648,18679
30649,13619
30650,13834
30651,18698
30652,18696
30653,18712
30654,17925
30655,17925
30656,18595
30657,17926
30658,17926
30662,18692
30663,18571
30664,17616
30665,18709
30666,18650
30667,18693
30668,18700
30669,18702
30670,18704
30671,18703
30672,16500
30673,16500
30674,18601
30675,18328
30676,17752
30677,18039
30678,18373
30679,18133
30680,18715
30681,16278
30682,17990
30683,18681
30684,15774
30685,16669
30686,12189
30687,12189
30688,12955
30689,18728
30690,18727
30691,18688
30692,
30694,15159
30696,
30697,
30698,18682
30699,18633
30700,18445
30701,18445
30702,18730
30703,18499
30704,18722
30705,18662
30706,18720
30707,18369
30708,18253
30709,18304
30710,17048
30711,18672
30712,18722
30713,16896
30714,18698
30715,18732
30716,18705
30717,18718
30718,18712
30719,18723
30720,
30721,18726
30722,18220
30723,18220
30724,18731
30726,18691
30727,18695
30728,17995
30729,18687
30730,18710
30731,18437
30732,18571
30733,18727
30734,17039
30735,18633
30736,18713
30737,18714
30738,18712
30739,17995
30740,18665
30741,17996
30742,18722
30743,18288
30744,17993
30745,17766
30746,18601
30747,18733
30748,16776
30749,17858
30750,18725
30751,18724
30752,17925
30753,17926
30754,17928
30758,
30759,
30760,13627
30761,15317
30762,7427
30763,
30764,16549
30765,
30766,18320
30767,18387
30768,18742
30769,18727
30770,18739
30771,18710
30772,18714
30774,18549
30775,18549
30776,18679
30777,18571
30778,18622
30779,18713
30780,18755
30781,18731
30782,18740
30784,18445
30785,18679
30786,18633
30787,18764
30788,18764
30789,18765
30790,18765
30792,18766
30793,18766
30794,18753
30795,18761
30796,18548
30797,18225
30798,18225
30799,18225
30800,18225
30801,18749
30802,18056
30803,18758
30804,18712
30805,18759
30806,18314
30807,18745
30808,18688
30809,18751
30810,18757
30811,18738
30812,18737
30813,18736
30814,18734
30815,18752
30816,17590
30817,15082
30818,17591
30819,15074
30820,18570
30821,18754
30823,18680
30824,18680
30825,18681
30828,18763
30829,18741
30830,18312
30831,18768
30832,18128
30833,18125
30834,18579
30835,17233
30836,18369
30837,17072
30838,18760
30839,18750
30840,18769
30841,18769
30842,18769
30843,18681
30845,18770
30846,18770
30847,18472
30848,15785
30849,17039
30850,18503
30851,18461
30852,12189
30853,10547
30854,
30855,
30856,16358
30857,15958
30858,18111
30859,17645
30860,
30861,17913
30862,18778
30863,18778
30864,18771
30865,
30866,17038
30867,18775
30871,18767
30872,18297
30873,18296
30874,18774
30875,18592
30876,18592
30877,17068
30878,17067
30879,17927
30880,18712
30881,18712
30882,18798
30883,18797
30884,18794
30885,18792
30886,17921
30887,18799
30888,18795
30889,18777
30890,18776
30891,18753
30892,18733
30893,18212
30894,18700
30896,18772
30897,18588
30898,18278
30899,18328
30900,
30901,18713
30902,18679
30903,18703
30904,18762
30905,18762
30907,18824
30908,18825
30909,13486
30910,14451
30911,18702
30912,17072
30913,
30914,
30915,
30916,15789
30917,
30918,13619
30919,13834
30920,
30921,
30922,17699
30923,18865
30924,18735
30925,18892
30926,18885
30927,18800
30928,18803
30929,18804
30930,18764
30932,18774
30933,18802
30934,18801
30935,18801
30936,18891
30937,18242
30938,17858
30939,16776
30940,15159
30941,18898
30942,18898
30944,17923
30945,14451
30946,17038
30947,18571
30948,18572
30949,
30950,
30951,
30953,
30954,16020
30955,18572
30956,16025
30957,16026
30958,16027
30959,
30960,15793
30961,18267
30962,
30963,5489
30964,18779
30965,
30966,
30967,18907
30968,18225
30969,18679
30970,18905
30971,18906
30972,18903
30973,18902
30974,18852
30975,18919
30976,18297
30977,18764
30978,18655
30979,18736
30980,18922
30981,18389
30982,17913
30983,18472
30984,18896
30985,18387
30986,17210
30987,18629
30988,18630
30989,18676
30990,18633
30991,18800
30992,18801
30993,18801
30994,18800
30995,18800
30996,18802
30997,18601
30998,18923
30999,18910
31000,18548
31001,18851
31002,18572
31003,12955
31004,18733
31005,18571
31006,17159
31007,18327
31008,18327
31010,18325
31011,18737
31012,18738
31013,18278
31014,18320
31015,18228
31016,18228
31017,17699
31018,18756
31019,18759
31020,18884
31021,18924
31022,18923
31023,18923
31024,18909
31025,18853
31026,18925
31027,18630
31028,18629
31029,
31030,18855
31031,18860
31032,15154
31033,18886
31034,18887
31035,15160
31036,18888
31037,18889
31038,18895
31039,16627
31040,18917
31041,18915
31042,18916
31044,18918
31045,18920
31046,8189
31047,17616
31049,19014
31051,18805
31052,18806
31053,18810
31054,18807
31055,18807
31056,18808
31057,18809
31058,18885
31059,18927
31060,18928
31061,18928
31062,18832
31063,18328
31064,18693
31065,17760
31066,18672
31067,15689
31068,15159
31069,18592
31070,18592
31071,17724
31072,17724
31073,18890
31074,18908
31075,18383
31077,
31078,
31079,
31080,
31081,
31082,
31083,13627
31084,18937
31085,18940
31086,18794
31087,18894
31088,18921
31089,8189
31090,18922
31091,17752
31092,18936
31093,18679
31094,18764
31095,18702
31096,18549
31097,18588
31098,18945
31099,18945
31100,18945
31101,18633
31102,18746
31103,18744
31104,18748
31105,18747
31106,18743
31107,18759
31108,18735
31109,18947
31111,17928
31112,18496
31113,18911
31114,18932
31115,18933
31116,18948
31117,18222
31118,18304
31119,18946
31120,18950
31121,18952
31122,18806
31123,18805
31124,18569
31125,18569
31126,18951
31127,17072
31128,
31129,18701
31130,
31131,
31132,18275
31133,18111
31134,17800
31135,18427
31136,
31137,18964
31138,18964
31139,18964
31140,18936
31141,17926
31142,18809
31143,18959
31144,17513
31145,18805
31146,18810
31147,18808
31148,18965
31149,18965
31151,18723
31152,18809
31153,18807
31154,18807
31155,18807
31156,11381
31157,18676
31158,18922
31159,18922
31160,18763
31161,18953
31162,18954
31163,18961
31164,18325
31165,18774
31166,18966
31167,18278
31168,18633
31169,18889
31170,18888
31171,18570
31172,15074
31173,15082
31174,17359
31175,16762
31176,15005
31177,18247
31178,18371
31179,18970
31180,17796
31181,18752
31182,18969
31183,18767
31184,18910
31185,
31186,18948
31187,18974
31188,18976
31189,
31190,7427
31191,18597
31193,18963
31194,18962
31195,18976
31196,
31197,18779
31198,
31199,
31200,
31201,13627
31202,
31203,18701
31204,18779
31205,15317
31206,18192
31207,6279
31208,
31209,
31210,17880
31211,16110
31212,16020
31213,
31214,17764
31215,16027
31216,14916
31217,16725
31218,6279
31219,18984
31220,18983
31221,18808
31222,18808
31223,18805
31224,17913
31225,18807
31226,18809
31227,18980
31228,18936
31229,17067
31230,18415
31231,18479
31232,18479
31233,18949
31234,16025
31235,16024
31236,17353
31237,15958
31238,18973
31239,18971
31240,18972
31241,18898
31242,18977
31243,17699
31244,18967
31245,13619
31246,13834
31247,18387
31248,18672
31249,18987
31250,18599
31251,18824
31252,18825
31253,18925
31254,18991
31255,18978
31256,18275
31257,17764
31258,18472
31259,18691
31260,18735
31261,18994
31262,18766
31263,18766
31264,18718
31265,15154
31267,18942
31268,
31269,
31270,13627
31271,14916
31273,17913
31274,18922
31275,18922
31276,18548
31277,18999
31278,18228
31279,18980
31280,18997
31281,18992
31282,18981
31283,13486
31284,18985
31285,18986
31286,18633
31287,18936
31288,19001
31289,18384
31290,19004
31291,18989
31292,18990
31293,18587
31294,18569
31295,18998
31296,19000
31297,19005
31298,18815
31299,18815
31300,18811
31301,18811
31302,18812
31303,18812
31304,18813
31305,18813
31306,18814
31307,18814
31308,12189
31309,12189
31310,18993
31311,18988
31312,16662
31313,17928
31314,17928
31316,16669
31317,12955
31318,18897
31319,18845
31322,18858
31324,18809
31325,19009
31326,18848
31327,18859
31328,18847
31332,18864
31333,18856
31334,18863
31335,18861
31336,17072
31337,17353
31338,19011
31339,19010
31340,18973
31341,18594
31343,18327
31344,18327
31345,18761
31346,18761
31347,19012
31348,17926
31349,17926
31350,18796
31351,18796
31352,18328
31353,18952
31354,18952
31355,14641
31356,18805
31357,
31358,
31359,5403
31360,18267
31361,
31362,13627
31363,18428
31364,19016
31365,19009
31366,19040
31367,19041
31368,18242
31369,14641
31370,18808
31371,18808
31372,18808
31373,18805
31374,18601
31375,18763
31376,19011
31377,18815
31378,18371
31379,19032
31380,15689
31381,19030
31382,19039
31383,18922
31384,18922
31385,18922
31386,19034
31387,19036
31388,18843
31389,18843
31390,18843
31391,19042
31392,19026
31393,18695
31394,18124
31395,18909
31396,19028
31397,17821
31398,17822
31399,18743
31400,19027
31401,18705
31402,18909
31403,19021
31404,19038
31405,18808
31406,18805
31407,18812
31408,18220
31409,18384
31410,14292
31411,14292
31412,14292
31413,14292
31414,14292
31415,14292
31416,18569
31417,18250
31418,19035
31420,19037
31421,18747
31422,19031
31423,18997
31424,18980
31425,18888
31426,19066
31427,19073
31428,19005
31429,19075
31430,18971
31431,17699
31432,18569
31433,18371
31434,17928
31435,18622
31436,18177
31437,18387
31438,19079
31439,19078
31441,19064
31442,19064
31443,19080
31444,19065
31445,19065
31446,19065
31447,19056
31448,19055
31449,18952
31450,18763
31451,19076
31452,18858
31453,19077
31454,18479
31455,18991
31456,19082
31457,19081
31458,19045
31459,18735
31460,19021
31461,19070
31462,
31463,18995
31464,19009
31465,18762
31466,18945
31467,18368
31468,18369
31469,18625
31470,18625
31471,18368
31472,18100
31473,18099
31474,19086
31475,19083
31476,18572
31477,19089
31478,19087
31479,18813
31480,18808
31481,18805
31482,18946
31483,19084
31484,19072
31485,19074
31486,4327
31487,4327
31488,19068
31489,19090
31490,
31491,
31492,
31493,
31494,
31495,
31496,
31498,
31499,
31500,
31501,
31502,
31503,
31504,
31505,18172
31506,14494
31507,17645
31508,18427
31509,19093
31510,18328
31511,19096
31513,19099
31514,19098
31515,19097
31516,18622
31517,19091
31518,18997
31519,18984
31520,18984
31521,18984
31522,18984
31523,18984
31524,19111
31525,19110
31526,19109
31527,19106
31528,19105
31529,19102
31530,19101
31531,19100
31532,18813
31533,18814
31534,18814
31535,18815
31536,18811
31537,18811
31538,18812
31539,18812
31540,18812
31541,19093
31542,19094
31543,19088
31544,19114
31545,19103
31546,19066
31547,17417
31548,18167
31549,18757
31550,18898
31551,18922
31552,
31553,18549
31554,18805
31555,18813
31556,18814
31557,19095
31558,18569
31559,18985
31560,17568
31561,17568
31562,
31563,19113
31564,13619
31565,13834
31566,18547
31567,18922
31568,18725
31569,19030
31570,19030
31571,18725
31572,18594
31573,19078
31574,19078
31575,18594
31576,18993
31577,18572
31578,18808
31579,15431
31580,
31581,15317
31582,7427
31583,19089
31584,19115
31585,19115
31586,18917
31587,18601
31588,19092
31589,19095
31590,18972
31591,18897
31592,8912
31593,18301
31594,16449
31595,18301
31597,18224
31598,18224
31600,18223
31601,18226
31602,18226
31603,18226
31604,18227
31605,18227
31608,18229
31609,18229
31610,18229
31611,18386
31612,18386
31614,18230
31615,18230
31618,18232
31619,18232
31620,18232
31621,18231
31622,18231
31623,18234
31630,18750
31631,
31632,19018
31633,18572
31634,18278
31635,18100
31636,19086
31637,18575
31638,17796
31639,19066
31640,19143
31641,19144
31642,18569
31643,19089
31644,19099
31645,19005
31646,19121
31647,18630
31648,17699
31649,19124
31650,19128
31651,19148
31652,19138
31653,19139
31654,19140
31655,19141
31656,19142
31659,19150
31660,19096
31661,19096
31662,18763
31663,18811
31664,18812
31665,18811
31666,18812
31667,18812
31668,18812
31670,18812
31671,18812
31672,18812
31673,18812
31674,18812
31675,18812
31676,18811
31677,18811
31678,18811
31679,18811
31680,18811
31681,18811
31682,18811
31683,18811
31684,18814
31685,18814
31686,18814
31687,18814
31688,18814
31689,18814
31690,18814
31691,18814
31692,19157
31693,19159
31694,19158
31695,14910
31696,19151
31697,18869
31698,18869
31699,18815
31700,18815
31701,18815
31702,18815
31703,18815
31704,
31705,17234
31706,19152
31707,18572
31708,19132
31709,19118
31710,18320
31711,17929
31712,18952
31713,19185
31714,19175
31715,19177
31716,19192
31717,19137
31718,19136
31719,19135
31720,18811
31721,19081
31722,17928
31724,17926
31725,18320
31726,17928
31727,17766
31728,19085
31729,18813
31730,18813
31731,18813
31732,18813
31733,18813
31734,18813
31735,18813
31736,18815
31737,18815
31738,18815
31739,18813
31740,19053
31741,19054
31742,19052
31743,19116
31744,19063
31745,19104
31746,19104
31747,19172
31748,19173
31749,19181
31750,19184
31751,19183
31752,19182
31753,19204
31754,19186
31755,17323
31756,19012
31757,8189
31758,18592
31759,18220
31760,19206
31762,19211
31763,19212
31764,17913
31765,14916
31766,18236
31767,18236
31768,18235
31771,18238
31772,18239
31773,18239
31774,18847
31775,19168
31776,8189
31777,18757
31778,18812
31779,18814
31780,18813
31781,18811
31783,19161
31784,19176
31785,19178
31786,19179
31787,19180
31788,19189
31789,19188
31790,18972
31791,19190
31792,19191
31793,19194
31794,19193
31795,19195
31796,19196
31797,19197
31798,19198
31799,19199
31800,19200
31801,19208
31802,10547
31803,12955
31804,
31805,
31806,
31807,19025
31808,
31809,5559
31810,
31811,
31812,18111
31813,19025
31814,
31815,19217
31816,19221
31817,19219
31818,19223
31819,18592
31820,19150
31821,19228
31822,19209
31823,17601
31824,19210
31825,18747
31826,19218
31827,19026
31828,18700
31829,18752
31830,19091
31831,18415
31832,18320
31833,19232
31834,18384
31835,18226
31836,19246
31837,19216
31838,19220
31839,19247
31840,19246
31841,19227
31842,19112
31843,18705
31844,17699
31846,19062
31847,19248
31848,18227
31849,
31851,19143
31852,19144
31854,18844
31855,19125
31856,19224
31857,19202
31858,18998
31859,19012
31860,17083
31861,19147
31862,19146
31863,19145
31864,19018
31865,4327
31866,18701
31867,10547
31868,
31869,
31870,
31871,
31872,
31873,
31874,
31875,19251
31876,18320
31877,19259
31878,19259
31879,19259
31880,19259
31881,18812
31882,18812
31884,18816
31885,18818
31886,18817
31887,18819
31889,19260
31890,18743
31891,19205
31892,19203
31893,19037
31894,19245
31895,19150
31896,18819
31897,18817
31898,18818
31899,18816
31900,17929
31902,19265
31903,17913
31904,8189
31905,19267
31906,18547
31907,19187
31908,19153
31909,19156
31910,19286
31911,18569
31912,19279
31913,18220
31914,18301
31915,18990
31916,19208
31917,18845
31918,18177
31919,19083
31920,19155
31921,7427
31922,18735
31923,19043
31924,18920
31925,18918
31926,19038
31927,18856
31928,18856
31929,18846
31930,18846
31931,18995
31932,18569
31933,19252
31934,19150
31935,19150
31936,19290
31937,19289
31938,19291
31939,19292
31940,
31941,6280
31942,17384
31943,19255
31944,19256
31945,18560
31946,19258
31947,19249
31948,18686
31949,19288
31950,18860
31951,19293
31953,18225
31954,18228
31955,19012
31956,
31957,
31958,12664
31959,
31960,
31961,14494
31962,
31963,
31964,17928
31965,19302
31966,18984
31967,18984
31968,19290
31969,19301
31970,19301
31971,19286
31972,19153
31973,19153
31974,19153
31975,19220
31976,19295
31977,19296
31978,18499
31979,19077
31980,19299
31981,18705
31982,19298
31983,19297
31984,19305
31985,19300
31986,18320
31987,13619
31988,13834
31989,19306
31990,19211
31991,19012
31992,19012
31993,
31994,18869
31995,18223
31996,19207
31997,19139
31998,18992
31999,19254
32000,18993
32001,19308
32002,17929
32003,19261
32004,19263
32005,19268
32006,16662
32007,18888
32008,19087
32009,19020
32010,
32011,19322
32012,19309
32013,19065
32014,19265
32015,19063
32016,17929
32017,18320
32018,19206
32019,19289
32020,19072
32021,19000
32022,19249