planning_id,task_id
32023,19286
32024,18820
32025,18820
32026,18817
32027,18817
32028,18817
32029,19259
32030,18812
32031,18817
32032,18820
32033,18812
32034,19307
32035,19259
32036,19312
32037,19313
32038,19315
32039,19316
32040,19317
32041,17568
32042,18249
32043,19314
32045,18762
32046,19321
32047,19318
32048,19174
32049,
32050,18779
32051,19025
32052,
32053,6279
32054,8720
32055,19343
32056,19348
32057,19339
32058,18320
32059,19300
32060,17926
32061,19350
32062,19336
32063,12189
32064,12955
32065,12972
32066,18389
32067,8189
32068,18820
32069,19337
32070,19340
32071,18819
32072,18817
32073,18817
32074,18818
32075,14910
32076,18816
32077,18812
32078,18812
32079,19259
32080,19351
32081,19338
32082,14842
32083,17048
32084,18946
32085,17923
32086,19032
32087,19249
32088,19323
32089,18952
32090,18975
32091,19324
32092,19328
32093,19332
32094,19269
32096,19270
32098,19320
32099,18972
32100,19291
32101,19289
32102,18869
32103,19342
32104,18895
32105,18932
32106,18571
32107,19315
32108,18622
32110,19043
32111,19339
32112,19054
32113,19053
32114,19053
32115,19303
32117,19244
32118,18226
32119,19326
32120,19325
32121,19327
32122,19349
32123,18236
32124,19107
32125,19006
32126,18230
32127,19065
32129,19353
32130,
32131,17699
32132,19356
32133,19354
32134,19253
32135,19357
32136,19178
32137,19347
32138,19341
32140,17928
32141,17086
32142,17105
32143,17084
32144,19272
32145,19310
32146,19285
32147,19284
32148,19283
32149,19282
32150,19281
32151,19280
32152,19278
32153,19277
32154,19276
32155,19275
32156,19274
32157,19057
32158,19355
32159,19355
32160,19355
32161,
32162,19025
32163,19373
32164,18864
32165,18842
32166,18846
32167,18945
32168,18404
32169,19092
32170,17926
32171,18233
32172,18233
32173,18227
32174,18229
32175,19249
32176,19379
32177,19393
32178,19336
32179,19374
32180,16527
32181,19358
32183,19365
32184,19339
32185,19362
32186,19184
32189,18945
32190,19395
32191,19131
32192,19361
32193,19077
32194,19364
32195,19363
32196,19015
32197,19367
32198,19368
32199,19369
32200,19370
32201,19382
32202,19371
32203,18812
32204,19304
32205,19356
32206,19394
32207,19397
32208,19000
32209,
32210,19373
32211,18234
32212,18234
32213,18386
32214,19400
32215,18864
32216,18842
32217,19179
32218,19404
32219,19404
32220,18761
32221,17766
32222,17535
32223,17909
32224,19249
32225,19398
32226,18923
32227,19408
32228,19408
32229,19407
32230,19407
32231,19409
32232,19410
32233,19411
32234,19411
32235,16527
32236,19317
32237,19396
32238,18237
32239,4327
32240,18237
32241,19399
32242,19313
32243,19405
32244,19198
32245,19012
32246,19288
32247,18523
32248,18524
32249,18812
32250,18812
32251,18816
32252,19319
32253,18812
32254,18818
32255,18820
32256,18819
32257,18817
32258,19414
32259,18233
32260,18236
32261,16358
32262,16358
32263,16358
32264,16358
32265,16357
32266,16358
32267,19393
32268,19418
32269,18932
32270,19316
32271,19424
32272,18232
32273,19412
32274,19380
32275,19420
32276,19133
32277,19419
32278,19421
32279,19422
32280,19413
32281,18226
32282,17033
32283,19377
32284,19216
32285,19012
32286,19425
32287,19412
32288,19401
32290,19403
32291,18998
32292,13619
32293,13834
32294,14842
32295,12189
32296,19259
32297,18823
32298,18760
32299,18962
32300,19085
32301,19332
32302,19269
32303,18817
32304,19352
32305,19359
32308,19345
32309,19345
32310,4327
32311,18761
32312,12909
32313,19404
32314,19398
32315,18237
32316,18864
32317,18842
32318,19138
32319,18735
32320,19433
32321,19434
32322,19436
32323,17535
32324,19427
32325,19430
32326,19429
32327,19429
32328,19413
32329,19402
32330,18235
32331,19183
32332,19426
32333,18232
32334,18812
32335,19408
32336,19354
32337,19435
32338,19018
32339,19025
32340,7427
32341,18112
32342,
32343,19400
32344,19207
32345,19462
32346,19420
32347,19402
32348,19303
32349,18230
32350,19427
32351,18227
32352,18233
32353,18238
32354,19012
32355,19276
32356,19455
32357,19460
32358,19442
32359,19338
32360,19440
32361,19361
32362,19179
32363,16662
32364,19198
32365,19138
32366,19176
32367,19459
32369,19441
32370,19439
32371,19305
32372,18812
32373,18812
32374,18812
32375,18820
32376,18820
32377,18820
32378,18819
32379,18819
32380,18819
32382,18817
32383,18817
32384,18817
32385,19463
32386,19461
32387,19466
32388,18820
32389,18817
32390,18822
32391,19407
32392,18821
32393,18823
32394,18759
32395,19457
32396,18735
32397,19446
32398,19448
32399,19449
32400,19450
32401,19451
32402,19438
32403,19107
32404,12955
32405,19447
32406,19443
32407,17084
32408,19409
32409,19410
32410,19411
32411,19326
32412,19173
32413,19445
32414,19466
32415,19470
32416,18819
32417,19268
32418,19469
32419,19355
32420,19313
32421,17699
32422,19295
32423,19471
32424,18993
32425,18993
32426,19310
32427,19104
32428,19012
32429,16449
32430,19461
32431,17148
32432,18636
32441,
32442,
32443,
32444,19025
32445,19025
32446,
32447,
32448,19025
32449,7427
32450,19472
32451,18239
32452,18237
32453,18235
32454,8189
32455,19176
32456,19475
32457,19138
32458,19179
32459,19479
32460,19481
32461,19361
32462,19473
32463,19421
32464,18923
32465,18923
32466,378
32467,19485
32468,19476
32469,15154
32470,19480
32471,19482
32472,19486
32473,18735
32474,18735
32475,19487
32476,19488
32477,19268
32478,19489
32479,19484
32480,19483
32481,18232
32482,18238
32483,19345
32485,19491
32486,19346
32487,19271
32488,19311
32489,19448
32490,19447
32491,18226
32492,19490
32493,16027
32494,17351
32495,17389
32496,17353
32497,19496
32498,19499
32501,18816
32502,18816
32503,18819
32504,18819
32505,18820
32506,18820
32507,18820
32508,18820
32509,10547
32510,10547
32511,18817
32512,10547
32513,19503
32514,19492
32515,17086
32517,19497
32518,19497
32519,19498
32520,18234
32521,19456
32522,17535
32523,19493
32524,19494
32525,19495
32526,18923
32527,18923
32528,14962
32529,19370
32530,19486
32531,19377
32532,4327
32535,10547
32536,
32537,
32538,
32539,
32540,13627
32541,19025
32542,7427
32543,18112
32544,
32545,19486
32546,18837
32547,18837
32548,19508
32549,18237
32550,19514
32551,19447
32552,18233
32553,18819
32554,18817
32555,18817
32556,18817
32557,18817
32558,18823
32559,18822
32560,18820
32561,19479
32563,19298
32564,19509
32565,19288
32566,19419
32567,19477
32568,19505
32569,18686
32570,19510
32571,19511
32572,19356
32573,19427
32574,19521
32575,19507
32576,19227
32577,18823
32579,18239
32580,19513
32581,19506
32582,19504
32583,19500
32584,19479
32585,19404
32586,19512
32587,17000
32588,19371
32589,19375
32590,19012
32591,19528
32592,19380
32593,19479
32594,19293
32595,19527
32597,17752
32598,8189
32599,19451
32600,19349
32601,19475
32602,19529
32604,18998
32605,19515
32606,19520
32607,19519
32608,19518
32609,19517
32610,19526
32611,19516
32612,18238
32613,16358
32615,18952
32616,18817
32617,10547
32618,
32619,
32620,
32621,19436
32622,18233
32623,19447
32624,19547
32625,18817
32626,18817
32627,18817
32628,18817
32629,18823
32630,18823
32631,18822
32634,19487
32635,19486
32636,19548
32637,19468
32638,19533
32639,19551
32640,19133
32641,19420
32642,19421
32643,19532
32644,19531
32645,19466
32646,19466
32647,
32648,
32649,
32650,19535
32651,19481
32652,18292
32653,19268
32654,18482
32655,19552
32656,19553
32657,19545
32658,19545
32659,19545
32660,19545
32661,19540
32662,19491
32663,8189
32664,19539
32665,13619
32666,13834
32667,19554
32668,6280
32669,19483
32670,19534
32671,19368
32672,19358
32673,19469
32674,17601
32675,18860
32676,19449
32677,19343
32678,19499
32679,19496
32680,9460
32681,19012
32682,19561
32683,19404
32684,19404
32685,18823
32687,17371
32688,19570
32689,19555
32690,19556
32691,19557
32692,19401
32693,19388
32694,
32695,
32696,
32698,
32699,
32700,
32701,
32702,15957
32703,
32704,13627
32705,8720
32706,17351
32707,18837
32708,19486
32709,19558
32710,19253
32711,18992
32712,19491
32713,19422
32714,19579
32715,19579
32716,19582
32717,19571
32718,19361
32719,19573
32720,19574
32721,19569
32722,19491
32723,19599
32724,18817
32725,18817
32726,10547
32727,18823
32728,18823
32729,18823
32730,18822
32731,19012
32732,18993
32733,18993
32734,19562
32735,19563
32736,19564
32737,19565
32738,19396
32739,19577
32740,19466
32741,19470
32742,19551
32743,12955
32744,17590
32745,18836
32746,19587
32747,19591
32748,19403
32749,19402
32750,19601
32751,19601
32752,19601
32753,19601
32754,19601
32755,19601
32756,18234
32757,18232
32758,19439
32759,19537
32763,19525
32764,19602
32765,19575
32766,5559
32767,18652
32768,
32769,5559
32770,326
32771,18172
32772,19242
32773,19013
32774,18779
32775,18984
32776,18984
32777,18984
32778,18984
32779,19634
32780,19636
32781,19472
32782,10547
32783,19638
32784,19566
32786,19643
32787,19609
32788,19389
32789,19608
32790,19608
32791,19248
32792,19271
32793,18963
32794,19504
32796,19319
32797,19466
32798,19466
32799,18923
32800,18923
32801,14810
32802,19601
32803,19601
32804,18823
32805,18817
32806,18836
32807,19587
32808,19133
32809,19600
32810,18932
32811,19601
32812,19601
32813,19601
32814,19631
32815,19606
32816,19642
32817,18817
32818,19604
32819,19641
32820,19607
32821,19617
32822,19646
32824,19640
32825,19415
32826,18823
32827,17384
32828,19467
32829,19650
32830,19396
32832,19651
32833,19431
32834,19431
32836,19573
32837,19633
32838,19644
32839,17699
32840,15908
32841,19647
32842,19653
32843,19581
32844,19588
32845,19597
32846,19648
32847,19643
32848,16530
32849,18764
32850,18764
32851,18766
32852,18765
32853,19639
32854,19420
32855,18404
32856,19611
32857,19652
32858,19652
32859,19645
32860,19584
32861,6280
32862,
32863,
32864,
32865,13627
32866,19655
32867,19661
32868,19576
32869,19657
32870,19663
32871,19663
32872,18975
32873,19591
32874,19614
32875,19623
32876,19161
32877,19373
32878,4327
32879,18766
32880,19659
32881,19658
32884,19428
32885,19601
32886,19601
32887,19601
32888,19601
32889,19601
32890,19660
32891,19662
32892,19667
32906,19670
32911,18862
32912,18862
32913,19669
32914,19673
32915,19605
32917,19018
32918,19538
32919,19674
32920,16024
32921,18234
32922,19656
32923,19672
32924,19119
32925,19025
32926,
32927,10547
32930,
32932,19608
32933,19683
32934,19682
32935,19634
32936,19692
32937,19591
32938,19691
32939,19681
32940,19680
32941,19679
32942,19466
32943,19466
32944,19693
32945,19663
32946,19663
32947,19404
32948,19684
32950,19677
32951,19676
32952,19601
32953,19601
32954,19601
32955,19685
32956,19691
32957,19623
32958,19696
32959,19679
32960,18229
32961,19697
32962,18821
32963,18821
32964,18821
32965,18821
32967,19701
32968,19534
32969,19600
32970,19472
32971,19557
32972,15773
32973,15773
32974,19700
32975,19545
32976,19018
32977,19666
32978,19665
32979,19678
32980,
32981,
32982,
32983,
32984,13627
32985,
32986,19631
32987,19601
32990,19601
32991,19557
32992,865
32993,19693
32994,19620
32995,18862
32996,19679
32997,19706
32998,19713
32999,19658
33000,19705
33001,19703
33002,19601
33003,19519
33004,19537
33005,19687
33006,15154
33007,19698
33008,19695
33009,19694
33010,19422
33011,19420
33012,19707
33013,19704
33014,18821
33015,19719
33016,19719
33017,19721
33018,19601
33019,19601
33020,19721
33021,19528
33022,19528
33024,19319
33025,13619
33026,13834
33027,19711
33028,19712
33029,19714
33030,19715
33031,19716
33032,19717
33033,19718
33034,19723
33035,19724
33036,19651
33037,19726
33038,19728
33039,19702
33040,19427
33041,15908
33042,19645
33043,18766
33044,19670
33045,18765
33046,19345
33047,19679
33048,19679
33049,19679
33050,18524
33051,19089
33052,17752
33053,19732
33054,19733
33055,19730
33056,19731
33057,19729
33058,15649
33059,19466
33060,19710
33061,19708
33062,17244
33063,19738
33064,19737
33065,19737
33066,18862
33067,19587
33068,19739
33069,19740
33070,19749
33071,18821
33072,18821
33073,18821
33074,19751
33075,19752
33076,19753
33077,19573
33078,19745
33079,19746
33080,19748
33081,19750
33082,19699
33083,18821
33084,19739
33085,19756
33086,12955
33087,19466
33088,19744
33089,19743
33090,15910
33091,19754
33092,17710
33093,
33094,18427
33095,
33096,19570
33097,19466
33098,19466
33099,19680
33100,19697
33101,19642
33102,19607
33103,19660
33104,19662
33105,19772
33106,19601
33107,19601
33108,19601
33109,19721
33110,19721
33111,19761
33112,19444
33113,19531
33114,19531
33115,19531
33116,19531
33117,18765
33118,18764
33119,18764
33120,19735
33121,19620
33122,19614
33123,19640
33124,19515
33125,19612
33126,19762
33127,19519
33128,19473
33129,19763
33130,19763
33131,19765
33132,19766
33133,19538
33134,19775
33135,19757
33136,19709
33137,15773
33138,18821
33139,18821
33140,19601
33141,19601
33142,19601
33143,19601
33144,19601
33145,19601
33146,19601
33147,19601
33148,19651
33149,19769
33150,19725
33151,19760
33152,19759
33153,19702
33155,19412
33156,19784
33157,19785
33158,19770
33159,19699
33160,19470
33161,19470
33162,19771
33163,19783
33164,19774
33165,19786
33166,19572
33167,19777
33168,19777
33169,19778
33170,18975
33171,
33172,18942
33173,
33174,18172
33175,
33176,19465
33177,
33178,19735
33179,19704
33180,19707
33181,19750
33182,19697
33183,10547
33184,12189
33185,19753
33186,19525
33187,19605
33188,19348
33189,19651
33190,19396
33191,18860
33192,18860
33193,18860
33194,15773
33195,19679
33196,19740
33197,19018
33198,19528
33199,19797
33200,19796
33201,19793
33202,19795
33203,19427
33205,19412
33206,18821
33207,17891
33208,19799
33209,19777
33210,19787
33211,19800
33212,19805
33213,19802
33214,19289
33215,19663
33216,19663
33217,19803
33218,19804
33219,19806
33220,19824
33221,19816
33222,19818
33223,19817
33224,19815
33225,19814
33226,19811
33227,19810
33228,19807
33229,19808
33230,19809
33231,19722
33232,19794
33233,19788
33234,19651
33235,19412
33236,19605
33237,19289
33238,19601
33239,15773
33240,15773
33241,19528
33242,19601
33243,15773
33244,15773
33245,19412
33246,15773
33249,12189
33250,12955
33251,19737
33252,19679
33253,18764
33254,19348
33255,19515
33256,19473
33257,17147
33258,19514
33259,18764
33260,19699
33261,19828
33262,19826
33263,19827
33264,19826
33265,19393
33266,19393
33267,18821
33268,18821
33269,
33270,
33271,8720
33272,18942
33273,
33274,8720
33275,
33276,14494
33277,13627
33278,
33279,18428
33280,15317
33281,17234
33282,
33283,18779
33284,
33285,13326
33286,19025
33287,
33288,15799
33289,13619
33290,13834
33291,
33292,
33293,
33294,
33295,16788
33296,7427
33297,19863
33298,19836
33299,19805
33300,19873
33301,19875
33302,19866
33303,19865
33304,19842
33305,19778
33306,19018
33307,19888
33308,19838
33309,19879
33310,19837
33311,19870
33312,19764
33313,19881
33314,19605
33315,
33316,13627
33317,
33318,15789
33319,
33320,12142
33321,
33322,
33323,
33324,19412
33325,19412
33327,19817
33329,19879
33330,19576
33331,19769
33332,19640
33333,18229
33334,19807
33335,19660
33336,19898
33338,19871
33339,18821
33340,18821
33341,19721
33342,19601
33343,19904
33344,19903
33345,18566
33346,19855
33347,19855
33348,19894
33349,19834
33350,19858
33351,19857
33352,19856
33353,19854
33354,19823
33355,19804
33363,19470
33364,19860
33365,19319
33366,19319
33367,19605
33368,18764
33369,19601
33370,18821
33371,19863
33372,19572
33374,19466
33375,19572
33376,19601
33377,19872
33378,19877
33379,19601
33380,18566
33381,18821
33382,18821
33383,18821
33384,18821
33385,19862
33386,19828
33387,19777
33388,19902
33389,19758
33390,19741
33391,19864
33393,17699
33394,19874
33395,19876
33396,19268
33397,19844
33398,19849
33399,19851
33400,19852
33402,19534
33403,19859
33404,19770
33405,19829
33406,19830
33407,19795
33408,19793
33409,19835
33410,19841
33411,19843
33412,19846
33413,19847
33414,19850
33415,19848
33417,19889
33418,19908
33419,19525
33420,19756
33421,19743
33422,19744
33423,19738
33424,19826
33425,19631
33426,19780
33428,19911
33429,19909
33430,19910
33431,19607
33432,19602
33433,19659
33434,19746
33435,19759
33436,19748
33437,19745
33438,19705
33439,15910
33440,15909
33441,19890
33442,19809
33443,19915
33444,19765
33445,19892
33446,18862
33447,19899
33448,19640
33449,19693
33450,19905
33451,19587
33452,19906
33453,19886
33454,19884
33455,19885
33456,19887
33457,19883
33458,19832
33459,19515
33460,19763
33461,19845
33462,19916
33463,19895
33464,19492
33466,
33467,19025
33468,
33469,9277
33470,4782
33471,16144
33472,17069
33473,10041
33474,15317
33475,19582
33476,19582
33479,19582
33480,19582
33481,19466
33482,19914
33483,19833
33484,16174
33485,19891
33486,19917
33487,19917
33489,18821
33490,18821
33491,18821
33492,18821
33493,18821
33494,19876
33495,19697
33496,19807
33497,19551
33498,19932
33499,19934
33500,4327
33501,19936
33502,19922
33503,19921
33504,19924
33505,19444
33506,19761
33507,19538
33508,19660
33509,19858
33510,19938
33511,19920
33512,19919
33513,19918
33514,19929
33515,19926
33516,19927
33517,19930
33518,19939
33519,19940
33520,19942
33521,19892
33522,19695
33523,19777
33524,19937
33525,19534
33526,19928
33527,19935
33528,19923
33529,19721
33530,19601
33531,19601
33532,19466
33533,13834
33534,
33536,10547
33538,15957
33539,13627
33540,16788
33541,7427
33542,15317
33543,
33544,
33545,19818
33546,19910
33547,19057
33548,19958
33549,19952
33550,19961
33551,19943
33552,19771
33553,19941
33554,19783
33555,19830
33556,19876
33557,19857
33558,19960
33559,19808
33560,19822
33561,19822
33562,19832
33563,19832
33565,19831
33566,19686
33567,19831
33568,19755
33569,19776
33570,19776
33571,19965
33572,19965
33573,19965
33574,19965
33575,19466
33576,19962
33577,19962
33578,19466
33579,19679
33580,19679
33581,19968
33582,19896
33583,19896
33584,19734
33585,19611
33586,19611
33587,19345
33588,19601
33589,19601
33590,19601
33591,18821
33592,19945
33594,19972
33595,19908
33596,19946
33597,19946
33600,19645
33601,19645
33602,19809
33603,19972
33604,19967
33606,19969
33607,18701
33608,19901
33609,
33610,18172
33611,
33612,18267
33613,16144
33614,18172
33615,19978
33616,18701
33617,
33618,12664
33619,
33620,7427
33621,15317
33622,19980
33623,19973
33624,19971
33625,19857
33626,20009
33627,19631
33628,19466
33629,19601
33630,19601
33631,19831
33632,18566
33633,19988
33634,19970
33635,19959
33636,19961
33637,19466
33638,20047
33639,18821
33640,19937
33641,20013
33642,19917
33643,19876
33644,18998
33645,19974
33646,19001
33647,19947
33648,19948
33649,19949
33650,19950
33652,19436
33653,19986
33654,19987
33655,20001
33656,13619
33657,13834
33658,19979
33659,19001
33661,19985
33662,19983
33663,19989
33664,19935
33665,20004
33666,19972
33667,
33668,14916
33669,
33670,20011
33671,20069
33672,20066
33673,18942
33674,16972
33675,18192
33676,
33677,
33678,13627
33679,20064
33680,19466
33681,19962
33682,19466
33683,20049
33684,20008
33685,20010
33686,20006
33687,20003
33688,20065
33689,20059
33690,17568
33691,20061
33692,20060
33693,14910
33694,19601
33695,19601
33696,19601
33697,6280
33698,20070
33699,19896
33700,20082
33701,18821
33702,18821
33703,20071
33704,20081
33705,17699
33706,19734
33707,19470
33708,20013
33709,19917
33710,19380
33711,20083
33712,20085
33713,20086
33714,17203
33715,20080
33716,19375
33717,19396
33718,17033
33719,19784
33720,19810
33721,19587
33722,19809
33723,20078
33724,20068
33725,20015
33726,20074
33728,19531
33729,19825
33730,12955
33731,20069
33732,19354
33733,19960
33734,20114
33735,19575
33736,19515
33737,19964
33738,19922
33739,19765
33740,19763
33741,16505
33742,19018
33743,19959
33744,4412
33745,20079
33746,18862
33747,17601
33748,19722
33749,19733
33750,19782
33751,15317
33752,
33753,7427
33754,
33755,7427
33756,
33757,
33758,
33759,19890
33760,20081
33761,19910
33762,20072
33763,19845
33764,19848
33765,19972
33766,19962
33767,19466
33768,19746
33769,20092
33770,20099
33771,20099
33772,20095
33773,20100
33774,20094
33775,20100
33776,19659
33777,19470
33778,19645
33779,19466
33780,20071
33781,19823
33782,19631
33783,19001
33784,19853
33785,20093
33786,20109
33787,19601
33788,18821
33789,18821
33790,19601
33791,19601
33792,19601
33793,20096
33794,20101
33795,19982
33796,19885
33797,19886
33798,20089
33799,20090
33800,20091
33801,20097
33802,19856
33803,19854
33804,19857
33805,19855
33806,20128
33807,20128
33810,20116
33811,19962
33812,20119
33813,19699
33814,20013
33815,19566
33816,20120
33817,20080
33818,20121
33819,20113
33820,20086
33821,19679
33822,19913
33823,4327
33824,19025
33825,20105
33826,20102
33827,20098
33828,20104
33829,20110
33830,20103
33831,20107
33832,20108
33833,20108
33834,19454
33835,19454
33836,19454
33838,19659
33839,19466
33840,19755
33842,19601
33843,19601
33844,19466
33845,20123
33846,20123
33847,20122
33848,18821
33849,19001
33850,12189
33851,19602
33852,20127
33853,19396
33854,17033
33856,19967
33858,19962
33860,19721
33861,20121
33862,20118
33863,20129
33864,19359
33865,19954
33866,19777
33867,20120
33870,19834
33871,20095
33872,20092
33873,19746
33874,14823
33875,19890
33876,18226
33877,18225
33878,18228
33879,19924
33880,19695
33881,19807
33882,20076
33883,20124
33884,20125
33886,18860
33887,20135
33888,20130
33889,19515
33890,19964
33891,20069
33892,20112
33893,20117
33894,20111
33895,19966
33896,
33897,
33898,20126
33899,14910
33900,17626
33901,10547
33902,
33903,20144
33904,20154
33905,20154
33906,20142
33907,20100
33908,20099
33909,19466
33910,19466
33911,18320
33912,19972
33913,19602
33914,20100
33915,19976
33916,19977
33917,20141
33918,20146
33919,20146
33920,20154
33921,20154
33922,20154
33923,20154
33924,19601
33925,19601
33926,19601
33927,19755
33928,19831
33929,18566
33930,20145
33931,20138
33932,19947
33933,19950
33934,19949
33935,19935
33936,20155
33937,20147
33938,19810
33939,19809
33940,19908
33941,20110
33944,19779
33945,19165
33946,19164
33947,19856
33948,19926
33949,19927
33951,20158
33952,20133
33953,20160
33954,20100
33955,20161
33956,19776
33957,20162
33958,19847
33959,20143
33960,19289
33961,20163
33962,20164
33963,19807
33964,
33965,
33966,
33967,
33968,
33969,18701
33970,327
33971,
33972,15957
33973,13627
33974,
33975,18267
33976,12142
33977,
33978,
33979,20184
33980,20183
33981,20177
33982,19782
33983,20176
33984,19407
33985,19408
33986,19407
33987,17928
33988,19408
33989,19411
33990,19466
33991,19466
33992,20123
33993,20179
33994,19601
33995,19601
33996,19601
33997,19755
33998,19972
33999,19783
34000,20015
34001,19852
34002,20059
34003,20086
34004,19964
34005,19575
34006,20137
34007,19602
34008,18320
34009,17645
34010,18227
34011,20173
34012,19917
34013,19876
34014,19814
34015,19816
34016,19818
34019,20194
34020,20191
34021,20189
34022,20186
34026,20193
34027,20196
34028,20180
34029,20172
34030,16174
34031,19582
34032,19582
34033,19582
34034,19582
34035,19519
34036,20182
34037,20135
34038,20192
34039,20192
34040,20131
34041,20150
34042,20149
34043,20149
34044,20201
34045,20204
34046,13834
34047,19601
34048,19967
34049,19967
34050,20195
34051,
34053,16972
34054,
34055,
34056,19601
34057,19601
34058,19466
34059,20107
34060,20142
34061,19601
34062,20220
34063,20209
34064,20158
34065,19515
34066,20204
34067,20197
34068,20202
34069,19380
34070,20200
34071,19436
34072,20064
34073,20103
34074,19466
34076,19756
34077,16662
34078,20207
34079,20208
34080,16632
34081,20205
34082,19816
34083,20217
34084,19396
34085,20206
34086,15159
34087,20216
34088,20218
34089,20219
34090,20062
34091,20224
34092,19947
34093,20171
34094,12189
34095,20163
34096,20225
34097,19780
34098,20226
34099,20114
34100,12955
34101,
34102,
34103,10547
34104,13627
34105,
34106,
34107,
34108,
34109,
34110,
34111,
34112,19949
34113,19466
34114,19734
34115,19967
34116,19411
34117,19466
34118,19466
34119,20252
34120,20247
34121,20246
34122,20240
34123,20241
34124,20090
34125,20243
34126,20242
34127,19964
34128,19848
34129,19763
34130,19847
34131,20248
34132,20253
34133,20238
34134,19954
34135,20187
34136,19017
34137,19966
34138,17766
34139,18761
34140,20237
34141,19601
34142,19601
34143,19601
34144,18821
34145,19587
34146,19908
34147,19819
34148,18622
34149,20000
34150,20210
34151,20232
34152,20211
34153,20132
34154,19396
34155,20264
34156,20222
34157,20239
34158,20128
34159,15159
34160,19896
34161,20273
34162,20273
34163,19018
34164,20248
34165,20136
34166,20067
34167,20245
34168,20271
34169,20071
34170,20085
34171,20265
34172,20257
34173,20142
34174,20268
34175,19967
34176,19947
34177,20171
34178,20202
34179,19699
34181,20192
34182,20154
34183,19470
34184,20277
34185,19601
34186,19519
34187,19964
34188,20272
34189,20256
34190,19359
34191,20275
34192,20270
34193,20269
34194,20148
34195,20148
34197,14916
34199,
34200,13627
34201,18773
34202,17278
34203,20000
34204,20202
34205,20078
34206,20279
34207,19602
34208,19765
34209,20297
34210,20077
34211,20278
34212,20303
34213,20301
34214,20066
34215,20215
34216,18821
34217,20302
34218,19640
34219,19640
34220,20206
34221,19947
34222,20291
34223,20108
34224,20108
34225,20273
34226,20273
34228,19454
34229,20264
34230,20291
34231,20149
34232,20149
34233,20298
34234,19466
34235,20314
34236,20285
34237,20286
34238,20288
34239,20282
34240,20281
34241,20280
34242,20280
34243,20318
34244,20114
34245,20191
34246,20163
34247,20221
34248,20059
34249,6280
34250,17819
34251,20190
34252,20223
34253,20227
34254,14842
34255,20254
34256,20304
34257,20064
34258,20287
34259,20292
34260,19436
34261,18226
34262,20250
34263,20249
34264,19990
34266,20319
34267,20289
34268,20276
34269,20315
34270,19754
34271,20322
34272,20321
34273,20273
34274,20109
34275,20316
34276,20320
34277,20324
34278,20325
34279,19874
34280,20196
34281,12970
34282,19601
34283,20299
34284,19411
34285,19466
34286,
34287,
34288,13701
34289,
34290,15957
34291,13627
34292,
34293,19025
34294,15317
34295,
34296,
34297,
34298,
34299,
34300,
34301,
34302,
34307,
34308,
34309,
34310,
34311,
34312,
34313,
34314,20085
34315,20327
34316,20326
34317,
34318,20329
34319,
34320,19908
34321,19754
34322,19771
34323,
34324,16662
34325,20216
34326,20289
34327,20207
34328,20276
34329,20077
34330,
34331,
34332,19847
34333,19517
34334,20335
34335,20323
34337,20071
34338,20239
34339,19601
34340,20273
34341,19601
34342,20334
34343,18939
34344,20343
34345,18289
34346,20226
34347,20302
34348,20348
34349,20203
34350,20203
34351,20203
34352,20305
34353,20333
34354,20353
34355,20303
34356,20352
34357,19466
34358,19466
34359,19782
34360,19637
34361,19935
34362,20210
34363,20232
34364,20076
34365,20336
34366,19725
34367,
34368,
34369,
34370,
34371,
34372,
34373,
34374,
34375,
34376,
34377,
34378,
34379,
34380,
34381,
34382,20362
34383,19944
34384,19686
34385,19477
34386,19831
34387,19415
34388,20367
34389,20356
34390,20366
34391,20366
34392,20362
34393,20370
34394,20219
34395,20316
34396,20368
34397,20369
34398,21495
34399,21633
34400,20349
34401,19601
34402,
34403,
34404,20381
34405,19601
34406,20377
34407,16505
34409,17699
34410,
34411,
34412,15789
34413,20291
34415,20107
34416,
34417,
34418,
34419,
34420,
34421,
34422,
34423,
34424,
34425,
34430,
34431,
34438,
34439,
34440,
34441,
34442,
34443,
34446,
34450,
34451,
34452,
34453,
34462,20357
34463,20353
34464,19785
34465,20128
34466,20216
34467,20346
34468,20366
34469,18988
34470,19797
34471,19466
34472,20291
34474,20417
34475,20352
34476,20324
34477,20324
34478,20202
34479,20415
34480,14910
34481,18496
34482,20398
34483,20416
34484,20413
34485,19645
34486,20199
34487,20199
34488,20203
34489,20231
34490,20098
34491,20395
34492,20394
34493,20390
34494,20389
34495,20388
34496,20384
34497,20383
34498,20379
34499,19431
34502,20098
34503,19309
34504,19601
34505,20203
34506,19601
34507,19910
34508,20278
34509,20344
34510,20396
34511,20195
34512,20125
34513,19917
34514,19785
34515,
34516,14916
34517,
34518,
34519,13627
34520,
34521,19025
34522,
34523,3486
34524,12189
34525,
34526,20132
34527,20208
34528,20289
34529,19968
34530,19963
34531,20077
34532,15159
34533,20378
34534,20372
34535,20326
34536,20434
34537,20431
34538,20290
34539,20457
34540,20451
34541,20419
34542,20369
34543,20349
34545,20426
34546,20404
34547,20424
34548,20423
34549,20422
34550,20421
34551,19411
34552,20288
34553,20286
34555,20435
34556,20133
34557,20359
34558,20418
34559,20370
34560,19818
34561,19896
34562,20320
34563,20438
34564,20417
34565,
34566,20469
34567,20448
34568,20420
34569,20447
34570,20432
34571,
34572,
34573,20287
34574,20292
34575,20433
34576,19709
34577,20339
34578,20409
34579,20411
34581,20450
34582,20328
34583,20275
34584,20274
34585,20330
34586,20109
34587,20270
34588,20255
34589,19966
34590,18760
34592,20331
34594,20317
34595,19954
34596,20267
34597,20475
34598,20472
34599,20473
34600,20474
34601,19734
34602,20471
34603,20470
34604,20190
34605,17819
34606,17819
34607,19818
34608,18954
34609,20525
34611,20478
34612,20350
34613,19817
34614,20197
34615,19814
34616,20479
34617,14804
34618,20456
34619,20283
34620,20415
34621,2964
34622,14910
34623,14910
34624,20339
34625,20370
34626,20203
34627,19601
34628,20108
34629,20108
34630,20357
34631,20199
34633,20203
34634,20383
34635,20199
34636,20452
34637,19431
34638,20445
34639,20439
34640,20444
34641,20446
34642,20454
34643,20454
34644,20455
34645,20437
34646,19544
34647,20442
34648,20440
34649,16662
34650,20207
34651,16632
34653,20327
34654,20483
34655,20480
34656,19734
34657,20352
34658,10547
34659,327
34660,
34663,20488
34664,20485
34665,20077
34666,20290
34667,20289
34668,20431
34669,20434
34670,20207
34671,20208
34672,20216
34673,14916
34674,20369
34675,20476
34676,19816
34677,19974
34678,20438
34679,20315
34680,19587
34681,20220
34682,20510
34683,19886
34684,20482
34685,20199
34686,20199
34687,20384
34688,12955
34689,20203
34690,20448
34691,20351
34692,20382
34693,20526
34694,20527
34695,19893
34696,20078
34697,19637
34698,20128
34699,20412
34700,20432
34701,20495
34702,20509
34703,20285
34704,20452
34705,19935
34706,20480
34707,20302
34708,19087
34709,20524
34710,20511
34711,20362
34712,20108
34713,20108
34714,20108
34715,20530
34716,20561
34717,20386
34718,20352
34719,20513
34720,
34721,
34722,7427
34723,
34724,
34725,
34726,19025
34727,20329
34728,20276
34729,20108
34730,20586
34731,20365
34732,20328
34733,
34734,
34735,20077
34736,
34737,20220
34738,19519
34739,
34740,
34741,20456
34742,20456
34743,20283
34744,
34745,19763
34746,20580
34747,20573
34748,20432
34749,20581
34750,20582
34751,20216
34752,20587
34753,20132
34754,16632
34755,16662
34756,15159
34757,20434
34758,20528
34759,14916
34760,19087
34761,19238
34762,20577
34763,20510
34764,20364
34765,20584
34766,18932
34767,20206
34768,20589
34769,20381
34770,20579
34771,20225
34772,20578
34773,20397
34774,20502
34775,20410
34776,20322
34777,19239
34778,22221
34779,21633
34780,19436
34781,20583
34782,19927
34783,20289
34784,20290
34785,20591
34786,20480
34787,20302
34788,20594
34789,20409
34790,20512
34791,20337
34792,20338
34793,20590
34794,20447
34795,20274
34796,20109
34797,20588
34798,19709
34799,19954
34801,20345
34802,20345
34803,20345
34804,19419
34805,20596
34806,20597
34807,20595
34808,20593
34809,
34810,14916
34811,18942
34812,
34813,
34814,20480
34815,20599
34816,20326
34817,20605
34821,20220
34822,20108
34823,20602
34824,20528
34825,20603
34826,20603
34827,20601
34828,20292
34829,19819
34831,20600
34832,20525
34833,20638
34834,20641
34835,20639
34836,20414
34837,20566
34838,20567
34839,20644
34840,20643
34841,20449
34842,20642
34843,20432
34844,20446
34845,20446
34846,20645
34847,20592
34848,20592
34849,20592
34850,20592
34851,20592
34852,20592
34853,20592
34854,20592
34855,20592
34856,20592
34857,20322
34858,20495
34859,20496
34860,20497
34861,20498
34862,20498
34863,20499
34864,20500
34865,20500
34866,20501
34868,20578
34869,20154
34870,
34871,20114
34872,19699
34874,19816
34875,19470
34876,20154
34877,20154
34878,20574
34879,20574
34880,20488
34881,20597
34882,20527
34883,20108
34884,20444
34885,20203
34886,20231
34887,20231
34888,20650
34889,20231
34890,19544
34891,19544
34892,19544
34893,20432
34894,20600
34895,20676
34896,20676
34897,20328
34898,20220
34899,12189
34900,12955
34901,20410
34902,20649
34903,20329
34904,16901
34905,18231
34906,18230
34907,20668
34908,20585
34909,19935
34910,20648
34911,20659
34912,20652
34913,20390
34914,20103
34915,20395
34916,20394
34917,20098
34918,19699
34919,20654
34920,20672
34921,20661
34922,20663
34923,20664
34924,20664
34925,20667
34926,20315
34927,20438
34928,20195
34929,20125
34930,20351
34931,20595
34933,19569
34934,19784
34935,18233
34936,18386
34937,18228
34938,20656
34939,
34940,
34941,
34942,6299
34943,20678
34944,20457
34945,20457
34946,20192
34947,19699
34948,19470
34949,19470
34950,20672
34951,20567
34952,20566
34953,20414
34954,18227
34955,20647
34956,20670
34957,20670
34958,19411
34959,20696
34960,20696
34961,20477
34962,20695
34963,19816
34964,20662
34965,20646
34966,20674
34967,20683
34968,20699
34969,20444
34970,20677
34971,20108
34972,19238
34973,20329
34974,20701
34975,20651
34976,20565
34977,20383
34978,20488
34979,19820
34980,20675
34981,19239
34982,20680
34983,20679
34984,20681
34985,20672
34986,20695
34987,20131
34988,20682
34989,20329
34990,20637
34991,20634
34992,20527
34993,20526
34994,20670
34995,20527
34996,20694
34997,20693
34998,20693
34999,20692
35000,20691
35001,20199
35002,20488
35003,19396
35004,20458
35005,20459
35006,20461
35007,20462
35008,20460
35009,20464
35010,20465
35011,20700
35012,20322
35013,20514
35014,20701
35015,20331
35016,19709
35017,19917
35018,20698
35019,20697
35020,14804
35021,20671
35022,20576
35023,20341
35024,20339
35027,18226
35028,20356
35029,20291
35030,20703
35031,
35032,
35033,20676
35034,20672
35035,19699
35036,19699
35037,19470
35038,19470
35039,20725
35040,20154
35041,19948
35042,19601
35043,20527
35044,20527
35045,20701
35046,20502
35047,18932
35048,20704
35049,20684
35050,13619
35051,13834
35052,20309
35053,20683
35054,6299
35055,20410
35056,19935
35057,20702
35059,20341
35060,20709
35061,6299
35062,20576
35063,19601
35064,20231
35065,20527
35066,20683
35067,19463
35068,20710
35069,20462
35070,18234
35072,20483
35073,20672
35074,12955
35075,20672
35076,20527
35077,19699
35078,19470
35079,18232
35080,12955
35081,12955
35082,12189
35083,
35084,18942
35085,20711
35086,20410
35087,20649
35088,20601
35089,20712
35090,20684
35091,20566
35092,14916
35093,20713
35094,19601
35095,19544
35096,20722
35097,20714
35098,20331
35099,19954
35100,20723
35101,20414
35102,20681
35103,19816
35104,20595
35105,20485
35106,14804
35107,20691
35108,20650
35109,20718
35110,20716
35111,20724
35112,20600
35113,18236
35114,20715
35115,20508
35117,20231
35118,20683
35119,20683
35120,20728
35121,20728
35122,20662
35123,20730
35124,20527
35125,20527
35126,20727
35127,20726
35128,20717
35129,20509
35130,20432
35131,20733
35132,20732
35133,19389
35135,20673
35136,20673
35137,20731
35138,20734
35139,20736
35140,20277
35141,20525
35142,20642
35143,20699
35144,20417
35145,20737
35146,20738
35147,20627
35148,18235
35149,18228
35150,20735
35151,
35152,
35153,18942
35154,13627
35155,
35156,
35157,
35158,
35159,
35160,
35161,20417
35162,20744
35163,20309
35164,20527
35165,19391
35166,20683
35167,20740
35168,20741
35169,20739
35170,20743
35171,20667
35172,20107
35173,20747
35174,20384
35175,19419
35176,20728
35177,20728
35178,20742
35179,20312
35180,19470
35181,19699
35182,20725
35185,19319
35189,20455
35190,20748
35192,20745
35193,20746
35194,20750
35195,20600
35196,18404
35197,
35198,
35199,20192
35200,20755
35201,20754
35202,20345
35203,20763
35204,20386
35205,20765
35206,20734
35207,20527
35208,20767
35209,20752
35210,18233
35211,18237
35212,18234
35213,20677
35214,20777
35215,20755
35216,18227
35217,18230
35218,19419
35219,20672
35220,20771
35221,20774
35222,19935
35223,20107
35224,20442
35225,20743
35226,19544
35227,20747
35228,20664
35230,20764
35231,20442
35232,20731
35233,20778
35235,20779
35236,20783
35237,20785
35238,
35239,
35240,18701
35241,15957
35242,19901
35243,20571
35244,10547
35245,
35246,12664
35247,
35248,19025
35249,19391
35250,20682
35251,
35252,19470
35253,19699
35254,
35255,20725
35256,
35257,
35258,
35259,20755
35261,20794
35262,20795
35263,20798
35264,18239
35265,
35266,20780
35267,20754
35268,
35269,19569
35270,20743
35271,20810
35272,20784
35273,20801
35274,20758
35275,20791
35276,20770
35278,20793
35279,20796
35280,20808
35281,20809
35282,13834
35283,20799
35284,20797
35285,20789
35286,20787
35287,20786
35288,20659
35289,20148
35290,19896
35291,20425
35292,20426
35293,20424
35294,20421
35295,20798
35296,19896
35297,20811
35298,20315
35299,19001
35301,19917
35302,19544
35303,19544
35304,19544
35305,19544
35306,20199
35307,20107
35308,19375
35311,20438
35312,20603
35313,20239
35314,19396
35316,20433
35317,20788
35318,18238
35319,19763
35320,19519
35321,20582
35322,20770
35323,20581
35324,20580
35325,20792
35326,20792
35327,20814
35328,20749
35329,20757
35330,20748
35331,20816
35332,20815
35333,20772
35334,20773
35335,20761
35337,20818
35338,20782
35339,20781
35340,20819
35341,20817
35342,20741
35343,19966
35344,20756
35346,20806
35347,20762
35348,20237
35349,20809
35350,
35351,20835
35352,20527
35353,20683
35354,20527
35355,20784
35356,19519
35357,19763
35358,19470
35359,19470
35360,19699
35361,20154
35362,20725
35363,20725
35364,20581
35365,20582
35366,19600
35367,16901
35368,20835
35369,20768
35370,20769
35371,16661
35372,20734
35373,19896
35374,19422
35375,20767
35376,20830
35377,20834
35378,20770
35379,20770
35380,20820
35381,20774
35382,20836
35383,20828
35384,20832
35385,20827
35386,20826
35387,20789
35388,20787
35389,20843
35390,19396
35391,20840
35392,20844
35393,20845
35394,20846
35395,20831
35396,20847
35397,
35398,18172
35399,12189
35400,
35401,
35402,
35403,
35404,20849
35405,20851
35406,20852
35407,20778
35408,20817
35409,20855
35410,20527
35412,20859
35413,20859
35414,20859
35415,20859
35416,20421
35417,20858
35418,19544
35419,20514
35420,20734
35421,20770
35422,20322
35423,19544
35425,20237
35426,20775
35427,20860
35429,20757
35430,20600
35431,20285
35432,20673
35433,20747
35434,20855
35435,20855
35437,19763
35438,19519
35439,20525
35440,20755
35441,20733
35442,20447
35443,20591
35444,20861
35445,12189
35446,20581
35447,12955
35448,20108
35449,20862
35450,19840
35451,19840
35452,19840
35455,19840
35456,19840
35457,19840
35458,19840
35459,19840
35460,19840
35461,19840
35462,19840
35463,19840
35464,19840
35465,19840
35466,19840
35467,19840
35468,19840
35469,20736
35470,20865
35471,20863
35472,20867
35473,21006
35474,20869
35475,20848
35476,20761
35477,20850
35478,20812
35479,20822
35480,20854
35481,20791
35483,20788
35484,20001
35485,20868
35486,20856
35487,20756
35488,
35489,
35490,
35491,
35492,
35493,
35494,14916
35495,
35496,
35497,13627
35498,20728
35499,20852
35500,20421
35501,20873
35503,19470
35504,20725
35505,20537
35507,20154
35508,20154
35509,19853
35510,13483
35511,20347
35512,20869
35513,20875
35514,20527
35515,20527
35516,20884
35517,20746
35518,20830
35519,20887
35520,20885
35521,20514
35522,20849
35523,20886
35524,20890
35525,20890
35526,20913
35527,20891
35528,20891
35529,20904
35530,20903
35531,20910
35532,20909
35533,20874
35534,20749
35536,19544
35537,20287
35538,19816
35539,20911
35540,20906
35541,20857
35542,20756
35543,4327
35544,4327
35545,4327
35546,20913
35547,20913
35548,20386
35549,20823
35550,20527
35551,20527
35552,20888
35553,
35554,14592
35555,
35556,20721
35557,20922
35558,20923
35559,20914
35560,20889
35561,20733
35562,20114
35564,19544
35565,20851
35566,19419
35567,20928
35568,20931
35569,20845
35570,20567
35571,20681
35572,20679
35573,20925
35574,20926
35575,20930
35576,20927
35577,20929
35578,20847
35579,20844
35580,20813
35581,20924
35582,20604
35583,20920
35584,20921
35585,20934
35586,20919
35587,20935
35588,20935
35589,20322
35590,20938
35591,20936
35592,
35593,
35594,
35595,5559
35596,20945
35597,20950
35598,20932
35599,20935
35600,20935
35601,20938
35602,20933
35603,19699
35604,19699
35605,19470
35606,19470
35607,20912
35608,20933
35609,20933
35610,20836
35611,20748
35612,20749
35613,20749
35614,20949
35615,20951
35616,20438
35617,20905
35618,20788
35619,20971
35620,20960
35621,20961
35622,20962
35623,20847
35624,20845
35625,20603
35626,20925
35627,20913
35628,20527
35629,20527
35632,20944
35633,20959
35634,20964
35635,20947
35636,20948
35637,20952
35638,20963
35639,20957
35640,20972
35641,20965
35642,20967
35643,20966
35644,20968
35645,20953
35647,20457
35648,20977
35649,19763
35650,20582
35652,20777
35653,20777
35654,
35655,14916
35656,18172
35657,
35658,13627
35659,20945
35660,20954
35661,20981
35662,20982
35663,20978
35664,20603
35665,20865
35666,20988
35667,20933
35668,20996
35669,20996
35670,20891
35671,19871
35672,20891
35673,20891
35674,19166
35675,20989
35676,21001
35677,20999
35678,10547
35679,20864
35680,20815
35681,20322
35682,21004
35683,20913
35684,16901
35685,20993
35686,20995
35687,20994
35688,20956
35689,20955
35690,21007
35691,21003
35692,21002
35693,20773
35694,20997
35695,20998
35696,20910
35697,21005
35698,21003
35699,21003
35700,20832
35701,20980
35702,20748
35704,20888
35705,20913
35706,20681
35707,20457
35708,20992
35709,20459
35710,20458
35711,20874
35712,20874
35713,20874
35715,20581
35716,19436
35717,12955
35718,21007
35719,20603
35720,20604
35722,20996
35723,21009
35724,20341
35725,20790
35726,19840
35727,13627
35728,
35729,
35730,
35731,21010
35732,21011
35733,20768
35734,20813
35735,20477
35736,20777
35737,20736
35738,20755
35739,20918
35743,20733
35744,20447
35747,21013
35748,21022
35749,21014
35750,21014
35751,20341
35752,21024
35753,20812
35754,21016
35755,20996
35756,20874
35757,20854
35758,12189
35759,20913
35760,21030
35761,21031
35762,21032
35763,21027
35764,20998
35765,19917
35766,20749
35767,20916
35768,20890
35769,19776
35770,15536
35771,21033
35772,20576
35773,20865
35774,21007
35775,21038
35776,20746
35777,21039
35778,21033
35779,21028
35780,21026
35781,21039
35782,20514
35784,19410
35785,19409
35786,19407
35787,17929
35788,19408
35789,21034
35790,21035
35791,21037
35792,21044
35793,21044
35794,21045
35795,21046
35796,21053
35797,21053
35798,21022
35799,21022
35801,20997
35802,20527
35803,20728
35804,21047
35805,21040
35806,20919
35807,20867
35808,21041
35809,21025
35810,21012
35811,21057
35812,21058
35813,21059
35814,
35815,
35816,
35817,
35818,20527
35821,20874
35822,21061
35823,20996
35824,20996
35825,8189
35826,21061
35827,327
35828,21040
35829,21064
35830,20746
35831,21059
35832,20912
35833,21065
35834,20913
35835,20913
35836,21054
35837,21067
35838,20527
35839,21040
35840,20773
35841,20954
35842,21070
35843,20457
35844,21053
35845,21069
35846,20527
35847,14910
35848,17626
35849,20525
35850,20755
35851,20277
35852,20736
35853,20912
35855,21074
35856,20339
35857,21135
35858,21136
35859,19166
35860,21082
35861,21058
35862,20749
35863,20890
35864,20898
35865,20896
35866,21052
35867,21134
35868,20580
35869,21133
35870,19763
35871,20582
35872,19519
35873,21132
35874,21131
35875,21130
35876,21138
35877,20527
35878,20812
35879,21078
35880,21129
35881,21128
35882,21125
35883,21065
35884,20161
35885,20125
35886,19396
35887,20124
35888,19389
35889,20315
35890,20996
35891,21045
35892,20813
35893,21140
35894,21137
35895,20426
35896,21069
35897,21139
35898,13627
35899,21081
35900,21014
35901,21066
35902,21084
35903,12189
35904,
35905,20918
35906,19519
35907,21073
35908,21075
35909,21147
35910,21076
35911,21077
35912,21149
35913,20581
35919,21118
35925,21109
35927,21122
35928,21119
35930,21121
35931,21116
35933,21115
35938,21127
35941,21059
35942,21150
35944,20844
35945,21149
35946,19319
35947,19166
35948,21133
35949,21067
35950,21052
35951,20728
35952,21159
35953,20950
35954,21040
35955,21141
35956,19519
35957,10547
35958,20983
35959,21007
35960,21046
35961,21061
35962,19776
35963,20439
35964,20813
35966,21145
35968,21083
35969,21142
35970,21144
35971,21146
35972,21053
35973,21053
35974,21045
35975,21040
35976,21167
35977,20728
35978,21171
35979,21025
35980,21148
35981,19600
35982,18284
35983,20891
35984,19406
35985,21172
35986,21179
35987,21183
35990,20013
35991,19380
35992,20135
35993,19389
35994,20315
35995,20125
35996,20124
35997,21182
35998,19391
35999,19375
36000,20161
36001,20161
36002,20527
36003,21154
36004,20998
36005,21169
36006,20978
36007,21170
36008,21175
36009,20567
36010,21053
36011,20992
36012,14910
36013,20461
36014,20812
36015,20457
36016,20744
36017,20648
36018,21053
36019,21053
36020,13834
36021,20514
36022,21194
36023,21194
36024,20462
36025,20460
36028,20464
36029,20465
36030,21143
36031,20700
36032,20161
36033,20681
36034,21144
36035,21145
36036,21176
36037,21117
36038,21117
36039,21124
36040,21120
36042,21112
36043,21108
36044,21168
36045,21185
36046,21195
36047,20322
36048,21163
36049,21162
36050,21161
36051,21160
36052,21003
36053,20854
36054,14916
36055,21197
36056,
36057,21186
36058,21187
36059,21135
36060,21193
36061,21196
36062,21003
36063,21151
36064,21163
36065,21211
36066,21211
36067,14910
36068,17626
36069,21123
36070,20030
36071,
36073,13627
36074,21160
36075,21161
36076,20946
36077,21213
36078,21200
36079,21199
36080,21198
36082,20983
36083,19166
36084,20998
36085,20989
36086,21060
36087,21216
36088,20339
36089,21183
36090,20313
36091,21219
36092,20124
36093,20135
36094,21024
36095,21185
36096,20973
36097,20891
36098,16862
36099,21206
36100,21053
36101,21155
36102,21223
36103,21160
36104,21073
36105,21075
36106,21175
36108,20913
36109,21065
36110,21175
36111,19385
36112,17035
36113,20788
36114,20791
36115,20001
36116,21075
36117,21077
36118,21177
36120,17929
36121,18979
36122,16028
36123,21173
36124,20640
36125,21222
36126,20854
36127,21174
36128,20812
36129,21132
36130,21131
36131,21129
36132,21134
36133,20795
36134,21128
36135,20589
36136,21125
36137,21220
36138,21130
36139,21025
36140,21039
36141,21149
36142,17805
36143,21145
36144,19409
36145,19410
36146,20514
36147,21082
36148,21218
36149,21217
36150,20339
36151,21229
36152,21238
36153,21053
36154,20896
36155,13627
36156,
36157,409
36158,15789
36159,
36160,21242
36161,21241
36162,21243
36164,21209
36165,21005
36166,20814
36167,21211
36168,21211
36169,21225
36170,21226
36171,21228
36172,19543
36173,21162
36174,21259
36175,21260
36176,20824
36177,21003
36178,21073
36179,
36180,21053
36181,21065
36182,20401
36183,
36184,
36185,21065
36186,
36187,
36188,21257
36189,21235
36190,21250
36191,21251
36192,21233
36193,21224
36194,21230
36195,20581
36196,21200
36197,21244
36198,21280
36199,21325
36200,21326
36201,21232
36202,21247
36203,21283
36204,21274
36205,21252
36206,16027
36208,21234
36209,21275
36211,19763
36212,21291
36213,21290
36214,21290
36215,15405
36216,21211
36217,21288
36218,14916
36219,21286
36220,21284
36221,20971
36222,21207
36223,19407
36224,21273
36225,19991
36226,
36227,
36228,21231
36229,21272
36230,21294
36232,15536
36233,21222
36234,20813
36235,21297
36236,21297
36237,21194
36238,20891
36239,21316
36240,21053
36241,21327
36242,21170
36243,21242
36244,21302
36245,21300
36246,21301
36247,21220
36248,21166
36249,20996
36250,21211
36251,21322
36252,21289
36253,21307
36254,21306
36255,21182
36256,19387
36257,21255
36258,21287
36259,21330
36260,21160
36261,21296
36263,
36264,20975
36265,
36266,21338
36267,20792
36268,20788
36269,20791
36270,21329
36271,21328
36272,21298
36273,21333
36274,21335
36275,21222
36276,21241
36277,20827
36278,21155
36279,21243
36280,21193
36281,21218
36282,18281
36283,21334
36284,21076
36285,21075
36286,21073
36287,21257
36288,21149
36289,20827
36290,21260
36291,21320
36292,21065
36293,21175
36294,21216
36295,20315
36296,21337
36297,21331
36298,21331
36299,21180
36300,21339
36303,21160
36304,20955
36305,20952
36306,21295
36307,21285
36308,21299
36309,21025
36310,21235
36311,21224
36312,21060
36313,21343
36314,21219
36315,20339
36316,20603
36317,21216
36318,20604
36319,21259
36320,21333
36321,20781
36322,21349
36323,21351
36324,21356
36325,21356
36326,21356
36327,21356
36328,21356
36329,21356
36330,15118
36331,19974
36332,21207
36333,21151
36334,16862
36335,20950
36336,21361
36338,21334
36339,13627
36340,
36341,327
36342,21364
36343,21357
36344,21358
36345,21358
36346,20769
36348,20975
36349,21209
36350,20417
36351,
36352,20813
36353,21328
36354,21368
36355,21053
36356,21053
36357,21145
36358,21369
36359,21298
36360,20567
36361,21003
36362,10547
36363,20788
36364,21370
36365,21371
36366,21053
36367,21300
36368,10547
36369,20205
36370,21373
36371,20733
36372,21307
36373,21200
36374,21308
36375,20124
36376,21375
36377,20736
36378,21287
36379,19375
36380,20135
36381,21380
36382,15789
36383,
36384,13627
36385,
36386,21365
36388,21391
36389,20791
36390,21398
36391,21399
36392,21302
36393,19166
36394,21053
36395,21170
36396,21378
36397,21377
36398,21376
36399,21301
36400,21360
36401,21209
36402,17626
36403,19387
36405,20854
36406,21186
36407,21292
36408,21298
36409,
36410,21397
36411,21176
36412,21348
36413,21366
36414,21351
36415,21408
36416,21406
36417,20969
36418,21200
36419,21307
36420,21289
36421,21315
36422,21324
36423,20827
36424,21309
36425,21393
36427,21384
36428,21385
36429,21359
36430,21396
36431,21395
36433,21075
36434,21077
36435,21256
36436,21382
36437,21382
36438,21321
36439,21332
36440,19409
36441,21382
36442,21075
36443,21077
36444,20571
36445,21411
36446,21410
36447,21412
36448,20813
36449,19567
36450,20791
36451,20824
36452,21300
36453,20313
36454,21414
36455,21382
36456,21301
36457,20124
36458,21287
36459,13834
36460,21224
36461,21053
36462,21390
36463,21389
36464,20315
36465,19391
36466,
36467,19374
36468,
36469,21336
36470,19384
36471,21406
36472,8189
36473,
36474,
36475,10547
36476,13627
36477,21422
36478,21003
36479,21002
36480,21145
36481,21410
36482,21409
36483,20457
36491,21039
36493,21408
36496,21419
36497,21420
36500,21432
36501,21433
36502,16028
36503,21431
36504,21392
36505,21414
36506,21382
36507,21382
36508,21389
36509,21402
36510,21403
36511,21404
36512,21211
36513,21365
36514,21370
36515,21392
36516,21414
36517,21331
36518,16025
36519,20438
36520,21438
36521,16024
36522,16026
36524,21375
36525,21440
36526,21322
36527,21442
36528,21443
36529,20603
36530,20604
36531,21398
36532,21444
36533,21445
36534,21446
36535,21242
36536,21301
36537,20736
36538,20736
36539,20736
36540,20736
36541,21429
36542,21374
36543,21407
36544,21237
36545,21425
36547,21451
36549,21431
36551,20094
36552,18496
36553,21426
36554,21002
36555,20313
36556,
36557,21453
36558,21145
36559,21320
36560,21320
36561,21320
36562,21431
36563,20827
36564,21481
36565,21475
36566,21469
36567,21290
36570,21430
36571,21430
36573,21430
36574,21478
36575,21373
36576,21382
36577,21382
36578,21488
36579,21438
36580,21438
36582,21039
36583,21402
36584,21404
36585,21403
36586,21255
36587,19391
36588,21382
36589,21382
36590,4327
36591,21488
36592,21488
36593,21400
36594,21331
36595,21180
36596,21180
36597,21180
36598,21473
36599,14910
36600,14913
36601,12955
36602,20874
36603,21470
36604,21166
36605,21176
36606,21472
36607,20315
36608,21485
36609,21293
36610,21476
36611,19375
36612,19387
36613,21466
36614,21463
36615,21186
36616,21186
36617,21495
36619,21114
36620,21113
36622,21127
36623,21126
36624,21111
36625,21224
36626,21408
36627,21460
36628,21461
36629,21462
36631,21252
36632,20792
36633,21180
36634,21486
36635,21156
36636,21153
36637,21494
36638,20148
36639,21496
36640,21149
36641,21149
36642,21464
36643,21465
36644,21490
36645,21491
36646,21492
36647,21493
36648,21163
36649,21161
36650,21467
36651,21468
36652,21445
36653,21242
36654,21369
36655,21489
36656,
36657,
36658,
36659,18172
36660,20571
36661,13627
36662,
36663,
36664,
36665,
36666,21471
36667,21417
36668,21416
36669,21364
36670,21500
36673,20736
36674,21395
36675,21506
36676,21507
36677,21499
36678,20971
36679,12189
36680,20458
36681,20459
36682,21156
36683,21320
36684,20460
36685,20464
36686,20461
36687,20462
36689,21476
36690,21293
36691,21143
36692,21503
36693,20816
36694,21457
36695,21447
36696,21448
36703,21454
36704,21455
36705,21455
36709,21456
36711,21487
36712,21385
36713,21474
36714,21404
36715,20827
36716,21511
36717,20700
36718,21513
36721,19896
36722,19319
36723,20733
36724,20989
36725,21509
36726,21514
36727,21382
36728,21353
36729,21483
36730,21480
36731,21477
36732,21355
36733,19840
36734,19840
36735,19840
36738,19840
36740,19840
36754,19840
36769,21068
36770,21517
36771,21516
36772,21521
36773,21148
36774,19840
36775,20896
36776,21504
36777,20858
36778,21502
36779,21501
36780,21431
36781,21040
36782,21519
36783,20640
36784,20791
36785,21581
36786,21529
36787,21523
36788,21522
36789,21507
36790,20792
36791,21527
36792,21531
36793,21333
36794,21530
36795,21320
36797,21528
36798,21532
36799,19407
36800,19407
36801,21416
36802,21417
36803,21429
36804,16901
36805,21538
36806,21331
36807,21539
36808,21209
36809,20996
36810,21496
36811,21525
36812,21153
36813,21537
36814,19375
36815,21123
36816,21122
36817,21524
36818,21539
36819,21536
36820,21433
36821,21526
36822,21286
36823,21488
36824,21257
36825,21011
36826,21384
36828,21508
36829,21505
36830,21418
36831,21319
36832,
36833,
36834,
36835,
36836,
36837,
36838,
36841,5403
36842,18404
36843,21560
36844,21467
36845,21633
36847,21320
36848,19407
36849,21402
36850,21356
36851,21511
36852,21331
36853,21497
36854,21430
36855,21408
36856,21577
36857,21602
36858,21528
36859,10933
36860,21618
36861,21618
36862,21619
36863,21619
36864,21615
36865,21615
36866,21615
36867,21610
36868,21608
36869,21600
36870,21598
36871,21568
36872,21565
36873,21403
36874,21348
36875,21348
36876,21404
36877,21469
36878,21488
36879,19393
36880,21463
36881,21402
36882,21404
36884,21153
36885,21053
36887,21400
36888,21517
36889,21156
36890,21402
36891,20996
36892,21211
36893,19407
36894,19408
36895,21366
36896,19387
36897,19374
36898,19384
36899,20736
36900,20874
36901,21160
36902,21040
36903,21629
36904,21543
36905,21544
36906,21545
36907,21567
36908,21149
36909,21569
36910,21163
36911,21161
36912,21162
36914,21628
36915,21628
36916,21628
36917,21566
36918,21566
36919,21548
36920,20604
36921,14550
36922,21107
36923,21573
36925,21308
36926,21531
36927,21306
36928,21630
36929,21552
36930,21561
36931,21452
36932,21551
36933,21518
36934,21617
36935,21585
36936,21575
36937,21374
36938,21457
36939,21559
36940,21558
36941,21333
36942,21580
36943,17354
36947,21574
36948,21639
36949,21053
36950,21547
36951,21550
36952,21153
36953,21562
36954,21222
36955,21549
36956,21422
36957,21603
36958,21431
36959,21582
36960,20858
36961,21632
36964,21149
36965,21600
36966,21290
36967,21630
36968,21631
36969,21255
36970,21476
36971,21606
36972,21565
36973,21598
36974,21175
36975,21635
36976,21408
36977,20464
36978,
36979,
36980,
36981,
36982,13627
36983,14916
36984,14916
36985,14916
36987,14916
36988,21531
36989,21356
36990,21149
36991,21308
36993,21568
36994,21608
36995,21290
36996,21645
36997,21645
36998,21373
36999,21611
37000,21622
37001,21612
37002,21613
37003,21614
37004,21620
37005,21621
37006,21623
37007,21528
37008,21176
37009,21593
37010,21607
37011,21634
37012,21464
37013,21560
37014,21286
37015,21605
37016,21570
37017,21604
37018,21627
37019,21627
37020,21320
37021,21608
37022,21608
37026,21589
37027,21588
37028,21587
37029,21586
37030,21601
37031,21367
37032,21367
37033,21636
37034,21637
37035,21495
37036,21537
37037,21206
37038,21631
37039,20946
37040,21145
37041,21638
37042,21647
37044,21529
37045,21209
37046,21430
37047,20791
37048,21646
37049,21156
37050,21517
37051,21183
37052,20339
37053,21156
37054,20898
37055,21650
37056,21643
37057,21458
37058,21160
37059,20800
37060,21514
37061,21644
37062,21478
37063,21328
37064,21469
37065,21625
37066,21156
37067,21653
37068,21430
37070,21572
37071,21572
37072,21572
37073,14913
37074,14913
37075,21116
37076,21522
37077,21582
37078,21523
37079,19890
37080,21186
37081,
37082,
37083,21660
37084,21672
37085,21433
37086,20604
37087,21356
37088,21422
37089,21669
37090,21647
37091,21660
37092,21560
37093,21651
37094,21149
37095,21257
37096,21662
37097,21216
37098,20733
37099,21149
37100,21565
37101,21568
37102,21598
37103,21600
37104,21348
37105,21630
37106,21290
37109,21678
37110,21676
37111,21465
37112,21665
37113,21373
37115,21564
37116,21641
37117,21211
37118,20996
37119,21160
37120,21211
37121,21578
37122,21578
37124,21564
37125,21598
37126,21565
37127,21600
37128,21162
37129,21161
37130,21408
37131,21160
37133,12780
37134,21670
37135,21706
37136,21400
37137,21568
37139,21717
37140,21715
37141,21716
37142,21714
37143,14910
37144,14910
37145,21705
37146,21530
37147,21186
37154,21473
37155,21654
37156,21655
37157,21656
37158,21657
37159,21658
37160,21659
37161,21181
37162,21664
37163,21675
37164,21675
37165,21216
37166,21679
37169,21320
37170,21614
37171,21668
37172,21694
37173,21495
37174,21709
37175,
37176,
37177,21724
37178,21149
37179,16028
37180,20800
37181,21457
37182,21149
37183,21488
37184,21488
37185,21549
37186,21549
37187,16970
37188,21327
37189,21726
37190,21717
37191,20733
37192,21720
37193,21492
37194,21621
37196,21328
37197,21525
37198,21328
37199,21525
37200,21430
37201,19419
37202,21679
37203,21734
37204,21735
37205,21732
37206,21695
37207,21700
37208,21701
37209,21702
37210,21703
37211,21708
37212,21730
37213,21731
37214,21209
37215,21733
37216,21723
37217,21652
37219,20736
37220,21320
37221,21557
37222,21729
37223,21729
37224,14913
37225,21725
37226,21719
37227,16024
37229,21680
37230,21526
37231,21475
37232,21143
37233,21053
37234,21676
37235,21722
37236,21529
37237,21640
37238,21721
37239,19387
37240,324
37241,15118
37242,21224
37243,21620
37244,21493
37245,21638
37246,21527
37247,21751
37248,21231
37249,21149
37252,21257
37255,21746
37256,21747
37257,21608
37258,21608
37259,21395
37261,21734
37262,21753
37263,21744
37264,21600
37265,21755
37266,21060
37267,21237
37268,21676
37269,21741
37271,21662
37272,16027
37273,16028
37274,21739
37275,21611
37276,21742
37277,21748
37278,21749
37279,21750
37280,21743
37281,21650
37282,21149
37283,21527
37284,21751
37285,21517
37286,21529
37287,21053
37288,21633
37289,21759
37290,21504
37291,21664
37292,21511
37293,21581
37294,20800
37295,21761
37296,21735
37297,21735
37299,21643
37300,21643
37301,21290
37302,21408
37303,20874
37304,21161
37305,21560
37306,21758
37307,21760
37308,21517
37309,21331
37310,21598
37311,21751
37312,21565
37313,21568
37314,21404
37315,12955
37316,21630
37317,21331
37318,20946
37319,21497
37320,20912
37321,21782
37322,21770
37323,16024
37324,21525
37325,21328
37326,20698
37327,21759
37328,16174
37329,21628
37332,21211
37333,21752
37334,21767
37335,21773
37336,19896
37337,21511
37338,21319
37339,21765
37340,21765
37341,21162
37342,21579
37343,21579
37344,21600
37345,21744
37346,21161
37347,21769
37348,21160
37349,21608
37350,21039
37351,21740
37352,21740
37353,21781
37355,21161
37356,4327
37360,21163
37361,21160
37362,21610
37363,21586
37364,21589
37366,21587
37367,21639
37368,21156
37369,21763
37370,21590
37371,21591
37373,21593
37374,21768
37375,20339
37376,21777
37377,21748
37378,19319
37379,21465
37380,21585
37381,21475
37382,21060
37383,21641
37384,21085
37385,21149
37386,21761
37387,21761
37388,21039
37389,21638
37390,21791
37391,21785
37392,
37393,21795
37394,21608
37395,21039
37396,19319
37397,21471
37398,21518
37399,21773
37400,21237
37401,21014
37402,21801
37403,21786
37404,21745
37406,21745
37408,21417
37409,21784
37410,21784
37411,21784
37412,21784
37413,21716
37414,21717
37415,21717
37416,16330
37417,21619
37418,21495
37419,21495
37421,20733
37422,14913
37423,21805
37424,21704
37425,20800
37426,21652
37427,21561
37428,21638
37429,21529
37430,21525
37431,21702
37432,21703
37433,21793
37434,21794
37435,21435
37436,21436
37438,21650
37439,21639
37440,21796
37441,21797
37442,21473
37443,21701
37444,21679
37445,21524
37446,21320
37447,21411
37448,21807
37449,21486
37450,21231
37451,21800
37452,21798
37453,21775
37454,21814
37455,21774
37456,21776
37457,21761
37458,21806
37459,21815
37460,21815
37461,21610
37462,21757
37463,21819
37464,21818
37465,21817
37466,21817
37467,21812
37468,21808
37471,21802
37473,21766
37474,21809
37475,21748
37476,21211
37477,21211
37478,21574
37479,21811
37480,21813
37481,21614
37482,21730
37483,21787
37484,21664
37485,21758
37486,21821
37487,21638
37488,21761
37489,21703
37490,21702
37491,21708
37492,21822
37493,19319
37494,21820
37495,21739
37496,21639
37497,21824
37500,20457
37506,21796
37507,21328
37508,21127
37509,20733
37510,20815
37511,20815
37512,21787
37513,21788
37514,21826
37515,21827
37516,21828
37517,21676
37518,21613
37519,21807
37520,21473
37521,20698
37522,21180
37525,21562
37527,21830
37528,21831
37529,
37530,21833
37531,20800
37532,21186
37533,21700
37534,21832
37535,21805
37536,21803
37537,
37538,21777
37539,21704
37540,16330
37541,21803
37542,21665
37543,21564
37544,19319
37545,19319
37546,21786
37547,21828
37548,21509
37549,19896
37551,21652
37552,21803
37553,21559
37554,21804
37555,19966
37556,21625
37557,21702
37558,15789
37559,21652
37560,21835
37561,21860
37562,21504
37563,21574
37564,21838
37565,21842
37566,21843
37567,21845
37568,21844
37569,21846
37570,21834
37571,21834
37572,21836
37573,21819
37575,21579
37576,21156
37577,21858
37578,21495
37579,20603
37580,20604
37581,21356
37582,21495
37583,21495
37584,21752
37585,21811
37586,21701
37587,21708
37588,21703
37589,21525
37590,21153
37591,21436
37592,21290
37593,21812
37594,21808
37596,21331
37597,21755
37598,21726
37599,21714
37600,324
37601,
37602,21861
37603,21805
37604,21803
37605,20815
37606,21504
37607,21867
37608,21784
37609,21784
37610,21878
37611,21703
37612,21700
37613,21328
37614,21473
37615,21702
37616,21708
37617,20604
37618,20603
37619,21591
37620,21586
37621,21588
37622,21592
37623,21186
37624,21633
37625,21878
37626,21471
37627,20698
37628,21525
37629,21328
37630,21729
37631,21448
37632,21447
37634,21449
37635,21450
37636,21766
37637,21320
37638,21835
37639,21480
37640,21328
37641,21477
37642,21234
37643,21852
37644,21851
37645,21519
37646,21854
37647,21879
37648,21797
37649,21796
37650,21824
37651,21850
37652,21853
37653,21849
37654,21847
37655,21807
37656,21856
37657,21857
37658,21630
37659,21744
37660,21803
37661,21411
37662,21320
37663,21127
37664,21872
37665,21473
37666,21863
37667,21880
37668,21869
37669,
37670,21320
37671,21511
37672,21557
37673,21881
37674,21877
37676,21800
37677,21486
37678,21838
37679,21733
37680,21611
37681,21611
37682,21770
37683,21887
37684,21860
37685,21875
37686,21875
37687,21875
37688,21668
37689,21794
37690,21524
37692,21813
37693,21885
37694,21883
37695,21749
37696,21896
37697,21895
37698,21894
37699,21893
37700,21613
37701,21743
37702,21747
37703,21742
37704,21892
37705,21890
37706,21891
37707,21865
37708,21726
37709,21153
37710,21888
37711,21600
37712,21825
37713,21757
37714,12955
37715,21529
37716,21862
37717,
37718,21447
37719,21829
37720,21803
37721,21868
37722,21868
37723,21910
37724,21293
37725,21293
37726,21846
37727,21519
37728,21854
37729,21899
37730,21901
37731,21900
37732,21550
37733,21889
37734,21834
37735,20996
37736,21331
37737,21755
37738,21701
37739,21904
37741,21841
37742,21840
37743,21839
37744,21356
37745,20603
37746,21913
37747,16286
37748,21886
37749,21430
37750,21907
37751,21833
37752,21858
37753,21844
37754,21845
37755,21835
37756,21607
37757,21634
37758,21272
37759,21914
37760,21567
37761,21186
37762,21186
37763,21912
37764,21911
37765,21485
37766,21915
37767,20603
37768,20604
37769,20815
37770,21572
37771,21916
37772,20698
37773,21917
37774,19387
37775,21898
37776,21787
37777,21788
37778,21866
37779,21897
37780,21920
37782,21701
37783,21916
37784,21564
37785,21929
37786,16330
37787,17626
37789,21927
37790,21926
37791,21928
37792,21784
37793,21918
37795,21417
37796,21834
37797,21832
37798,21579
37799,21766
37800,21559
37801,21519
37802,21798
37803,21115
37804,14916
37805,21497
37806,21933
37807,21921
37808,21906
37809,21902
37810,21903
37811,21858
37812,21812
37813,21630
37814,21744
37815,21600
37816,21153
37817,21708
37818,21703
37819,21700
37820,21525
37821,21356
37822,21910
37823,21726
37824,21916
37825,21186
37826,20996
37827,21126
37828,21919
37829,21922
37830,21930
37831,21937
37832,16286
37833,4327
37834,4327
37835,21939
37836,21878
37837,21328
37838,21670
37839,21156
37840,21694
37841,21931
37842,21411
37843,21411
37844,21864
37845,21812
37846,21557
37847,21437
37848,21803
37849,21928
37850,21915
37851,21366
37852,21874
37853,21945
37855,21947
37856,21944
37857,21934
37858,14550
37859,19896
37860,19375
37861,19371
37862,21331
37863,21803
37864,21755
37865,21594
37866,21886
37867,21928
37868,21766
37869,21511
37870,21964
37871,21776
37872,21966
37873,20604
37874,21373
37875,21929
37876,21939
37877,21186
37878,21495
37891,21560
37892,21793
37893,21153
37894,21967
37897,21290
37898,21606
37899,14804
37900,20604
37901,21476
37902,21356
37903,21972
37904,21953
37905,21180
37906,21829
37907,16330
37908,21744
37909,21932
37910,21971
37911,21708
37912,21675
37913,20603
37914,21926
37915,21774
37916,21976
37917,21975
37918,21974
37919,21977
37920,21870
37921,21745
37922,21011
37923,21949
37924,21586
37925,21875
37926,21978
37927,21905
37928,21950
37929,21811
37930,21990
37931,20603
37932,20604
37933,20736
37934,21989
37935,21729
37936,21987
37937,21994
37938,19896
37939,21995
37940,21997
37941,21970
37942,21969
37943,21797
37945,21877
37946,21486
37947,21431
37948,21664
37949,21943
37950,21981
37951,21858
37952,21973
37953,21972
37954,21979
37955,21980
37956,21983
37957,21829
37958,21982
37960,21290
37961,21945
37962,21675
37963,21971
37964,22001
37965,21883
37966,21757
37967,20604
37968,21373
37969,22000
37970,22000
37971,21740
37972,21963
37973,21935
37975,21634
37976,21815
37977,22002
37978,22002
37979,22002
37980,22002
37981,21951
37982,21960
37983,21984
37984,22003
37985,22004
37986,22005
37987,22006
37988,21996
37989,22003
37990,21992
37991,21992
37992,21947
37993,21755
37994,21818
37995,21495
37996,21968
37997,14916
37998,
37999,
38000,
38001,14550
38002,22087
38003,21989
38004,22087
38005,22087
38006,22048
38007,19319
38008,21943
38009,22006
38010,21511
38011,21557
38012,21495
38013,21495
38014,21495
38015,21411
38016,20733
38017,21803
38018,21331
38019,21890
38020,21726
38021,21825
38022,21156
38023,21579
38024,21373
38025,21011
38026,22091
38027,21950
38028,21558
38029,21776
38030,21903
38031,21333
38032,21906
38033,22007
38034,21925
38035,22050
38036,21574
38037,22092
38038,21529
38039,22094
38040,22047
38041,22052
38042,21153
38043,21744
38044,21819
38045,21887
38046,21408
38047,22096
38048,22087
38049,22085
38050,22085
38051,22086
38052,20340
38053,21774
38054,21127
38055,22022
38056,21769
38057,21976
38058,21951
38059,22031
38060,22032
38061,22042
38062,22095
38063,22076
38064,20174
38065,21381
38066,21987
38067,21567
38068,22049
38069,22061
38070,16439
38071,21476
38072,22051
38073,21448
38074,21186
38075,19375
38076,22060
38077,22058
38078,21747
38079,21749
38080,22023
38081,21891
38082,22001
38083,21742
38084,21895
38085,22065
38086,21894
38087,21604
38088,21558
38089,22094
38090,22045
38091,21881
38092,21815
38093,22053
38094,21911
38095,21951
38096,21954
38097,21592
38098,22116
38099,22120
38100,22122
38101,22112
38102,22112
38103,20313
38104,22056
38105,21995
38106,21864
38107,22114
38108,22114
38109,22002
38111,22046
38112,22046
38113,22046
38114,22046
38115,22046
38116,21180
38117,20339
38118,22115
38119,22054
38120,22021
38121,22015
38122,22117
38123,22114
38124,21829
38125,21411
38126,21411
38127,21752
38128,19954
38129,19271
38130,21988
38131,21866
38132,22087
38133,22110
38134,22104
38135,22126
38136,21558
38137,22118
38138,22087
38139,22111
38140,22111
38141,22099
38145,21156
38146,21331
38147,21726
38148,21892
38149,21628
38150,21153
38151,22087
38152,21702
38153,22110
38154,22128
38155,22100
38156,22090
38157,22097
38158,22034
38159,21978
38160,22105
38161,22050
38162,22048
38163,22047
38164,21889
38165,20592
38166,22129
38167,21948
38168,22133
38169,20340
38170,21970
38171,21989
38172,12780
38173,21878
38174,22131
38175,21431
38176,22130
38177,21976
38178,21480
38179,22109
38180,21875
38181,21702
38182,21833
38183,21833
38184,20736
38185,21447
38186,21591
38187,21586
38188,21589
38190,21379
38191,21379
38192,22059
38193,21497
38194,14916
38195,21931
38196,22121
38197,
38198,
38199,22143
38200,21411
38201,21987
38202,22145
38203,22145
38204,21989
38205,21558
38206,21983
38207,21982
38208,22076
38209,21153
38210,21945
38211,22105
38212,21729
38213,22160
38214,21801
38215,21628
38216,21373
38217,22002
38219,21943
38220,21766
38221,21579
38222,21579
38224,21887
38225,21331
38226,21819
38227,21765
38228,21290
38229,21156
38230,21610
38231,21802
38232,21400
38233,21803
38234,20996
38235,21808
38236,21890
38237,21820
38238,21820
38240,21536
38241,21635
38242,16439
38243,21729
38244,21954
38245,865
38246,22118
38247,21601
38248,21889
38249,21411
38250,22061
38251,21948
38252,21634
38253,19954
38254,22032
38255,22136
38256,19422
38257,21987
38258,21862
38259,21480
38260,21558
38261,21968
38262,22121
38263,22152
38264,22170
38265,22168
38266,22105
38267,22002
38268,22160
38269,22131
38270,21825
38272,21770
38274,20733
38275,22174
38276,22174
38277,22143
38278,22141
38279,22050
38280,22052
38282,21454
38283,21454
38284,21449
38285,21564
38286,22142
38287,21606
38288,22153
38289,22155
38290,22164
38291,22154
38292,22166
38293,22134
38294,22169
38295,22165
38296,21476
38297,22087
38298,22178
38299,21469
38300,21529
38301,21625
38302,19966
38303,21561
38304,21481
38305,19319
38306,22111
38307,21381
38308,19387
38309,19387
38310,21180
38311,21180
38312,22182
38313,22181
38314,22087
38315,22182
38316,12965
38317,12965
38318,21729
38319,22190
38321,22185
38322,22185
38323,22129
38324,20592
38325,22127
38326,22127
38329,22191
38330,22192
38331,21473
38332,21186
38333,22131
38334,21883
38335,22157
38336,21793
38337,21675
38338,19384
38339,22162
38340,21978
38341,22105
38342,22002
38343,22160
38344,22014
38345,21588
38346,12955
38347,21791
38348,21995
38349,21469
38351,21987
38352,21987
38353,22196
38354,22200
38355,22168
38356,21564
38357,22160
38358,21411
38359,22197
38360,21788
38361,22176
38362,21805
38363,22172
38364,22201
38365,22159
38366,22188
38367,22188
38368,21320
38369,21701
38370,21702
38371,21708
38372,21319
38373,21286
38374,18733
38375,21664
38376,22197
38377,21875
38378,21875
38379,22051
38380,21801
38381,21333
38382,22199
38383,22208
38384,
38385,22118
38386,22145
38387,19319
38388,21752
38389,16439
38390,22128
38391,22198
38392,21632
38393,20432
38394,22206
38395,22123
38396,22124
38397,22125
38398,21940
38399,20313
38400,22087
38401,22205
38402,21586
38403,14916
38404,21590
38405,21587
38406,21589
38407,21898
38408,21893
38409,22142
38410,21749
38411,22179
38412,14916
38413,21858
38414,22186
38415,21975
38416,21981
38417,22167
38418,20946
38419,22119
38420,22119
38421,22119
38422,22119
38423,22173
38424,21628
38425,22184
38426,21969
38427,22203
38429,22207
38430,22207
38431,22207
38433,22052
38434,21633
38435,22215
38436,22047
38437,21601
38438,22189
38439,22105
38440,22170
38441,22170
38442,22168
38443,21319
38444,21319
38445,22221
38446,21633
38447,21497
38448,12965
38449,22216
38450,22217
38451,21755
38452,21703
38453,22080
38454,21591
38455,22214
38456,22207
38457,22207
38458,22207
38459,20733
38460,22050
38461,21327
38462,21457
38463,21257
38464,22056
38465,22197
38467,21488
38468,16174
38469,22223
38470,21817
38471,21770
38472,22234
38473,21916
38474,21581
38475,22235
38476,22231
38477,22170
38478,22152
38479,22219
38480,22197
38481,22197
38482,21628
38483,22238
38484,21766
38485,22016
38486,22017
38487,22018
38488,22245
38489,22239
38490,21744
38491,21945
38492,22210
38493,22210
38494,21781
38495,21781
38496,22211
38497,22211
38498,22052
38499,21729
38500,22252
38501,22236
38502,22237
38503,22195
38504,22209
38505,22050
38506,22213
38507,21594
38508,22220
38509,22240
38510,21320
38511,21858
38512,22047
38513,22014
38514,21286
38515,22222
38516,22224
38517,22226
38518,22227
38519,22228
38520,22230
38521,22233
38522,21436
38523,21435
38524,21633
38525,22147
38526,22241
38527,22142
38528,21606
38529,22232
38530,21476
38531,16862
38532,22244
38533,22243
38534,22242
38535,21328
38536,22051
38537,18733
38538,21480
38539,21982
38540,22262
38541,21450
38542,21455
38543,21448
38544,21760
38545,21758
38546,21257
38547,21286
38548,21286
38549,22225
38550,22229
38551,21529
38552,22253
38553,22260
38554,22260
38555,22260
38556,22260
38559,21774
38560,22088
38561,21956
38562,21932
38563,19375
38564,17080
38565,21186
38566,21447
38567,20698
38568,21983
38569,21529
38570,22023
38571,22204
38572,22273
38573,22235
38574,22231
38575,21411
38576,22271
38577,21968
38578,21333
38579,22153
38580,21935
38581,21675
38582,21801
38583,20733
38584,21588
38585,22111
38586,21817
38587,19387
38588,19387
38589,22259
38590,22052
38591,22142
38592,22157
38593,22274
38594,12955
38595,21870
38596,21875
38597,22279
38598,22272
38599,4327
38600,4327
38601,22284
38602,21701
38603,22163
38604,22255
38605,17080
38606,22221
38607,22221
38608,21702
38609,22283
38610,22197
38614,21793
38615,22256
38616,21411
38617,22288
38618,22288
38619,22288
38620,22180
38621,22216
38622,22013
38623,22290
38624,22048
38625,21987
38626,22023
38627,22106
38628,22047
38629,22101
38634,22214
38635,22258
38637,
38638,
38639,22129
38640,21411
38641,22305
38642,22305
38643,22300
38644,22065
38645,22185
38646,22306
38647,22288
38648,22288
38649,22288
38650,22291
38651,22294
38652,22178
38653,21770
38654,21441
38655,22197
38656,21916
38657,21817
38658,22296
38659,22083
38660,22245
38661,22299
38662,21290
38663,21400
38664,21945
38665,21945
38666,21817
38667,22307
38668,22216
38669,22214
38670,21286
38671,21476
38672,21606
38673,21320
38674,22048
38675,22303
38676,22303
38677,21586
38678,21593
38679,21592
38680,22295
38681,22286
38682,22208
38683,22154
38684,22254
38686,22311
38687,22310
38688,22312
38689,21529
38690,22313
38691,21411
38692,21455
38693,21456
38694,22207
38695,22309
38696,22281
38697,22282
38698,22223
38699,22273
38700,22084
38701,22100
38702,20768
38703,20769
38704,22223
38705,21943
38706,22219
38707,22147
38708,22241
38709,20313
38710,21400
38711,21817
38712,21770
38713,21450
38714,21755
38715,22292
38716,21668
38717,21448
38718,21875
38719,22292
38720,22014
38721,22316
38722,21978
38723,22221
38724,22348
38725,22221
38726,22233
38727,22319
38728,22230
38729,22228
38730,22107
38731,19840
38732,21981
38733,22076
38734,21864
38735,22306
38736,22306
38737,22263
38738,22163
38739,22163
38740,22065
38741,22165
38742,22295
38743,21774
38745,21606
38746,22197
38747,16203
38748,21912
38749,21180
38750,22353
38751,21834
38752,20138
38753,22305
38754,22305
38755,16330
38756,17626
38757,22185
38758,22310
38759,21454
38760,22216
38761,22171
38762,22260
38763,22307
38764,22307
38765,22357
38766,22360
38767,22258
38768,21765
38770,22213
38771,22047
38772,21156
38773,22289
38774,22246
38775,20996
38776,21628
38777,21628
38778,21766
38779,21766
38780,21766
38781,21664
38782,22251
38783,22349
38784,22348
38785,21257
38786,22223
38787,22320
38788,22000
38789,22350
38790,22010
38791,21320
38792,22366
38793,22363
38794,20313
38795,22307
38796,22307
38797,22307
38798,21108
38799,21411
38800,22380
38801,22380
38802,22358
38803,22185
38804,21127
38805,22295
38806,22166
38807,22154
38808,22208
38809,22169
38810,22121
38811,22155
38812,22318
38813,22359
38814,21454
38815,21664
38816,22197
38817,21286
38818,21476
38819,22371
38820,22385
38821,22052
38822,22052
38823,22127
38824,22370
38825,22298
38826,22297
38827,22381
38828,21928
38829,22127
38830,22376
38831,22317
38832,21758
38833,22386
38834,22386
38835,22386
38836,22356
38837,22213
38838,22048
38839,22118
38840,22391
38841,22391
38843,22363
38844,21963
38845,21963
38846,21963
38847,22322
38850,22047
38851,22213
38852,22372
38853,21592
38854,22373
38855,22354
38856,21901
38857,21703
38858,14916
38859,21186
38860,22218
38861,
38862,
38863,22300
38864,22387
38865,22119
38866,22224
38867,22222
38868,22389
38869,22389
38870,22240
38871,22353
38872,22207
38873,22260
38874,21447
38875,21060
38876,22121
38877,21729
38878,22273
38879,21675
38880,17095
38881,22419
38882,22374
38883,21916
38884,21916
38885,22396
38886,22397
38887,22418
38888,16174
38889,21808
38890,22197
38891,21817
38892,22247
38893,22221
38894,22306
38895,21984
38896,21983
38897,21982
38898,22358
38899,22392
38900,2808
38901,22296
38902,21328
38903,22421
38904,21943
38905,22246
38906,22424
38907,22420
38908,4327
38909,21901
38910,22241
38911,22150
38912,21778
38913,
38914,22178
38915,21448
38916,12549
38917,22083
38918,20427
38919,22442
38920,22433
38921,16373
38922,20733
38923,21593
38924,22448
38925,21586
38926,21703
38927,22261
38928,22208
38929,22359
38930,22449
38931,22441
38932,22441
38933,22441
38934,22441
38935,
38936,22273
38937,22425
38938,22427
38939,22018
38940,22157
38941,22237
38942,21747
38943,22428
38944,22429
38946,22431
38947,22240
38948,22353
38949,22451
38950,22251
38951,21766
38952,22250
38953,22289
38954,22221
38955,21833
38956,21605
38957,21755
38958,21408
38959,19840
38960,21180
38961,22443
38962,21454
38963,21450
38964,22052
38965,22197
38966,21430
38967,22358
38968,22452
38969,22119
38970,22363
38971,22363
38972,21286
38973,22305
38974,22305
38975,22305
38978,20457
38979,20457
38980,20457
38981,20457
38982,20457
38984,21476
38985,22366
38986,
38987,22061
38988,22401
38989,22214
38990,22233
38991,22379
38992,22430
38993,21186
38994,22378
38995,21447
38996,21448
38997,22309
38998,22306
38999,22213
39000,22047
39001,22454
39002,17626
39003,22457
39004,8912
39005,16203
39006,2964
39007,2964
39008,22460
39009,21400
39010,21802
39011,20996
39012,22433
39013,21987
39014,21835
39015,22465
39016,21400
39017,21693
39018,22456
39019,22462
39020,21817
39021,21766
39022,21633
39023,22444
39024,21887
39025,21943
39026,21765
39027,22246
39028,21596
39029,17805
39030,22207
39031,21864
39032,22421
39033,22470
39034,22251
39035,21441
39036,14916
39037,22458
39038,22250
39039,22469
39040,21770
39041,22420
39042,22420
39043,22320
39044,21987
39045,22305
39046,17095
39047,22486
39048,22486
39049,22420
39050,22155
39051,22240
39052,21749
39053,22047
39054,22194
39055,22478
39056,22479
39057,21701
39058,21328
39059,21286
39060,22049
39061,22311
39062,22484
39063,22485
39064,21702
39065,22366
39066,22353
39067,21487
39068,22197
39069,12955
39070,22422
39071,22423
39072,19387
39073,22051
39074,21373
39075,21437
39076,22375
39077,21408
39078,22483
39079,22074
39080,22075
39081,22102
39082,22064
39083,22063
39084,22066
39085,22067
39086,22068
39087,22069
39088,22070
39089,22071
39090,22072
39091,22073
39092,22426
39093,
39094,
39095,22489
39096,22184
39097,16373
39098,21833
39099,21916
39100,21332
39101,22470
39102,21745
39103,22510
39104,22208
39105,21802
39106,21290
39107,22444
39108,21610
39109,21610
39110,21628
39111,21628
39112,21943
39114,22289
39115,21596
39116,22246
39117,20996
39118,22439
39119,22498
39120,22251
39121,21400
39122,22247
39123,22250
39124,22420
39125,22369
39126,22369
39127,22369
39128,22369
39129,22369
39130,22369
39131,22369
39132,21835
39133,22309
39134,22369
39135,22127
39136,22127
39137,22127
39138,22515
39139,22515
39140,22047
39141,22491
39142,21752
39143,22463
39144,22517
39146,21755
39147,22459
39148,22320
39149,22493
39150,21982
39151,21983
39152,22281
39153,22167
39154,22262
39155,22444
39156,19840
39157,22185
39158,22169
39159,22518
39160,22490
39161,21984
39162,22250
39163,22486
39164,22496
39165,22358
39166,21476
39167,22506
39168,22497
39169,22501
39170,22492
39171,22503
39172,22357
39173,21943
39174,22513
39175,17626
39176,17626
39177,17626
39178,17626
39179,22520
39180,22516
39181,22014
39182,18733
39183,22508
39184,22366
39185,22521
39186,21454
39187,22509
39188,22246
39189,21701
39190,22494
39191,22495
39192,22427
39193,22239
39194,22484
39195,22420
39196,21802
39197,22121
39198,22164
39199,22154
39200,22499
39201,22499
39202,22360
39203,12965
39205,22247
39206,22507
39208,22519
39209,22500
39210,22455
39211,21605
39212,22530
39213,21916
39214,21916
39215,22197
39216,22197
39217,22535
39218,22513
39219,21488
39220,21320
39221,21610
39222,22289
39223,21290
39224,21943
39225,22508
39226,22301
39227,22301
39228,22524
39229,21834
39230,22463
39231,22525
39232,22420
39233,22523
39234,22356
39235,21187
39236,22526
39237,22527
39238,22528
39239,21943
39240,22536
39243,22246
39244,22537
39245,22503
39246,21400
39247,16439
39249,22470
39250,22486
39251,22106
39252,22538
39253,22504
39254,22543
39255,22545
39256,21802
39257,21474
39258,22541
39259,22366
39260,21766
39261,22544
39262,21887
39263,22444
39264,21610
39265,22251
39266,21328
39267,22552
39268,22506
39269,22358
39270,22358
39271,22529
39272,22488
39273,22501
39274,22547
39275,21702
39277,22289
39278,22178
39280,21987
39281,21987
39282,21987
39283,22366
39284,21916
39285,22197
39286,22549
39287,22540
39288,22540
39289,
39290,22550
39291,22049
39292,21833
39293,21186
39294,22551
39295,21328
39296,21703
39297,21834
39298,22567
39299,22563
39300,21963
39301,22463
39302,22568
39303,22569
39304,22513
39305,21765
39306,21449
39307,22570
39308,22421
39309,22246
39310,22250
39311,21943
39312,22289
39313,20996
39314,22548
39315,22208
39316,22564
39317,22493
39318,21774
39319,22501
39321,22492
39322,22497
39323,21943
39324,19840
39325,21320
39326,21320
39327,22049
39328,22387
39329,22387
39330,22420
39331,22575
39332,22506
39333,21932
39334,21995
39335,22576
39336,22576
39337,22574
39338,22366
39339,21981
39340,22363
39341,21875
39342,22566
39344,21328
39345,21592
39347,17095
39348,21703
39349,21702
39350,21447
39351,21454
39352,21450
39353,22577
39354,21456
39355,21455
39356,21448
39357,21586
39358,22543
39359,22421
39360,22579
39361,21606
39362,21476
39363,22586
39364,19319
39365,21995
39366,21722
39367,21561
39368,21469
39369,22543
39370,22322
39371,22520
39372,22474
39373,21320
39374,17805
39375,21564
39376,21963
39377,22580
39378,22503
39379,21488
39380,22282
39381,22592
39382,22358
39383,22309
39384,22506
39385,21606
39386,22498
39387,21774
39388,22164
39389,22155
39390,22595
39391,22197
39392,21916
39393,22535
39397,22051
39398,22369
39400,22582
39401,22584
39402,22599
39403,22497
39404,20996
39405,21755
39406,22463
39407,22536
39408,22492
39409,19840
39414,22593
39415,21943
39416,22089
39417,22596
39418,22598
39419,22581
39420,21328
39421,22588
39422,22312
39423,21186
39424,22601
39427,22497
39428,22608
39429,22614
39430,22262
39431,21745
39432,21487
39433,22618
39434,22615
39435,22616
39436,22617
39437,22607
39438,22604
39439,22578
39440,22589
39441,12955
39442,22613
39443,22597
39444,21914
39445,21400
39446,22592
39447,22366
39448,22366
39449,22637
39450,22631
39451,22544
39452,22536
39453,21186
39454,20733
39455,19319
39456,21755
39457,21290
39458,21561
39459,19966
39460,22000
39461,22580
39462,21664
39463,22516
39464,22618
39465,22259
39466,22638
39467,22645
39468,22421
39469,20996
39470,21703
39472,21916
39473,20172
39474,20376
39475,22516
39476,21592
39477,22648
39478,22648
39479,22246
39480,22369
39481,22369
39482,22369
39483,21817
39484,21817
39485,21817
39486,21766
39487,22631
39488,22363
39489,21476
39490,22354
39491,22633
39492,21995
39493,22636
39494,22632
39495,22591
39496,22564
39497,22262
39498,22373
39499,22644
39502,21984
39503,22068
39504,22612
39505,21916
39506,22577
39507,22569
39508,21186
39509,21703
39510,22357
39511,22664
39512,21701
39513,22247
39514,21290
39515,22250
39516,21055
39517,22593
39518,22676
39519,22676
39520,22672
39521,22639
39522,22654
39523,21290
39524,22250
39525,22634
39526,22645
39527,22301
39528,22665
39529,22678
39531,22600
39532,22649
39533,22660
39534,22363
39535,22652
39536,22653
39537,22535
39538,22671
39539,22673
39540,22674
39541,22540
39542,22474
39543,22668
39544,22669
39545,21888
39546,22119
39547,22667
39548,22662
39549,22369
39550,22588
39551,22499
39552,22683
39553,21869
39554,21722
39555,21835
39556,21835
39557,20733
39558,20733
39559,21373
39560,21995
39561,22301
39562,22260
39563,21373
39564,22260
39565,22369
39566,22588
39567,22681
39568,22685
39569,21802
39570,21943
39571,21995
39572,22686
39573,21628
39574,22372
39575,22526
39576,22432
39577,22237
39578,22459
39579,21447
39580,21454
39581,21448
39582,21450
39583,22662
39584,22580
39585,22658
39586,22657
39587,22659
39588,22656
39589,16439
39590,22618
39591,22682
39592,22617
39593,22516
39594,21916
39595,21373
39596,22660
39597,22577
39598,22618
39599,21108
39600,21111
39601,21864
39602,22457
39603,22118
39604,22594
39605,22699
39606,22651
39607,22519
39608,21323
39609,21558
39610,21333
39611,22661
39612,
39613,21963
39614,22197
39615,22197
39616,22608
39617,22643
39618,22695
39620,17805
39621,17805
39622,22691
39623,22685
39624,22684
39625,22575
39626,21774
39627,21766
39628,22369
39629,21702
39630,22551
39631,21834
39632,21591
39633,22663
39634,22590
39635,21588
39636,22418
39637,22705
39638,22697
39639,22697
39640,21664
39641,19319
39642,21593
39643,22689
39644,22653
39645,22653
39646,22617
39647,22642
39648,22106
39649,22688
39650,22535
39651,22540
39652,22696
39653,22700
39654,22701
39655,22681
39656,21835
39657,22584
39658,22668
39659,22474
39660,22687
39661,22580
39662,22580
39663,22660
39664,22581
39665,22706
39666,22707
39667,22641
39668,21589
39669,21587
39670,22692
39671,22370
39672,22649
39673,22051
39674,21449
39675,22491
39676,22089
39677,22633
39678,22679
39679,22680
39680,22306
39681,22291
39682,22119
39683,22693
39684,22694
39685,22662
39686,21875
39687,21703
39689,22246
39690,21943
39691,22350
39692,22303
39693,22172
39694,22000
39695,20733
39697,22260
39698,22574
39699,22658
39700,22363
39701,22178
39702,22359
39703,22121
39704,21593
39705,22656
39706,22681
39707,22646
39708,22618
39709,22580
39710,21590
39711,22051
39712,22682
39713,22710
39714,21916
39715,22719
39716,22719
39717,21774
39718,22577
39719,22577
39720,22197
39721,22197
39722,22194
39723,22596
39724,12955
39725,22717
39726,17626
39727,21587
39728,21589
39729,21588
39730,21408
39731,22720
39732,22685
39733,22317
39734,22208
39735,22708
39736,22571
39737,22705
39738,22696
39739,22696
39740,22475
39741,22681
39742,22718
39743,21766
39744,21943
39745,22738
39746,22734
39747,22737
39748,22491
39749,22089
39750,22709
39751,22659
39752,22707
39753,22658
39754,22473
39755,22695
39756,22575
39757,22577
39758,22197
39759,22729
39760,22729
39761,22729
39762,22657
39763,22732
39764,22676
39765,22703
39766,22588
39767,22516
39768,22551
39769,22580
39770,22644
39771,22063
39772,22311
39775,22724
39776,21605
39777,22681
39778,22477
39779,22476
39780,22464
39781,22546
39782,22542
39783,22481
39784,22480
39785,22363
39786,22734
39787,21833
39788,22659
39789,22784
39790,22747
39791,22369
39792,22728
39793,22733
39794,22733
39795,22657
39796,22706
39797,22707
39798,22656
39800,22758
39801,22745
39802,22745
39803,22724
39804,22357
39805,22722
39806,22350
39807,22748
39808,22748
39809,22753
39810,21817
39811,21766
39812,21290
39813,21943
39814,22574
39815,16439
39816,22742
39817,22246
39818,19375
39819,22710
39820,22260
39821,22708
39822,22066
39823,22723
39824,22721
39825,22614
39826,22197
39827,22197
39828,22730
39829,22760
39830,22428
39831,22757
39832,21703
39833,22608
39834,20698
39835,21459
39836,20871
39837,17626
39838,17626
39839,22315
39840,14916
39841,22745
39842,22758
39843,22713
39844,22711
39845,22714
39846,22715
39847,22755
39848,22751
39849,22759
39850,21774
39851,22676
39852,21802
39854,22681
39855,22735
39856,22736
39857,22772
39858,21628
39859,22291
39860,21590
39861,22739
39862,21963
39863,
39864,
39865,22760
39866,22760
39867,22719
39868,22747
39869,21817
39870,22246
39871,21290
39872,22781
39873,22728
39874,22574
39875,22724
39876,21766
39877,22710
39878,22706
39879,22762
39880,22777
39881,22618
39882,22778
39883,22119
39884,22363
39885,22357
39887,22354
39888,22694
39889,22632
39890,22646
39891,17805
39892,21224
39893,22787
39894,22787
39895,16439
39896,22734
39897,22067
39898,22070
39899,22749
39900,22750
39901,22527
39902,22476
39903,22425
39904,22792
39905,22350
39906,22761
39907,22763
39908,22763
39909,22763
39910,22681
39911,22767
39912,22783
39913,21833
39914,22766
39915,22734
39916,22770
39917,22507
39918,22500
39919,22363
39920,22773
39921,21108
39922,22776
39923,22780
39924,22068
39925,22580
39926,21321
39927,22786
39928,22676
39929,22207
39930,22260
39931,22789
39932,22373
39933,22157
39934,21891
39935,
39936,22821
39937,22769
39938,22782
39939,22699
39940,21594
39941,22509
39942,21875
39943,21589
39944,21587
39945,22794
39946,22794
39947,22714
39948,21623
39949,22758
39950,22476
39952,22481
39953,22306
39954,22696
39955,22696
39956,22363
39957,22363
39958,22363
39959,22794
39960,21455
39961,22793
39962,22793
39963,22793
39964,22793
39965,22793
39966,22793
39967,22793
39968,22826
39969,22729
39970,22790
39971,16439
39972,22723
39973,22733
39974,22227
39975,21850
39976,21845
39977,21851
39978,21852
39979,21290
39980,22734
39981,22734
39982,22734
39983,22291
39984,21766
39985,22713
39986,22703
39987,22369
39988,22490
39989,21224
39990,22584
39991,22748
39992,21981
39993,22119
39994,22760
39995,16439
39996,22831
39997,22833
39998,2964
39999,22813
40000,22827
40001,22812
40002,22632
40003,22795
40004,22798
40005,22797
40006,22801
40007,22799
40008,22799
40009,22800
40010,21628
40011,22659
40012,22431
40013,22589
40014,22632
40015,22301
40016,22474
40017,22811
40018,21963
40019,22748
40020,22809
40021,22171
40022,22810
40023,22808
40024,22906
40025,22754
40026,22752
40028,22762
40029,22728
40030,22459
40031,22909
40032,22909
40033,22733
40034,22760
40035,22781
40036,22758
40037,21594
40038,22818
40039,22822
40040,22816
40041,22089
40042,22931
40043,22912
40044,21875
40045,21875
40046,21605
40047,21589
40048,21455
40049,22709
40050,21817
40051,22588
40052,22683
40053,22760
40054,22459
40055,21766
40056,22933
40057,22763
40058,22763
40059,22763
40061,22935
40062,22913
40064,21835
40065,19165
40066,22119
40067,22728
40068,21455
40069,22459
40070,22750
40071,22462
40072,21961
40073,21961
40074,21961
40075,21449
40076,21833
40077,22716
40078,22766
40079,22950
40080,22952
40081,22911
40082,22795
40083,22929
40084,22905
40085,22801
40086,22928
40087,22618
40088,22688
40089,22825
40090,22833
40091,21664
40092,21664
40093,22942
40094,22942
40095,22957
40096,22963
40097,22964
40098,22676
40099,22676
40100,22941
40101,22291
40102,22965
40103,22966
40104,22696
40105,22696
40106,22795
40107,22929
40108,22905
40109,22824
40110,21116
40111,22951
40112,22953
40113,21788
40114,21108
40115,22762
40116,21290
40117,22703
40118,22490
40119,22127
40120,22474
40121,21117
40122,22535
40123,22954
40124,22930
40125,22758
40126,22910
40127,22589
40128,22932
40129,22118
40130,21224
40131,22959
40132,22762
40133,22923
40134,22752
40135,22924
40136,22925
40137,22897
40138,22898
40139,22786
40140,22955
40141,22956
40142,22960
40143,22961
40144,22733
40145,22818
40146,22709
40147,22749
40148,20896
40149,21766
40150,22360
40151,22741
40152,22816
40153,22459
40154,22967
40155,21588
40156,21290
40157,22968
40158,22089
40159,22969
40160,22753
40161,22736
40162,21455
40163,22972
40164,22974
40165,22711
40166,22754
40167,22706
40168,21981
40169,22794
40170,22723
40171,17626
40172,22728
40173,22976
40174,22978
40176,22977
40177,22754
40178,21664
40179,22586
40180,22512
40181,22741
40182,22574
40183,22766
40184,22970
40185,22975
40186,22659
40187,22954
40188,22758
40189,22760
40191,22992
40192,22706
40193,22953
40194,22699
40195,22014
40196,22912
40197,22709
40198,21766
40199,22952
40200,22824
40201,22929
40202,22359
40203,22800
40204,22800
40205,22787
40206,22958
40207,20172
40208,22999
40209,22927
40210,17805
40211,21963
40212,22809
40213,21663
40214,21663
40215,23000
40216,23000
40217,23000
40218,23000
40219,21115
40220,21114
40221,21113
40222,22208
40223,22795
40224,22359
40225,22928
40226,22723
40227,22833
40228,22942
40229,22676
40230,22676
40231,4327
40232,22998
40233,22759
40234,22752
40235,22964
40236,22688
40237,21455
40238,22897
40239,22937
40240,22936
40241,22706
40242,21564
40243,21564
40244,22360
40245,22360
40247,22981
40248,22984
40249,22786
40250,22994
40251,22758
40252,22790
40253,22989
40254,22825
40255,22990
40256,22991
40257,22914
40258,22769
40259,21875
40260,22728
40261,22766
40262,22618
40263,22815
40264,22775
40265,22776
40266,20698
40267,22980
40268,22462
40269,22713
40270,22711
40271,22979
40273,
40274,
40275,
40276,
40277,
40278,22588
40279,21817
40280,22762
40282,21833
40283,21833
40284,22951
40285,22779
40288,22929
40289,22979
40290,22586
40291,22935
40292,22752
40293,22587
40294,21833
40295,23005
40296,23006
40297,23006
40298,22708
40299,22659
40300,22974
40301,22538
40302,23007
40303,23008
40304,23028
40305,17805
40306,23024
40307,21869
40308,21801
40309,21801
40310,23099
40311,22462
40312,22713
40313,22928
40314,22208
40315,22584
40316,22736
40317,20172
40318,23015
40319,22588
40320,21835
40321,21835
40322,22676
40324,22676
40325,22260
40326,23022
40328,22369
40329,21633
40330,22612
40331,22207
40332,22207
40333,22207
40334,22524
40335,22260
40336,21835
40337,22260
40338,21835
40339,22524
40340,22794
40341,22612
40342,22474
40343,21981
40344,21981
40345,22728
40347,22714
40348,22715
40349,22760
40350,22708
40351,22911
40352,23044
40353,23018
40354,22588
40355,22825
40356,23032
40357,21961
40358,21422
40359,23019
40360,22589
40361,22701
40362,22703
40363,22986
40364,23025
40365,21115
40366,22908
40367,21474
40368,22399
40369,22400
40370,23058
40371,22932
40372,23038
40373,23041
40374,23046
40375,23047
40376,23048
40377,23050
40378,23022
40379,22754
40380,21290
40381,21664
40382,22089
40383,23031
40384,
40385,23049
40386,23052
40387,23040
40388,22512
40389,23066
40390,23065
40391,23064
40392,23053
40393,23054
40394,22970
40395,23063
40396,22733
40397,22815
40398,22013
40399,23016
40400,22743
40401,22682
40402,22914
40403,23027
40404,22974
40405,22951
40406,23004
40407,23009
40408,23010
40409,23011
40410,23012
40411,23013
40412,22574
40413,22713
40414,23042
40415,22529
40416,23039
40417,22816
40418,23021
40419,22462
40420,22790
40421,22799
40422,23072
40423,22676
40425,22909
40426,23060
40427,22119
40428,22760
40429,23073
40430,23073
40431,21455
40432,23071
40433,22447
40434,23061
40435,23057
40436,23020
40437,22993
40438,22708
40439,22977
40440,22432
40441,23074
40442,22818
40443,22897
40444,22898
40445,23076
40446,23044
40447,21605
40448,22752
40449,21766
40450,22935
40451,23067
40452,22587
40453,18733
40454,18733
40455,23051
40456,22943
40457,22944
40458,22945
40459,22946
40460,22947
40461,23075
40462,22524
40463,22474
40464,22612
40465,22753
40466,22793
40467,22984
40468,12955
40469,
40470,
40471,22291
40472,23088
40473,20698
40474,22988
40475,22932
40476,22927
40477,22588
40478,17626
40479,21875
40480,22825
40481,22119
40482,23079
40483,23081
40484,23083
40485,23084
40486,22653
40487,21835
40488,22900
40489,22902
40490,22903
40491,21963
40492,23100
40493,23092
40494,23044
40495,22760
40496,23095
40497,22733
40498,22910
40499,23094
40500,17387
40501,22794
40502,22934
40503,22934
40504,22934
40505,17411
40506,19375
40507,22187
40508,22948
40509,22949
40510,22771
40511,22647
40513,21914
40514,22753
40515,22937
40516,23029
40517,22612
40518,23097
40519,22939
40520,22983
40521,21510
40522,22172
40523,22959
40524,22832
40525,21474
40526,22118
40527,23024
40528,20733
40529,23033
40530,22748
40531,17805
40532,21664
40533,21224
40534,22733
40535,23105
40536,22753
40537,22951
40538,22986
40539,23122
40541,23095
40542,23063
40543,21801
40544,22663
40545,23095
40546,23122
40547,23093
40548,22708
40549,22760
40550,21455
40551,23106
40552,22932
40553,23115
40554,23117
40555,21115
40556,21114
40557,21590
40558,21589
40559,23001
40560,23001
40562,23001
40563,23114
40564,22910
40565,21113
40566,23126
40567,23128
40568,22646
40569,22646
40570,22504
40571,17805
40572,23073
40573,22815
40574,22754
40575,22588
40576,21961
40577,22588
40579,22709
40580,23021
40581,23039
40583,21766
40584,17626
40585,23137
40586,16439
40587,23134
40588,23135
40589,22974
40590,23138
40591,23141
40592,22904
40593,4327
40594,23095
40595,22708
40596,22760
40597,22711
40598,22523
40599,22978
40600,22430
40601,22655
40602,22655
40603,22655
40604,21664
40605,23142
40606,22974
40607,23148
40609,22647
40610,23054
40611,23053
40612,23050
40613,23048
40614,23047
40615,23046
40616,23041
40617,22990
40618,22989
40619,23147
40620,23140
40621,23042
40622,22703
40623,21290
40624,22574
40625,23150
40626,23150
40627,23150
40629,21961
40630,23038
40631,23154
40633,23155
40634,23155
40635,23088
40636,22979
40637,22713
40638,23027
40639,23115
40640,22587
40641,21981
40642,23143
40643,23144
40644,22970
40645,22970
40646,23146
40647,23150
40648,22714
40649,22715
40650,22529
40651,23057
40652,23061
40653,23158
40657,23160
40659,23160
40662,12955
40663,22403
40664,20166
40665,23076
40666,22760
40667,22708
40668,22430
40669,22978
40670,22752
40671,22754
40672,22676
40673,23137
40674,23154
40675,22743
40676,23148
40677,23156
40678,22207
40679,23167
40680,22647
40681,22374
40682,22432
40683,12972
40684,22766
40685,21875
40686,23105
40687,22535
40688,21835
40689,23140
40690,23136
40691,23102
40692,22106
40693,22561
40695,23145
40696,21455
40697,23169
40698,23168
40699,23170
40700,23171
40701,21765
40702,21817
40703,22903
40704,23042
40705,23042
40706,23125
40707,23078
40708,23152
40709,17956
40710,23157
40711,22708
40712,22951
40713,22970
40714,22932
40715,22935
40716,22709
40717,22218
40718,22733
40719,22977
40720,21801
40721,22301
40722,22955
40723,22647
40724,22374
40725,22978
40726,22914
40727,21564
40728,23162
40729,22612
40730,23153
40731,23153
40732,23162
40733,23057
40734,22490
40735,22955
40736,22490
40737,23070
40738,23068
40739,23069
40740,22793
40741,22753
40742,22753
40743,22474
40744,21633
40745,22955
40746,23055
40747,23056
40748,22775
40749,22585
40750,23137
40751,23207
40752,22218
40753,17626
40754,22535
40755,22753
40756,23000
40757,22655
40758,22369
40759,23021
40760,22588
40761,22955
40762,22703
40763,23026
40764,23182
40765,23181
40766,23183
40767,23190
40768,23189
40769,23117
40770,23114
40771,22788
40772,23096
40773,23176
40774,23208
40775,23210
40776,23211
40777,23212
40778,23213
40779,17411
40780,23175
40781,21835
40782,22970
40783,22951
40784,22904
40785,23138
40786,22713
40787,22993
40788,23073
40789,23115
40790,21833
40791,22647
40792,23061
40793,23177
40794,23092
40795,22069
40796,23174
40797,22528
40798,22378
40799,23196
40800,23173
40801,21455
40802,21474
40803,17805
40804,22655
40805,23202
40806,22769
40808,20697
40809,23192
40810,22207
40811,23214
40812,23172
40813,22976
40814,22753
40815,23271
40816,22956
40817,22980
40818,23115
40819,23167
40820,12972
40821,23275
40822,23276
40823,23274
40824,22733
40825,23115
40826,22429
40827,23178
40828,23179
40829,23155
40830,23273
40831,23209
40832,21709
40833,22226
40834,21732
40835,21662
40836,21847
40837,23060
40838,23137
40839,23114
40840,23117
40841,22708
40842,23190
40843,23215
40844,23189
40845,23039
40846,23192
40847,21765
40848,21766
40849,23187
40850,21801
40851,21664
40852,18733
40853,22299
40854,21981
40855,23296
40856,23064
40857,22569
40858,22823
40859,22490
40860,22474
40861,22959
40862,23278
40863,22746
40864,23099
40865,23049
40866,22743
40867,23295
40868,23290
40869,22939
40870,23284
40871,23068
40872,23057
40873,22978
40874,22528
40875,22432
40876,22711
40877,23015
40878,23299
40879,23255
40880,22815
40881,23292
40882,23277
40883,23213
40884,23212
40885,23211
40886,23210
40887,22106
40889,22588
40890,21765
40891,23129
40892,23039
40893,23021
40894,21290
40895,22754
40896,22369
40897,23289
40898,23192
40899,4327
40900,22760
40901,23106
40902,21765
40903,23300
40904,23300
40905,22833
40906,22833
40907,21664
40908,22218
40909,21564
40910,22766
40911,22951
40912,22970
40913,23275
40914,23301
40915,23076
40916,23279
40917,23279
40918,23173
40919,21940
40920,23073
40921,22993
40922,23071
40923,23273
40924,22535
40925,22512
40926,21928
40927,23329
40928,22089
40929,23280
40930,21981
40931,23191
40932,23188
40933,23324
40934,22709
40935,23303
40936,22585
40937,23325
40938,23304
40939,23186
40940,23185
40941,23184
40942,23296
40943,22760
40944,23150
40945,6267
40946,6267
40947,6267
40948,23330
40949,22754
40950,22588
40951,21765
40952,23042
40953,23125
40954,23039
40955,23078
40956,23152
40957,23289
40958,23208
40959,23115
40960,23125
40961,23152
40962,22369
40963,21766
40964,23297
40965,22807
40966,22802
40967,22676
40968,23150
40969,23166
40970,23201
40971,23282
40972,23283
40973,23021
40974,23129
40975,22703
40976,21961
40977,20698
40978,23094
40979,23342
40980,23078
40981,23335
40982,23336
40983,23337
40984,23340
40985,23338
40986,23344
40987,23345
40988,23346
40989,23347
40990,23348
40991,21981
40992,21875
40993,20697
40994,21833
40995,23039
40996,23134
40997,22760
40998,22708
40999,22301
41000,23332
41001,21758
41002,22207
41003,22529
41004,23279
41005,21835
41006,22956
41007,22528
41009,22430
41010,22527
41011,23001
41012,23331
41013,23106
41014,22803
41015,22796
41016,22796
41017,22796
41018,21766
41019,21833
41020,23155
41021,23357
41022,22586
41023,23131
41024,22540
41025,23099
41026,23097
41027,23348
41028,23344
41029,19375
41030,23279
41031,23339
41032,17805
41033,23150
41034,23182
41035,23176
41036,23338
41037,23292
41038,22474
41039,23061
41040,23057
41041,23334
41042,23378
41043,23335
41044,23336
41045,23337
41046,23199
41047,23333
41048,23351
41049,23379
41050,23379
41051,23372
41052,23369
41053,23367
41054,22807
41055,23017
41056,23354
41057,22980
41058,23365
41059,23374
41060,23356
41061,22977
41062,22432
41063,23360
41064,23361
41065,23151
41066,23183
41067,23362
41068,22753
41069,12955
41070,23376
41071,23376
41072,23376
41073,23373
41074,23358
41075,23076
41076,22587
41077,22711
41078,23296
41079,23334
41080,21422
41081,23327
41082,23328
41083,22703
41084,23027
41085,22978
41086,23379
41087,22780
41088,21002
41089,22585
41090,21940
41091,18733
41092,
41093,
41094,21126
41095,23388
41096,23150
41097,23329
41098,21115
41099,23184
41100,22612
41101,21664
41102,23327
41103,23391
41105,23167
41107,23134
41108,23404
41109,22823
41110,22733
41111,23299
41112,23349
41115,22585
41116,23181
41117,23189
41118,23069
41119,23070
41120,22983
41121,23393
41122,22939
41123,23153
41124,23390
41125,23414
41126,23415
41127,23389
41128,23412
41129,23400
41130,23099
41131,23097
41132,23411
41133,23410
41134,21510
41135,21801
41136,21564
41137,23301
41138,23339
41139,22794
41140,23000
41141,21961
41142,23342
41143,22369
41144,23078
41145,21123
41146,23407
41147,23408
41148,23418
41149,23417
41150,23416
41151,23403
41152,23402
41153,23401
41154,23392
41155,23346
41156,23292
41157,23213
41158,23336
41159,23335
41160,23347
41161,23136
41162,23175
41163,23182
41164,21760
41165,21758
41166,23420
41167,23303
41168,22540
41169,17805
41170,21633
41171,22574
41172,23387
41173,23386
41174,22970
41175,23395
41176,23208
41177,23422
41178,23422
41179,23423
41180,23423
41181,21817
41183,14916
41184,23424
41185,23425
41186,23425
41187,22574
41188,23396
41189,21869
41190,23215
41191,22976
41192,23331
41193,23413
41194,23176
41195,22956
41196,21126
41197,23388
41198,21123
41199,21115
41200,23057
41201,22780
41202,22713
41203,23322
41204,23322
41205,23397
41206,22529
41207,23398
41208,23399
41209,23342
41210,23375
41211,23375
41212,23427
41213,22369
41214,21002
41215,
41218,22587
41219,22587
41220,23432
41221,23434
41222,23430
41225,21981
41226,23150
41227,23292
41228,23391
41229,23401
41230,23402
41231,23403
41232,23417
41233,23418
41234,23428
41235,23429
41236,23437
41237,23439
41238,23440
41239,23443
41240,23441
41241,22803
41242,23153
41243,23406
41244,21561
41245,17805
41246,22939
41247,23125
41248,23192
41249,23021
41250,23042
41251,23129
41252,21766
41253,23185
41254,21123
41255,21123
41256,23208
41257,23136
41258,23326
41259,23166
41260,23426
41261,23138
41262,23342
41263,23431
41264,22574
41265,22369
41266,21115
41267,4327
41268,4327
41269,4327
41270,23214
41271,22676
41272,23427
41273,23438
41274,23131
41275,23445
41276,23360
41277,23331
41278,22976
41279,23296
41280,23185
41281,23182
41282,23329
41283,23150
41284,21817
41285,21961
41286,22703
41287,23389
41288,23078
41289,23342
41290,23039
41291,21869
41292,23447
41293,23446
41294,23442
41295,21758
41296,23390
41297,23416
41298,23448
41299,23094
41300,22897
41301,22902
41303,23339
41304,23387
41306,23386
41307,23386
41308,23021
41309,22908
41310,22733
41311,23400
41312,23003
41313,23323
41314,22612
41315,22959
41316,22540
41317,23450
41318,23278
41319,23097
41320,22810
41321,22676
41322,23203
41323,21126
41324,23000
41325,23057
41326,22993
41327,23070
41328,23068
41334,23468
41335,23461
41336,23460
41337,23446
41338,23184
41339,23184
41340,23189
41341,23189
41342,23155
41343,23155
41344,23183
41345,23183
41346,23182
41348,23182
41349,23191
41350,23191
41351,23185
41352,23185
41353,23188
41354,23188
41355,23181
41356,23181
41357,23190
41358,23190
41359,23440
41360,23429
41361,23428
41362,23401
41363,21760
41364,23444
41365,23444
41366,23020
41367,23464
41368,23443
41369,21561
41370,23073
41371,22528
41372,23376
41373,22490
41374,22490
41375,23296
41376,23442
41377,22711
41378,23454
41379,23475
41380,23456
41381,23465
41382,23151
41383,21126
41384,23478
41385,23450
41386,23351
41387,22815
41388,23455
41389,23477
41390,23127
41391,23471
41392,23134
41393,23015
41394,22527
41395,22970
41396,23397
41397,23481
41398,23482
41399,23340
41400,23483
41401,23484
41403,23487
41404,23488
41405,23463
41406,23472
41407,23468
41408,23473
41409,23329
41410,23070
41411,23073
41412,22993
41413,23131
41414,22753
41415,22207
41416,22474
41417,22612
41418,22301
41419,23466
41420,23023
41421,22746
41422,23450
41423,22793
41424,23476
41425,23480
41426,22793
41427,22997
41428,22711
41429,23068
41430,
41431,23376
41432,21561
41433,23208
41434,21833
41435,21981
41436,23073
41437,23464
41438,23143
41439,17626
41440,23439
41441,23513
41442,23507
41443,23461
41444,21889
41445,21889
41446,23416
41447,23487
41448,23183
41449,23182
41450,23189
41451,23188
41452,23190
41453,23181
41454,23505
41455,23323
41456,23492
41457,23493
41458,23497
41459,23408
41460,15957
41461,16286
41462,22603
41463,23360
41464,23482
41465,18733
41466,23479
41467,23479
41468,22676
41469,23508
41470,23499
41471,22721
41472,23515
41473,
41474,23512
41475,23299
41476,22780
41477,23365
41478,23362
41479,23354
41480,22980
41481,23256
41482,23519
41483,22819
41484,23259
41485,23264
41486,23265
41487,23269
41488,23522
41489,21758
41490,21758
41491,23457
41492,23494
41493,23502
41494,23500
41495,23490
41496,23491
41497,22306
41498,22306
41499,23516
41500,23516
41501,23516
41502,23516
41503,21912
41504,23489
41505,23504
41506,23518
41507,23408
41508,23181
41509,23094
41510,23360
41511,23258
41512,23260
41513,23260
41514,23267
41515,23267
41516,23266
41517,23266
41518,23391
41519,23301
41520,21002
41521,23182
41522,22794
41523,22983
41524,22301
41525,23001
41526,23000
41527,22655
41528,23501
41529,23501
41530,23424
41531,23444
41532,23542
41533,23188
41534,23189
41535,23477
41536,23543
41537,23070
41538,23189
41539,23495
41540,23496
41541,23511
41542,22802
41543,22796
41544,22803
41545,23553
41546,23552
41547,23551
41548,23547
41549,23546
41550,23513
41551,23461
41552,23468
41553,23523
41554,23301
41555,23490
41556,23301
41557,23165
41558,23484
41559,23456
41560,23525
41561,23374
41562,23436
41564,23539
41565,23537
41566,23190
41567,23526
41568,23535
41569,23328
41570,18733
41571,18733
41572,17626
41573,22775
41574,23545
41575,23494
41576,23548
41577,23549
41578,23550
41579,23540
41580,21758
41581,23541
41582,21981
41583,23188
41584,22775
41585,22589
41586,21833
41587,23376
41588,23068
41589,23079
41590,23083
41591,23084
41592,23462
41593,23180
41594,23531
41595,23533
41596,23536
41599,23528
41600,23178
41601,23179
41602,23167
41603,23070
41607,23619
41608,23284
41609,23162
41611,23527
41612,22207
41613,23458
41614,23521
41615,22788
41616,23099
41617,22983
41618,22474
41619,23453
41620,23444
41621,23472
41622,23190
41623,23188
41624,23182
41625,23189
41626,23002
41627,23101
41628,21801
41629,22810
41630,22794
41631,23001
41632,23001
41633,23299
41634,23021
41635,23499
41636,23393
41637,23476
41638,23448
41639,23400
41640,23431
41641,23560
41642,23558
41643,21474
41644,23328
41645,23470
41646,23592
41647,23374
41648,23425
41649,23598
41650,23468
41651,23559
41652,23583
41653,23460
41654,23461
41655,23562
41656,23595
41657,10944
41658,23602
41659,23603
41660,23542
41661,23594
41662,23106
41663,23516
41664,23597
41665,23597
41666,23597
41667,23597
41668,23597
41669,23597
41670,23597
41671,23431
41672,20697
41673,23400
41674,23609
41675,23609
41676,22585
41677,22369
41678,23499
41679,22976
41680,23265
41681,23579
41682,23568
41683,23619
41684,23619
41685,23619
41686,23619
41687,23619
41688,23596
41689,23284
41690,23003
41691,22612
41692,23393
41693,23323
41694,23548
41695,23496
41696,23523
41697,23331
41699,23399
41700,23519
41701,17956
41702,23157
41703,23555
41704,23555
41705,23610
41706,23606
41707,23556
41708,23557
41709,23301
41710,23391
41711,22574
41712,18655
41713,22793
41714,23474
41715,23620
41716,23600
41717,23477
41718,22281
41719,20697
41720,23605
41721,22819
41722,23448
41723,23408
41724,23407
41725,23619
41726,23473
41727,23021
41728,23475
41729,23570
41730,12955
41731,23424
41732,
41733,
41734,
41735,10944
41736,23611
41737,23604
41738,23599
41739,23215
41740,23526
41741,22374
41742,23628
41743,23647
41744,23634
41745,23021
41746,23648
41747,23637
41748,22780
41749,23360
41751,22585
41752,23480
41753,23189
41754,23143
41755,23608
41756,23651
41757,23627
41758,23175
41759,10944
41760,10944
41761,10944
41762,22529
41763,22528
41764,22711
41765,23015
41766,22769
41767,23601
41768,23652
41769,23652
41770,23460
41771,23559
41772,23583
41773,23633
41774,23636
41775,23638
41776,23640
41777,23468
41778,23595
41779,23386
41780,23519
41781,23406
41782,23621
41783,23622
41784,4327
41785,23457
41786,22897
41787,23592
41788,23544
41789,23494
41790,23425
41791,23641
41792,23608
41793,22902
41794,18733
41795,23479
41796,23479
41797,22425
41798,22425
41799,23342
41800,21914
41801,21961
41802,21961
41803,23559
41804,23656
41805,22207
41806,21833
41807,23547
41808,22978
41809,23657
41810,22984
41811,23039
41812,23475
41813,23489
41814,23653
41815,23660
41816,23021
41817,23342
41818,23628
41819,22527
41820,23634
41821,23650
41822,23639
41823,23652
41824,23652
41825,23653
41826,23609
41828,23476
41829,23167
41830,23082
41831,22971
41832,23609
41833,23656
41834,23470
41835,21981
41836,23603
41837,23668
41838,23668
41839,23506
41840,23636
41841,23476
41842,22369
41843,21757
41844,22655
41846,23266
41847,23447
41848,23547
41849,23594
41850,23640
41851,23654
41852,23165
41853,23666
41854,23397
41855,23215
41856,23391
41857,23276
41858,23523
41859,23663
41860,23655
41861,22527
41862,23479
41863,23604
41864,22314
41865,23452
41866,23622
41867,23672
41868,23470
41869,23660
41870,23002
41871,22769
41872,23475
41873,23677
41875,22585
41876,22538
41877,21961
41878,22793
41879,23669
41880,23669
41881,23413
41882,23447
41883,23665
41884,23567
41885,21801
41886,23162
41887,22959
41888,23097
41889,22746
41890,23457
41891,23662
41892,23659
41893,23563
41894,22711
41895,23693
41896,23266
41897,23027
41898,23540
41899,23015
41900,23672
41901,23673
41902,23687
41903,23683
41904,23682
41906,23702
41907,23665
41908,20697
41909,23704
41910,22807
41911,21981
41912,23600
41913,23547
41914,23638
41915,23679
41916,23680
41917,23706
41918,23707
41919,23516
41920,23516
41921,23711
41923,22589
41925,23158
41926,23690
41927,23689
41928,23713
41929,22793
41930,22993
41931,23464
41932,23444
41933,23391
41934,23167
41936,22794
41937,22976
41938,22529
41939,23717
41940,21912
41941,23675
41942,23691
41943,23691
41944,23686
41945,22655
41946,23690
41947,22538
41948,22270
41949,23674
41950,23676
41951,22655
41952,22655
41953,22655
41954,22655
41955,22655
41956,22655
41957,22655
41958,23407
41959,23664
41960,21961
41961,23481
41962,23718
41963,23527
41964,22369
41965,23688
41966,22803
41967,23349
41968,23376
41969,23349
41970,23461
41971,23720
41972,23604
41973,23622
41974,23721
41975,23367
41976,23716
41977,2964
41978,2964
41979,23622
41980,23661
41981,23722
41982,23453
41983,23453
41984,23453
41986,23700
41987,23671
41988,23444
41989,23473
41990,23718
41991,23721
41992,22803
41993,20697
41994,23480
41995,23719
41996,21961
41997,23476
41998,23452
41999,23691
42000,23470
42003,22369
42004,23499
42005,23393
42006,23508
42007,23460
42008,23464
42009,23745
42010,23735
42011,23735
42012,22769
42013,23391
42014,23622
42015,23724
42016,23723
42017,23727
42018,23118
42019,23119
42020,23120
42021,23121
42022,23744
42023,23742
42024,23668
42025,23743
42026,23123
42027,23668
42028,23444
42029,22269
42030,22268
42031,22267
42032,22266
42033,22265
42034,22264
42035,23679
42036,22374
42037,23707
42038,23736
42039,23399
42040,22527
42041,23535
42044,23713
42045,21633
42046,23565
42047,23101
42048,21633
42049,23450
42050,23453
42051,21633
42052,23453
42053,22540
42054,23458
42055,22297
42056,23520
42057,23520
42066,23669
42067,23450
42068,22612
42069,21633
42070,23732
42071,23731
42072,23686
42073,23712
42074,23705
42075,23455
42076,23650
42077,23205
42078,23157
42079,23622
42080,21981
42082,23688
42083,23691
42084,23683
42085,23689
42086,23453
42087,23458
42088,23696
42089,22794
42090,23698
42093,21963
42094,23701
42095,22748
42096,22743
42097,21561
42098,22788
42099,22788
42100,22788
42102,22788
42103,23669
42104,22746
42105,23003
42106,23003
42107,23355
42108,23162
42110,23097
42111,22959
42112,22301
42113,22474
42114,21801
42115,23748
42116,23750
42117,22540
42118,23751
42119,22939
42120,23751
42121,23752
42122,23752
42123,23753
42124,23754
42125,23453
42126,20697
42127,23721
42128,21981
42129,23686
42130,23688
42131,23683
42132,22976
42134,23757
42135,23498
42136,21874
42137,23758
42138,23579
42139,23711
42140,23761
42141,23728
42142,23729
42143,23756
42144,20166
42145,21961
42146,23767
42147,22512
42149,23760
42153,23749
42155,15118
42160,23326
42161,2831
42162,23460
42163,23731
42164,23736
42165,22270
42166,23464
42167,22268
42168,23444
42169,23774
42170,22269
42171,23764
42172,20697
42173,21757
42176,23367
42177,22780
42178,23689
42179,23775
42180,23470
42181,23691
42182,23766
42183,23747
42184,23485
42185,22803
42186,23743
42187,23663
42188,23608
42189,23143
42190,23779
42194,21981
42195,23263
42196,23525
42197,23409
42198,23501
42199,23503
42200,23619
42201,23555
42202,22585
42203,23622
42204,23782
42205,23766
42206,22374
42207,23032
42208,23778
42209,12955
42210,2964
42211,23776
42212,17626
42213,23555
42214,2831
42215,23673
42216,23783
42217,23784
42218,23691
42219,22527
42220,23777
42221,21835
42222,23118
42223,23120
42224,23121
42225,23604
42226,23481
42227,23711
42228,23375
42229,23375
42230,23375
42231,23375
42233,23375
42234,23375
42235,23790
42236,23781
42237,23138
42238,23138
42240,23528
42241,23538
42242,23083
42243,23084
42244,23635
42245,23635
42246,23635
42247,23635
42248,23635
42249,14916
42250,21497
42251,23609
42252,
42253,
42254,22903
42255,17635
42256,23453
42257,23725
42258,23679
42259,23779
42260,23622
42261,23735
42262,22780
42263,23205
42264,23776
42265,21914
42267,23744
42268,23742
42269,23793
42270,23367
42271,23765
42272,23765
42273,23444
42274,23447
42275,23447
42276,23713
42277,23664
42278,23393
42279,23767
42280,23472
42281,23758
42282,23689
42283,23691
42284,23458
42285,23768
42286,21564
42287,23685
42288,22721
42289,23770
42290,23772
42291,23773
42292,23803
42293,23803
42294,23800
42295,23806
42296,23805
42297,23807
42298,23807
42299,21757
42300,23809
42301,23808
42302,23756
42303,23775
42304,21961
42305,22369
42306,23713
42307,23664
42308,23767
42309,23393
42310,23749
42311,23609
42312,23689
42313,23758
42314,23691
42315,23772
42316,23688
42318,23788
42319,
42320,22529
42321,22975
42322,16449
42323,23816
42324,23819
42325,23817
42326,23735
42327,23826
42328,23827
42329,23802
42330,23768
42331,23812
42332,23767
42333,17635
42334,23393
42335,23609
42336,23749
42337,23705
42338,21961
42339,21757
42340,23133
42341,23039
42342,23779
42343,23714
42344,23639
42345,23815
42346,
42350,
42351,
42352,
42353,
42354,23520
42355,23520
42356,23520
42357,23520
42358,23520
42359,23520
42360,23520
42361,23520
42362,23472
42364,23831
42365,23814
42366,23656
42367,23194
42368,23832
42369,23520
42370,4327
42371,4327
42372,22788
42373,22267
42374,22266
42375,22265
42376,22264
42377,23833
42378,23393
42379,23806
42380,23716
42381,23835
42382,23158
42384,23836
42385,22527
42386,23838
42387,23752
42388,23691
42389,23841
42390,23839
42391,23840
42392,21874
42393,23855
42394,23837
42395,23516
42396,23555
42397,23858
42398,23859
42399,23720
42400,23597
42401,23597
42402,23863
42403,23831
42404,23713
42405,23664
42406,23767
42407,23393
42408,23854
42409,23864
42410,23864
42411,23862
42413,23826
42414,23838
42415,23827
42416,23691
42417,23768
42418,23688
42422,23868
42423,23464
42424,23326
42425,23777
42426,23818
42428,23472
42429,23099
42430,23599
42431,23495
42432,23869
42433,22207
42434,23782
42435,23819
42436,23871
42437,23824
42438,23886
42439,23817
42440,23728
42442,22589
42443,23334
42444,18670
42445,23788
42447,23887
42448,23688
42449,23744
42450,23882
42451,23609
42452,23793
42453,23133
42454,23143
42456,23555
42457,23735
42458,23864
42459,23864
42460,23756
42461,23866
42462,23872
42463,23743
42464,23173
42465,23767
42466,23393
42467,23039
42468,23841
42469,23749
42470,21757
42471,21961
42472,23839
42473,23700
42474,22993
42475,23685
42476,23685
42477,23455
42478,23757
42479,22976
42480,23888
42481,23301
42482,23470
42483,23480
42484,23890
42485,23884
42486,12965
42487,12965
42488,12965
42489,12965
42490,12965
42491,12965
42492,12965
42493,12965
42495,23528
42496,23883
42497,23301
42498,23400
42499,23448
42500,23499
42501,23718
42503,23476
42504,22369
42505,23880
42506,23880
42507,23891
42508,21757
42509,23542
42510,23827
42511,23788
42512,23663
42513,23508
42514,23497
42515,23877
42516,23138
42517,23138
42518,23084
42519,23875
42520,23874
42521,23789
42522,23862
42523,17956
42524,19471
42525,23854
42526,23688
42527,23865
42528,23826
42529,23688
42530,23827
42531,23857
42532,23794
42533,22788
42534,22788
42535,22788
42536,22788
42537,23413
42538,23412
42539,17805
42540,23527
42541,22512
42542,23447
42543,22612
42544,23777
42545,23817
42546,23781
42548,23874
42549,23907
42550,23907
42551,23907
42552,23882
42553,23729
42554,23728
42555,23691
42556,22976
42557,23905
42558,23783
42559,23823
42560,23894
42561,23910
42562,23818
42563,23579
42564,23889
42565,23825
42566,23722
42568,23893
42569,22975
42570,23885
42571,21757
42572,23913
42573,23711
42574,23916
42575,23916
42576,23839
42577,23916
42578,23409
42579,23542
42580,23663
42581,23497
42582,23749
42583,23775
42584,23136
42585,23832
42586,23609
42587,23609
42588,23879
42589,23326
42590,23898
42591,22769
42592,23871
42593,23817
42594,23914
42595,23915
42596,23854
42597,23918
42598,23917
42599,23916
42600,23743
42601,19652
42602,23864
42603,23924
42604,23923
42605,23923
42606,23925
42607,23925
42608,23925
42610,23728
42611,23688
42612,
42613,
42614,23929
42615,23729
42616,21927
42617,23936
42618,23936
42619,23936
42620,23908
42621,23822
42622,23948
42623,23608
42624,23608
42625,23608
42626,23905
42627,23926
42628,23749
42629,23039
42630,23951
42631,23890
42632,23173
42633,23173
42634,20822
42636,23953
42638,23954
42639,23879
42640,23914
42641,23679
42642,23932
42643,23821
42644,23821
42645,23712
42646,23516
42647,23934
42648,23935
42650,23928
42652,23937
42653,23749
42654,23888
42655,21757
42656,23448
42657,23718
42658,23499
42659,23470
42660,21961
42661,23950
42662,23542
42663,21961
42664,23943
42665,23942
42666,23508
42667,23939
42668,23940
42669,22369
42670,23497
42671,23476
42672,23663
42673,23952
42674,23952
42675,18438
42676,18438
42677,23123
42679,23121
42680,23941
42681,23959
42682,22655
42683,22655
42684,23743
42685,23175
42686,23892
42687,23520
42688,23520
42689,23520
42690,23964
42691,23965
42692,23728
42693,23326
42694,23818
42695,23820
42696,23820
42697,23820
42698,23820
42699,22512
42700,23956
42701,23957
42702,23958
42703,23969
42704,23772
42705,23970
42706,23692
42707,23769
42708,23773
42709,23813
42710,23830
42711,23829
42712,23828
42713,23771
42714,23962
42715,23856
42716,23963
42717,23965
42718,23830
42719,23769
42720,23856
42721,23772
42722,23963
42723,23862
42724,23771
42725,23973
42726,23947
42727,23520
42728,23949
42729,23946
42730,23975
42731,23971
42732,23498
42733,23498
42734,23856
42735,23964
42736,23173
42737,378
42738,23301
42739,23977
42740,23972
42741,23948
42742,23735
42743,23525
42744,23961
42745,23961
42746,23961
42747,12955
42748,12955
42749,23448
42750,23718
42751,23499
42752,23749
42753,23173
42755,23876
42756,23685
42757,23981
42758,23765
42759,23878
42760,23934
42761,23824
42762,23932
42763,24013
42764,23950
42765,23743
42766,19165
42767,4327
42768,4327
42769,22490
42770,22490
42771,23985
42772,23974
42773,23470
42774,23971
42775,23991
42776,24014
42777,22589
42778,23951
42779,24016
42780,24009
42781,24009
42782,23803
42783,24017
42784,24017
42785,23173
42786,23728
42787,23728
42788,23729
42789,23729
42790,23862
42791,23961
42792,24012
42793,23472
42794,23818
42795,21422
42796,24020
42797,23622
42798,24018
42799,24019
42800,24022
42802,23885
42803,23173
42804,23206
42805,23885
42806,22788
42807,22788
42808,23457
42809,23933
42810,21564
42812,22748
42813,24032
42814,24028
42815,24029
42816,22474
42817,22959
42818,23567
42819,23662
42820,23899
42821,22382
42822,24030
42824,22746
42825,24034
42826,24036
42830,24043
42831,24043
42832,24043
42834,23771
42835,23823
42836,24041
42837,23749
42838,23608
42839,23769
42840,24035
42841,23973
42842,23828
42843,23975
42844,21757
42846,23928
42847,23951
42848,22585
42849,23905
42850,23301
42851,23301
42852,21961
42853,21961
42854,22585
42855,23991
42856,23082
42857,22971
42858,23735
42859,22589
42860,24033
42861,24040
42862,23892
42863,23892
42864,23893
42865,23893
42866,23941
42867,23940
42868,23939
42869,23779
42870,23950
42871,23173
42872,23375
42873,23951
42874,23748
42875,23951
42876,24054
42877,24054
42878,24054
42879,23803
42880,23803
42881,23884
42883,23874
42884,23883
42885,24052
42886,24053
42887,24062
42888,20822
42889,24064
42890,23943
42891,24065
42892,24067
42893,23814
42894,24069
42895,23970
42896,24071
42897,24055
42898,24063
42899,23934
42900,23650
42901,23714
42902,23714
42903,24066
42904,24068
42905,23485
42906,23961
42908,23961
42909,24020
42910,24052
42912,23520
42913,24018
42914,24061
42915,23906
42916,19165
42917,24079
42918,23911
42919,24080
42920,24054
42921,22299
42922,22788
42923,24028
42924,23082
42925,22585
42926,22971
42927,24070
42928,23946
42929,23985
42930,
42931,23862
42932,21961
42933,23622
42934,23749
42936,23876
42937,23476
42938,23476
42939,24033
42940,23136
42941,23719
42942,24078
42943,23173
42944,23961
42945,23947
42946,24022
42947,23729
42948,23940
42949,23520
42950,23803
42951,23520
42952,23520
42953,23520
42954,18332
42955,23520
42956,24084
42957,24085
42958,21757
42959,24089
42960,23862
42961,23973
42962,23768
42963,23963
42964,23830
42965,23829
42966,23963
42967,23768
42968,23773
42969,23973
42970,23830
42971,24094
42972,24094
42973,24094
42974,22803
42975,23349
42976,24023
42977,24042
42978,24025
42979,23933
42980,23901
42981,24023
42982,23457
42984,23099
42985,23857
42986,24026
42987,24083
42988,23875
42989,23880
42990,23885
42991,23334
42992,21961
42993,23985
42994,22490
42995,24109
42996,24073
42997,24108
42998,24093
42999,24093
43000,24099
43001,23485
43002,24089
43005,24112
43006,23728
43007,23728
43008,24045
43009,24047
43010,24050
43011,24051
43012,24051
43013,23644
43014,24051
43015,24051
43016,23644
43017,24051
43019,23520
43021,24103
43023,24066
43024,23985
43025,23941
43026,23934
43027,23173
43028,23173
43029,24090
43030,23460
43031,24101
43032,24104
43033,12955
43034,24091
43035,24082
43036,24114
43037,22803
43039,23804
43041,24092
43042,23951
43043,24048
43044,23751
43045,23753
43046,23754
43047,23890
43048,22585
43049,24074
43050,23924
43051,24118
43052,24028
43053,24098
43055,24121
43056,23476
43057,23771
43058,23082
43059,22369
43060,24120
43061,22490
43062,23885
43063,24119
43064,24119
43065,24115
43066,24116
43067,24116
43068,24116
43069,24063
43070,24019
43071,24018
43072,21633
43073,21497
43077,23856
43078,23856
43079,23771
43080,22538
43081,23173
43082,23951
43083,24124
43084,24123
43085,24122
43087,23804
43089,23375
43090,23375
43092,23803
43093,23789
43094,23911
43095,23754
43096,23954
43097,23749
43098,21757
43099,21681
43100,21681
43101,21681
43102,21681
43103,22585
43104,23082
43105,22971
43106,23476
43108,23953
43109,18334
43110,23890
43111,22314
43112,22573
43113,24100
43114,24125
43115,23201
43116,23201
43119,24136
43120,23749
43122,23476
43124,23082
43126,23890
43127,24134
43128,23644
43129,23644
43130,23533
43131,23485
43133,23536
43134,23083
43136,23635
43137,23635
43138,23635
43139,24137
43140,24013
43141,23201
43142,24019
43143,4327
43144,24141
43145,23816
43146,24142
43147,24143
43148,24144
43149,24145
43150,22788
43151,22788
43152,22207
43153,23457
43154,23173
43155,23805
43156,24132
43157,23597
43158,23597
43159,23597
43160,23597
43161,23597
43162,23597
43163,23597
43164,23597
43165,4327
43166,24016
43167,24138
43168,24020
43169,23946
43170,24147
43171,21497
43172,24148
43173,24147
43174,24148
43175,23834
43176,23301
43177,24113
43178,23828
43180,23890
43181,24151
43182,23173
43183,23173
43184,23951
43185,18334
43186,24172
43187,24127
43188,24174
43189,23980
43190,23322
43191,24178
43192,23173
43193,24173
43194,23890
43195,21681
43196,23485
43197,24133
43199,22710
43200,24181
43201,23803
43202,23485
43203,24188
43205,23301
43206,24119
43207,24119
43209,24105
43210,24189
43211,24189
43212,24130
43214,17805
43216,23907
43217,23908
43218,23698
43219,24031
43220,22710
43221,21757
43222,24190
43223,24096
43225,24096
43226,17805
43227,24192
43228,24192
43229,24195
43230,24195
43231,24196
43232,23820
43233,23820
43234,23957
43235,23956
43236,23173
43237,23936
43238,24074
43239,23963
43240,23963
43241,22237
43242,23204
43243,22710
43245,24087
43246,23458
43247,23701
43248,22297
43249,24082
43250,24177
43251,23919
43252,24194
43254,24197
43255,23862
43256,24063
43257,24146
43258,23977
43259,24206
43260,24206
43262,24240
43264,23475
43265,24172
43266,24208
43267,18334
43268,23890
43269,22727
43270,24223
43271,24224
43272,23516
43273,24204
43274,22788
43275,24013
43276,23537
43277,24236
43278,23955
43279,24121
43280,24226
43281,23888
43283,24173
43284,23301
43285,23475
43286,21757
43287,23400
43288,23803
43289,22971
43290,22585
43291,24194
43292,23201
43294,23485
43295,24219
43296,24209
43297,24210
43298,23173
43299,23173
43300,24222
43301,24120
43302,21633
43303,23951
43304,24234
43305,24116
43306,24116
43307,24241
43308,23958
43309,23700
43310,24233
43311,23856
43312,23400
43313,22585
43314,24237
43315,24238
43316,23386
43317,23386
43318,24174
43319,24194
43320,23204
43321,17849
43323,21961
43324,21961
43325,21961
43326,24107
43327,23991
43328,24095
43329,24095
43330,24218
43331,24147
43332,24147
43333,22971
43334,21757
43335,23960
43336,24239
43337,24125
43338,24198
43340,24085
43341,24119
43342,24119
43343,24120
43344,24120
43345,24120
43346,23856
43347,24223
43348,23856
43349,23719
43351,24175
43353,24081
43355,24081
43356,24081
43357,24173
43358,23771
43359,18334
43360,24246
43361,23173
43362,24257
43363,24204
43364,21224
43365,23457
43366,24256
43367,23794
43368,23824
43369,23567
43370,23901
43371,24240
43372,24240
43373,24026
43374,24239
43375,22207
43376,20255
43377,21963
43378,23622
43379,24241
43381,24072
43382,24260
43383,23201
43384,22775
43385,23722
43386,24208
43387,24242
43388,23951
43389,23326
43390,24261
43391,24239
43392,24261
43393,24240
43394,24248
43395,24248
43396,24248
43398,18541
43399,24263
43400,23400
43401,22585
43402,22971
43403,24219
43404,24134
43405,24127
43406,24258
43407,24161
43408,24161
43409,24162
43410,24162
43411,24249
43412,24251
43413,24242
43414,24199
43415,24205
43416,21681
43417,24138
43418,24082
43419,23339
43420,23892
43421,24070
43422,24149
43423,23960
43424,22971
43425,24095
43426,24218
43427,23497
43428,21757
43429,23480
43430,22369
43431,21497
43432,22585
43433,23400
43434,24200
43435,23146
43436,24201
43437,24202
43438,24202
43439,19471
43440,22573
43441,24216
43442,24220
43443,24225
43444,24225
43445,24225
43446,24225
43447,24225
43448,24225
43449,24225
43450,24227
43451,24245
43452,23679
43453,24221
43454,24150
43455,24217
43456,21757
43457,23663
43459,23542
43460,23508
43461,23925
43463,21961
43464,24129
43465,23991
43466,23136
43467,24255
43468,24255
43469,24147
43470,24008
43471,22369
43472,24223
43473,24074
43474,23856
43475,23771
43476,23856
43477,24074
43478,23771
43479,24223
43480,23963
43481,24247
43482,24228
43483,23455
43484,24083
43485,23698
43486,24023
43487,24096
43488,24277
43490,24275
43491,24279
43492,24276
43493,23339
43494,24173
43495,24264
43496,24136
43497,24274
43498,24107
43499,22369
43500,24273
43501,24218
43502,24127
43503,24283
43504,24284
43505,24240
43506,23834
43507,24252
43508,24281
43509,24271
43510,24270
43511,24162
43512,24274
43513,23301
43514,24116
43515,24116
43516,24116
43517,24116
43518,24116
43519,24119
43520,24120
43521,24285
43522,24232
43523,24269
43524,24259
43525,24175
43526,24289
43527,24272
43528,24282
43530,24260
43531,23803
43532,24257
43533,23804
43534,22803
43535,24243
43536,12965
43537,24107
43538,23991
43539,24291
43540,24294
43541,23880
43542,23978
43543,23722
43544,22775
43545,23480
43546,23756
43547,24242
43548,23497
43550,24286
43551,24136
43552,24077
43555,24235
43556,24216
43557,24290
43558,23960
43560,12955
43561,22490
43562,23173
43563,24232
43564,23834
43565,24173
43566,23936
43567,23936
43568,24238
43569,23118
43570,23984
43571,24312
43572,24048
43574,24049
43575,24049
43576,24271
43577,24237
43578,22369
43579,21961
43580,23821
43581,18334
43582,24314
43583,24314
43584,24291
43585,24303
43586,24138
43587,24138
43588,24313
43589,24310
43590,24306
43591,24302
43592,21497
43593,23508
43594,24095
43595,4327
43596,4327
43597,24311
43598,24319
43599,24128
43600,24300
43601,24161
43602,24042
43603,23662
43604,24316
43605,22788
43607,24194
43608,23960
43609,23635
43610,23118
43611,23756
43612,24318
43614,23644
43615,23644
43617,24309
43618,24307
43619,24308
43620,23856
43621,23963
43622,24173
43623,23542
43624,24298
43625,24299
43626,23925
43628,24323
43629,22612
43630,22301
43631,24321
43632,23663
43633,23663
43634,23497
43635,24128
43636,24092
43637,23656
43639,24326
43640,24325
43645,23498
43647,24297
43650,24277
43651,24241
43652,24241
43653,24237
43654,20166
43656,23856
43657,23475
43658,24339
43659,24208
43660,18334
43661,24342
43662,24319
43663,23375
43664,24173
43665,23375
43666,23375
43667,23375
43669,24337
43670,23173
43671,18541
43672,24341
43673,24291
43674,23890
43675,23890
43676,23542
43677,23508
43678,24234
43679,24129
43680,24343
43681,24335
43682,24232
43683,24330
43684,24330
43685,24338
43686,24338
43687,24340
43689,24194
43690,23924
43692,23756
43693,24333
43694,24333
43696,22301
43697,24346
43698,24147
43699,23960
43700,24049
43701,23480
43702,24095
43703,24349
43704,18334
43705,24173
43706,23925
43707,23820
43708,23820
43709,24339
43710,24328
43711,24245
43712,24008
43713,23987
43714,23508
43715,23961
43716,24205
43717,24309
43718,23719
43719,23719
43720,24345
43721,24355
43722,24290
43723,23960
43724,23960
43725,24288
43726,24096
43727,22788
43728,24304
43729,23899
43730,22145
43731,23794
43732,23458
43733,21801
43734,24276
43735,24312
43736,24363
43737,24277
43740,23386
43741,24370
43742,23386
43743,24128
43744,23756
43745,24350
43746,24174
43747,24296
43748,24351
43749,24352
43750,24353
43752,22775
43753,24375
43754,23480
43755,24358
43756,24360
43757,24361
43758,23173
43759,24008
43760,23890
43761,24261
43762,24234
43763,24357
43764,24364
43766,24365
43767,24377
43768,24233
43769,24282
43770,24194
43772,23663
43773,23663
43774,24249
43775,24329
43776,24173
43777,23924
43778,24228
43779,24218
43780,24379
43781,23840
43782,24272
43783,22369
43784,23508
43785,24318
43786,23919
43787,23542
43788,24293
43789,24292
43790,24359
43791,24162
43792,24259
43793,24190
43794,24143
43795,24318
43796,24287
43797,4327
43798,23386
43799,23457
43800,24162
43801,24257
43802,23821
43803,20255
43804,24382
43805,24383
43806,24384
43807,24385
43808,24386
43809,24206
43810,24206
43811,21422
43812,24217
43813,24217
43814,24371
43815,24374
43816,24345
43817,24372
43818,24381
43819,23961
43820,23961
43821,24365
43822,24149
43823,24194
43824,23924
43825,24218
43826,24312
43827,24296
43828,24360
43829,24174
43830,24173
43831,23173
43832,23542
43833,23542
43834,24401
43835,23528
43836,23079
43837,23756
43838,24268
43839,23531
43841,24404
43842,23533
43843,21561
43844,24267
43845,23663
43848,24116
43849,23644
43850,23919
43851,24393
43852,24096
43853,24173
43854,24395
43856,24405
43860,24412
43861,23355
43862,24413
43863,24366
43864,24253
43865,24300
43866,24042
43867,24128
43868,23890
43869,23719
43870,23173
43871,24221
43872,24205
43873,23834
43874,24389
43875,24376
43876,23825
43877,24400
43878,24399
43879,23619
43880,24147
43881,24397
43882,24408
43883,23532
43884,23530
43885,24414
43887,24235
43888,24403
43889,24290
43891,24173
43892,24128
43893,24408
43894,22207
43895,24354
43896,24269
43897,24398
43898,23326
43899,24244
43900,23671
43901,23173
43902,23542
43903,24003
43904,24002
43905,24006
43906,23386
43907,23508
43908,23756
43909,23480
43910,24095
43911,21961
43912,24415
43913,24416
43914,24416
43915,24417
43916,24418
43917,22775
43918,24371
43919,24350
43920,21961
43921,22589
43922,22589
43923,24095
43924,23508
43925,23756
43926,23542
43927,23480
43928,24414
43929,24147
43930,24148
43932,23820
43933,24228
43934,24387
43935,24296
43936,24312
43937,23173
43938,24388
43939,24391
43941,23756
43942,23542
43943,23508
43944,23480
43945,24132
43946,24096
43947,21224
43948,24421
43950,24277
43951,20166
43952,24392
43953,24128
43954,24241
43955,24296
43956,24361
43957,24296
43958,24361
43959,24358
43960,24358
43961,24359
43963,24237
43964,23079
43966,23528
43968,24488
43969,24173
43970,22788
43972,24391
43973,23173
43974,23173
43975,24437
43976,23722
43977,24426
43978,24387
43979,23542
43980,24324
43981,23663
43982,23907
43983,24433
43984,24451
43985,24430
43986,24350
43987,24431
43988,24095
43989,24290
43990,21961
43991,24002
43992,24443
43993,24443
43994,24255
43995,23003
43996,21422
43997,24423
43998,24435
43999,23840
44000,24200
44001,24393
44002,24405
44003,24190
44004,24438
44005,22207
44006,24025
44007,24439
44009,17849
44010,23834
44011,24202
44013,24436
44014,24299
44015,24298
44016,23936
44017,24397
44018,24455
44019,24233
44020,23834
44021,24456
44022,24456
44023,24456
44024,24148
44025,24441
44026,24282
44027,24414
44028,24269
44029,24457
44030,24148
44031,24290
44032,23821
44033,23001
44034,24297
44035,22794
44036,22793
44037,23000
44038,24459
44039,24462
44040,21961
44041,24095
44042,24442
44043,22788
44044,24461
44045,24413
44047,22589
44048,24463
44049,24243
44050,23173
44051,22803
44052,24464
44053,24255
44055,24174
44056,24454
44057,24389
44058,24371
44059,17516
44060,24148
44061,24465
44062,24460
44063,
44064,24277
44065,
44066,
44067,24247
44068,24292
44069,24191
44070,24420
44071,24452
44072,24422
44073,24453
44074,23375
44075,23375
44076,23375
44077,24358
44078,24361
44079,24296
44080,24002
44081,24471
44082,19471
44083,23530
44084,24415
44085,24128
44086,24194
44087,24194
44088,24472
44089,24237
44090,22490
44091,22490
44092,24468
44093,23173
44094,22589
44095,22589
44096,22589
44097,22589
44098,22589
44099,24465
44100,24189
44101,24465
44102,24148
44103,24474
44104,24473
44105,24221
44106,23326
44107,24475
44108,23974
44109,23299
44110,24482
44111,
44113,24006
44114,24001
44115,24007
44116,24007
44117,24005
44118,23919
44119,24478
44120,24202
44121,24476
44122,24487
44123,378
44124,24461
44125,23803
44126,23803
44127,24215
44128,23536
44129,24438
44130,24481
44131,24298
44132,24465
44133,23961
44134,24480
44135,24483
44136,24483
44137,11966
44138,24485
44139,23972
44140,24477
44141,24484
44142,24488
44143,24489
44145,24279
44146,24491
44147,24349
44148,24492
44151,24493
44152,24493
44153,24493
44154,14916
44155,23173
44156,23907
44157,24081
44158,24175
44160,24191
44162,22538
44163,23580
44164,24503
44165,24461
44166,24190
44167,24296
44168,22589
44169,24443
44170,24497
44171,23173
44172,24255
44173,24255
44174,24227
44176,4327
44177,22788
44178,23961
44179,23961
44180,24486
44181,378
44182,24405
44183,23386
44184,22589
44185,24189
44186,23536
44187,24439
44188,21961
44189,23756
44190,24507
44191,24507
44192,24498
44193,24504
44194,24501
44195,24506
44196,24506
44197,24506
44198,23961
44199,24386
44200,24401
44201,24148
44202,23961
44203,23961
44204,24508
44205,23961
44206,23834
44207,24294
44208,23936
44209,24194
44210,24409
44211,23033
44212,24334
44213,24510
44214,24478
44215,24128
44216,24334
44217,23820
44218,24511
44219,24467
44220,24237
44221,24440
44222,19963
44223,24517
44224,21564
44225,23406
44226,24520
44227,
44228,23138
44229,24521
44230,23528
44231,24514
44232,
44233,24462
44234,24194
44235,23924
44236,24194
44237,23924
44238,21633
44239,23542
44240,24522
44241,24523
44242,24513
44243,24457
44244,21961
44245,24515
44246,24516
44247,24090
44248,24518
44249,24519
44250,23663
44251,24478
44252,24478
44253,23033
44254,23158
44255,23158
44256,23158
44257,23158
44258,23158
44259,23158
44260,23158
44262,23158
44263,23158
44264,23159
44265,23159
44266,23159
44267,23159
44268,23159
44269,23159
44270,23159
44271,23159
44272,23159
44273,23159
44274,24476
44275,24148
44276,24147
44277,24191
44278,24488
44279,24488
44280,24378
44281,24081
44282,24486
44283,24253
44284,24128
44285,24455
44286,24527
44287,24505
44288,24505
44289,24531
44290,24523
44291,24529
44292,24292
44293,24534
44294,24487
44295,24535
44296,24484
44297,24443
44298,24457
44299,24507
44300,23118
44301,24538
44302,24528
44303,24425
44304,22788
44305,378
44306,24537
44307,23530
44308,24007
44309,24539
44310,24483
44311,24483
44312,12955
44313,24501
44314,24530
44315,23803
44316,24504
44317,23756
44318,24148
44319,24148
44320,24542
44321,23919
44322,23919
44325,17516
44326,23972
44327,23961
44328,24221
44329,22490
44330,22490
44331,22270
44332,24147
44333,24147
44335,24408
44336,24214
44337,22269
44338,22268
44339,22267
44340,22266
44341,22265
44342,22264
44343,24008
44344,24540
44345,
44346,
44348,
44350,22788
44351,24409
44352,24547
44353,24554
44354,23406
44355,21564
44356,24322
44357,378
44358,24526
44359,24479
44360,24081
44361,24510
44362,24528
44363,24083
44364,23696
44365,23698
44366,24316
44367,22301
44368,21561
44369,24407
44373,23821
44374,24457
44375,24173
44376,24565
44377,24568
44378,24419
44379,24132
44380,24440
44381,23597
44382,23597
44383,23597
44384,23597
44386,23936
44390,24173
44391,24543
44392,24558
44393,23907
44394,24324
44395,24401
44396,24563
44397,24563
44398,24414
44399,24414
44400,23834
44401,24148
44402,24148
44403,24148
44404,24148
44405,24147
44406,24147
44407,24116
44408,24415
44409,24568
44410,24523
44411,24523
44412,24557
44413,24576
44414,23989
44415,23986
44416,24004
44417,24191
44418,24534
44419,23528
44420,24148
44421,24414
44422,23961
44423,24147
44424,24378
44425,21961
44426,23756
44427,24336
44428,24147
44429,24563
44430,24279
44431,24505
44432,24579
44433,23406
44434,21564
44435,24322
44436,24241
44437,378
44438,24421
44439,24268
44440,24479
44441,23375
44442,23821
44443,24457
44445,24593
44446,24081
44447,24594
44448,23834
44449,
44450,23527
44451,19900
44452,24572
44453,24533
44454,24548
44455,24560
44456,24562
44457,24564
44458,24567
44459,24477
44460,24116
44461,23972
44462,24582
44463,24147
44464,24147
44465,24595
44466,24147
44467,24147
44468,24173
44469,24414
44470,24148
44471,24148
44472,24277
44473,24524
44474,23079
44475,24509
44476,24534
44477,12862
44478,23536
44479,24512
44480,24599
44481,24601
44482,24602
44483,24600
44484,24277
44485,24279
44486,23404
44487,24173
44488,22540
44489,23961
44490,19471
44491,24604
44492,24590
44493,24577
44494,24268
44495,24268
44497,23834
44498,22490
44499,22490
44500,23729
44501,23728
44502,24597
44503,24598
44504,22490
44505,24603
44506,22490
44507,24128
44508,24545
44509,22490
44510,20973
44511,22490
44512,20973
44513,24202
44514,23919
44515,24608
44516,23781
44517,22476
44518,23173
44519,24415
44520,23143
44521,24565
44522,24609
44523,24462
44524,23821
44525,24457
44526,24558
44527,24513
44528,11400
44529,23001
44530,23003
44531,24257
44532,24173
44533,23806
44534,24557
44535,24322
44536,19165
44537,24543
44538,24423
44539,24485
44540,24561
44541,23530
44542,24581
44543,24588
44544,23722
44545,22538
44546,24571
44548,21961
44549,24202
44550,23820
44551,23803
44552,21224
44553,24614
44554,24241
44555,24616
44556,22788
44557,24617
44559,20255
44560,23729
44561,23728
44562,24554
44563,24519
44564,24516
44565,24649
44566,22207
44567,20255
44568,21633
44569,24148
44570,24414
44571,24644
44572,24652
44573,24563
44574,24468
44576,24468
44577,23961
44578,24627
44579,24643
44580,24646
44581,24147
44582,24147
44583,24580
44584,17516
44585,24533
44586,24336
44587,24567
44588,24564
44589,23806
44590,23960
44591,23960
44592,24189
44593,21224
44594,24661
44595,4327
44596,4327
44597,23936
44598,24651
44599,24650
44600,24189
44601,23960
44602,24471
44603,24566
44604,11400
44606,23299
44607,23299
44608,23299
44612,23299
44613,24680
44614,24369
44615,24654
44616,24654
44617,24513
44618,23143
44619,19471
44620,24577
44621,24577
44622,24581
44623,23079
44624,24686
44625,24221
44626,24687
44627,24685
44628,24677
44629,24004
44630,24653
44631,24336
44632,24666
44633,24667
44634,23961
44635,24676
44636,24679
44637,24678
44638,24574
44639,24425
44640,21497
44641,22207
44642,24518
44643,24443
44644,24668
44645,24599
44646,24660
44647,24659
44650,24657
44651,24509
44652,24512
44653,24651
44655,24468
44656,24650
44657,24689
44658,24277
44659,24668
44660,23580
44661,23527
44662,24415
44663,24378
44664,24614
44665,23899
44666,24617
44668,24488
44669,21561
44670,24457
44671,24324
44672,24386
44673,22490
44674,24557
44675,23961
44676,24699
44677,24699
44678,23960
44679,23960
44680,23960
44681,23961
44682,23961
44683,23961
44684,23961
44685,24701
44686,24702
44687,23961
44688,24652
44689,24652
44690,24703
44691,24703
44692,24704
44693,24443
44694,24147
44695,24705
44697,24689
44698,23961
44700,24707
44701,23530
44702,19471
44703,24571
44704,24201
44705,24381
44706,24481
44707,24708
44708,24649
44709,24366
44710,21963
44711,24604
44712,24604
44713,24713
44714,24701
44715,22788
44716,24606
44717,21564
44718,23406
44719,22788
44720,24657
44722,24595
44723,24721
44724,23821
44725,24206
44726,24712
44727,23375
44728,23375
44729,24706
44730,24415
44731,21438
44732,21633
44733,21497
44734,23960
44735,24147
44736,24189
44737,24386
44738,23961
44739,24717
44740,24724
44741,24716
44742,24563
44743,24566
44744,24423
44745,24723
44746,24714
44748,24718
44749,24561
44750,24443
44751,24725
44752,24148
44753,24443
44754,24206
44755,24206
44756,24386
44757,24206
44758,24703
44759,23923
44760,23960
44761,24189
44762,23960
44763,22490
44764,22455
44765,24147
44766,24147
44767,24414
44768,24414
44769,24148
44770,24148
44771,24703
44772,24699
44773,24723
44774,24721
44775,24719
44776,21588
44777,24560
44778,24562
44779,24569
44780,24567
44781,24564
44782,24728
44783,20255
44785,24622
44786,24626
44787,24721
44788,24651
44789,24509
44790,24509
44791,24492
44792,24726
44793,24729
44794,24730
44795,24406
44796,23821
44797,24691
44798,24691
44799,24300
44800,24733
44801,22793
44803,24697
44804,24591
44805,23936
44806,24461
44807,21963
44808,24734
44809,24731
44810,24322
44811,22794
44812,24128
44813,23899
44814,23527
44815,24366
44816,23919
44817,24132
44818,24496
44819,24502
44820,21572
44821,24495
44822,23961
44823,24494
44824,24564
44825,24562
44826,24727
44829,24147
44830,24189
44832,24147
44833,24206
44834,24189
44835,24451
44836,23960
44838,24189
44839,24206
44840,23961
44842,24742
44843,24451
44844,24392
44845,24415
44846,23409
44847,24649
44849,24507
44850,24698
44851,24500
44852,24128
44853,24666
44854,24748
44856,24749
44857,24546
44858,24342
44859,24750
44860,24754
44861,22803
44862,24650
44863,24739
44864,23756
44868,24740
44869,24755
44870,24563
44871,24006
44872,24756
44873,24745
44874,24746
44875,24743
44876,24744
44877,24667
44878,24756
44879,24699
44880,24701
44881,24722
44882,24722
44883,24741
44884,24268
44885,23530
44886,24571
44887,24759
44888,21497
44889,21497
44890,12955
44891,24659
44892,24758
44893,24189
44894,23961
44895,24519
44896,24580
44897,24588
44898,24652
44899,24652
44900,
44901,
44902,
44903,23834
44904,24415
44905,24731
44906,23820
44907,23820
44909,24509
44910,24509
44911,24650
44912,24705
44913,24761
44914,24241
44915,22788
44917,24025
44918,21561
44919,24734
44920,24612
44922,24736
44923,24759
44924,24735
44925,24763
44926,24586
44927,24760
44928,24592
44929,23001
44930,24315
44931,23527
44932,24767
44933,23375
44934,24132
44935,24461
44936,24651
44937,22207
44938,24654
44939,24718
44940,24765
44941,24407
44942,24723
44943,24717
44944,19165
44945,24772
44946,24006
44947,24002
44948,24004
44949,24773
44950,24762
44951,24702
44952,23960
44953,24564
44954,24562
44955,24451
44956,24451
44957,23960
44958,24451
44959,24451
44960,23960
44961,24189
44962,24451
44963,24206
44964,23960
44965,24451
44966,24386
44967,24451
44968,23961
44969,24386
44970,24651
44971,24268
44972,23083
44973,23083
44974,24766
44975,24451
44976,24776
44977,24778
44978,24781
44979,24779
44980,24777
44981,24774
44982,24775
44983,24780
44984,24785
44985,24718
44986,23729
44987,23728
44988,24770
44989,24793
44990,24771
44991,24769
44992,24757
44993,24792
44994,24796
44995,24534
44996,24788
44997,24701
44998,24659
44999,24599
45000,24656
45001,24790
45002,24703
45003,24699
45004,24766
45005,24756
45006,24651
45008,24392
45009,24500
45010,24128
45011,24799
45012,24786
45013,24784
45014,24783
45015,22939
45016,24661
45017,22788
45018,23375
45019,24378
45020,24811
45022,24366
45023,24241
45024,24800
45025,24806
45026,378
45027,24803
45028,24350
45029,24369
45030,24564
45031,24775
45032,24567
45033,24804
45034,24451
45036,24451
45037,24206
45038,24451
45039,24451
45040,24451
45041,24810
45042,23663
45043,24731
45044,22490
45045,23961
45046,24755
45047,23820
45048,23820
45049,24798
45050,24702
45051,24814
45052,24500
45053,24802
45054,24801
45055,24801
45056,24813
45057,24006
45058,24004
45059,24002
45060,4327
45061,4327
45062,24817
45063,24803
45064,24818
45065,24702
45066,24666
45067,24776
45068,24778
45069,24795
45070,24129
45071,23961
45072,24791
45073,24789
45074,24766
45075,24766
45076,24724
45077,24758
45078,24581
45079,24808
45080,24726
45081,24227
45082,24794
45083,24561
45084,24805
45085,24815
45086,23143
45087,24200
45088,24719
45089,24468
45090,23158
45091,23729
45092,24534
45094,23375
45097,24401
45098,24822
45099,24769
45100,24824
45101,24823
45102,24466
45103,24731
45104,24415
45105,23496
45106,23527
45107,22793
45108,22939
45109,24072
45110,24322
45111,21561
45112,24809
45113,24826
45114,24140
45115,
45116,24461
45117,24827
45118,24828
45119,24494
45120,24366
45121,23936
45122,24756
45123,24780
45124,24567
45125,24778
45126,23375
45127,21963
45128,19165
45129,24650
45130,24564
45131,24518
45132,24652
45133,24833
45134,24832
45135,24831
45136,24714
45137,24820
45138,24451
45139,24451
45140,24507
45141,24580
45142,21961
45143,24750
45144,24342
45145,24386
45146,24830
45147,24825
45148,24804
45149,24821
45150,24810
45151,22490
45152,22490
45153,23663
45154,24129
45156,24392
45157,24783
45158,23527
45159,24401
45160,24206
45161,24451
45162,24839
45163,24771
45164,24268
45165,24838
45166,24605
45167,24605
45168,24605
45169,24605
45170,24468
45171,24650
45172,24468
45173,24722
45174,24689
45175,24842
45176,24844
45177,24841
45178,24500
45179,24843
45180,24767
45181,24128
45182,24847
45185,24829
45186,24848
45187,24849
45188,24834
45189,24666
45190,24850
45191,24836
45192,24837
45193,24451
45194,24386
45195,24451
45196,23644
45197,24852
45198,24799
45199,24853
45200,23820
45201,24731
45202,21561
45203,24690
45204,24820
45205,24810
45206,24855
45207,24854
45208,24796
45209,24702
45210,24617
45211,23527
45212,24856
45213,24858
45214,24863
45215,24860
45216,24861
45217,24850
45218,24386
45219,24471
45220,24851
45221,22269
45222,24004
45223,22788
45224,22787
45225,24727
45226,24703
45227,19905
45228,24206
45229,24451
45230,24451
45231,23663
45232,24869
45233,24758
45234,24857
45236,24757
45237,24451
45238,24770
45239,24132
45241,23597
45244,23597
45246,23597
45247,23597
45248,23597
45249,24871
45250,19905
45252,24864
45253,24866
45254,24865
45255,24814
45256,12955
45257,24868
45258,24708
45259,24206
45260,24451
45261,23923
45262,24225
45263,24225
45264,24386
45265,24451
45266,24451
45267,24206
45268,24725
45269,24468
45270,24689
45271,24689
45272,24813
45273,23083
45274,24824
45275,24276
45276,21963
45277,22788
45278,24586
45279,24425
45280,24526
45281,24809
45282,24140
45283,24828
45284,24827
45285,24366
45286,24736
45287,24840
45288,24783
45289,24875
45290,24816
45291,24862
45292,24798
45293,24466
45294,24816
45295,24767
45296,24879
45297,24879
45298,24879
45299,23820
45300,24880
45302,9277
45303,24852
45304,24661
45305,24081
45306,24175
45307,24661
45308,24415
45309,24892
45310,23597
45311,24132
45312,24770
45313,24770
45314,24770
45315,24770
45317,24896
45318,24893
45319,24894
45321,24128
45323,24889
45324,24859
45325,24897
45326,24002
45328,24904
45330,24903
45331,24494
45333,24842
45334,24465
45335,24465
45336,24465
45337,24465
45338,24465
45339,22803
45340,24910
45341,24819
45342,24703
45343,24711
45344,24710
45345,24709
45346,24878
45347,24749
45349,24451
45350,24206
45351,24451
45352,24451
45353,24206
45354,24386
45355,24911
45356,24810
45357,24206
45358,24874
45359,24816
45360,24900
45361,24129
45362,24877
45363,24898
45364,24567
45365,24564
45366,24912
45367,24496
45368,24852
45369,23961
45370,23961
45372,24562
45373,24802
45374,24801
45375,24004
45376,24746
45377,24743
45378,24494
45379,24745
45380,24744
45381,24763
45382,24241
45383,24408
45384,24867
45385,24758
45386,24915
45387,24386
45388,24560
45389,24206
45390,24386
45391,24533
45392,24548
45393,24569
45394,22490
45395,22490
45396,21497
45397,24917
45398,24916
45399,24916
45400,24913
45401,24767
45402,23961
45403,24451
45404,24147
45405,24883
45406,24883
45407,24883
45408,24884
45409,24884
45410,24884
45411,24917
45412,24907
45413,24832
45414,24836
45415,24831
45416,24833
45417,24837
45418,24858
45419,24874
45420,23387
45421,23387
45422,24468
45423,20255
45424,24840
45425,24890
45426,24842
45427,24622
45428,24875
45429,24827
45430,24928
45431,24828
45432,24927
45433,24891
45434,23441
45435,23176
45436,24224
45437,23865
45438,23969
45439,24705
45440,24510
45441,24930
45442,24128
45443,24915
45444,24451
45445,24002
45446,24206
45447,24934
45448,24918
45449,24937
45450,24886
45451,24841
45452,24580
45453,24901
45454,24206
45455,24451
45456,23923
45457,24386
45458,21633
45460,24904
45461,24905
45462,24906
45463,24386
45464,24386
45465,24929
45466,24386
45467,24386
45468,24334
45469,23834
45470,24526
45471,24336
45472,24129
45473,23663
45474,24889
45475,24415
45476,24940
45477,23803
45478,23803
45479,23961
45480,24128
45481,23961
45482,24268
45483,24925
45484,24769
45485,24451
45486,24451
45487,24789
45488,24378
45489,24927
45490,24942
45491,24942
45492,24943
45493,24823
45494,24900
45495,24929
45496,23961
45497,24386
45498,24885
45499,24716
45501,24147
45502,24872
45503,24431
45504,22984
45505,24744
45506,24745
45507,24911
45508,
45509,
45510,
45511,24891
45512,24927
45513,24771
45514,24415
45515,23083
45516,24758
45517,24605
45518,24468
45519,24650
45520,23387
45522,12965
45523,12965
45534,24958
45535,24867
45536,24392
45537,24816
45538,24963
45539,24798
45540,24862
45541,24622
45542,24622
45543,24954
45544,23734
45545,24941
45546,21801
45547,24567
45548,24955
45549,22788
45550,24957
45551,23961
45552,24961
45553,24964
45554,24966
45555,24939
45556,24959
45557,24953
45558,23961
45559,24451
45560,22490
45561,24451
45562,24386
45563,23961
45564,24451
45565,23961
45566,23961
45567,21889
45568,23961
45569,24451
45570,24336
45571,24923
45573,24887
45575,24225
45576,24225
45578,24969
45579,24881
45580,24969
45581,24654
45585,12965
45586,12965
45589,12965
45590,12965
45591,12965
45592,24927
45593,24970
45594,24903
45595,24900
45596,24392
45597,24954
45598,24971
45599,21561
45600,24147
45601,24924
45602,4327
45603,24833
45604,24956
45605,24654
45606,24973
45607,24887
45608,23961
45609,24974
45610,24873
45611,24873
45612,24975
45613,24945
45614,24976
45615,24126
45616,24081
45617,24588
45618,19905
45619,24650
45620,24980
45621,24981
45622,24983
45623,25011
45624,24933
45625,24889
45626,24844
45627,24986
45628,24987
45629,24973
45630,24942
45631,24140
45632,24425
45633,24322
45634,21561
45635,24586
45636,24967
45637,24979
45638,24978
45639,24977
45640,24763
45641,21963
45642,21963
45643,24927
45644,24900
45645,24969
45646,24958
45647,24999
45648,24985
45649,25012
45650,24336
45651,24336
45652,23961
45653,24622
45654,23820
45655,23820
45656,24982
45657,24652
45658,24951
45659,24883
45660,24988
45661,19471
45662,24905
45663,24902
45664,24901
45665,24947
45666,24580
45667,24652
45668,23961
45669,24652
45670,24652
45671,24984
45672,23387
45673,24415
45674,24963
45675,25015
45676,4327
45677,25017
45678,24946
45679,24567
45680,24564
45681,25014
45682,25020
45683,22490
45684,25000
45685,24968
45686,24762
45687,24443
45689,24129
45690,24129
45691,24959
45693,24507
45694,25013
45695,24726
45696,24938
45697,23803
45698,24789
45699,22265
45701,24885
45702,24652
45704,24669
45708,24670
45709,24670
45710,24671
45711,24671
45712,24671
45717,24672
45719,24673
45722,24675
45726,25022
45727,24983
45728,22788
45729,25021
45730,25028
45731,24969
45732,25036
45733,25052
45734,24771
45735,24969
45736,25003
45737,23002
45738,24942
45739,25057
45740,24968
45741,23961
45742,25060
45743,378
45744,24953
45745,23339
45746,24580
45747,25061
45748,25061
45749,25011
45750,24989
45751,25032
45752,25012
45753,23820
45754,24268
45755,24769
45756,25055
45757,25002
45758,25066
45759,25066
45760,24654
45761,25065
45762,24902
45763,25030
45764,25030
45765,24901
45766,25029
45767,25033
45768,25035
45769,25057
45770,25024
45771,22264
45772,24386
45773,24465
45774,24652
45775,24716
45777,24465
45778,24654
45779,24386
45780,24932
45781,24936
45782,23961
45783,24334
45784,23961
45785,24336
45786,24652
45787,24465
45788,24334
45789,24336
45790,23961
45791,24336
45793,24886
45794,24465
45795,23961
45796,23961
45797,24336
45798,24334
45799,24465
45800,23961
45801,
45802,
45803,
45804,
45805,24769
45806,24268
45807,24970
45808,24622
45809,25052
45810,25036
45811,24415
45812,25031
45813,25091
45814,25028
45815,24081
45816,24425
45817,20255
45818,23734
45819,24315
45821,25062
45822,24392
45823,24942
45824,
45825,25063
45826,25063
45827,24979
45828,25094
45829,25012
45830,24981
45831,25084
45832,378
45833,25098
45834,24605
45835,24983
45836,24126
45837,25091
45838,25102
45839,25015
45840,25104
45841,25103
45842,24919
45843,24921
45844,24920
45845,25106
45846,25096
45847,25082
45848,24654
45849,25074
45850,25075
45851,23083
45852,25076
45853,25077
45854,23961
45855,25109
45856,25100
45857,25011
45858,25011
45860,25083
45861,25083
45862,24652
45863,19905
45864,24652
45865,24336
45866,22702
45867,24654
45868,24336
45869,24334
45870,24336
45871,23961
45872,24938
45873,25055
45874,23961
45875,23961
45876,23961
45877,24652
45878,24989
45879,25092
45880,25093
45881,24465
45882,24465
45883,25030
45884,24147
45885,23961
45886,25097
45887,21497
45888,12955
45889,25038
45890,24968
45891,24959
45892,24959
45893,25105
45894,21510
45895,25121
45896,24670
45897,24671
45898,25122
45899,24663
45900,24662
45901,25123
45902,24770
45903,23387
45904,25097
45905,25057
45906,21963
45907,25124
45908,25125
45909,25102
45910,25126
45911,24580
45912,23803
45913,23961
45914,24336
45915,24652
45916,6397
45917,21633
45918,23961
45919,24116
45920,24588
45921,24983
45922,25061
45923,25034
45924,21437
45925,24392
45927,22788
45928,25063
45929,25064
45931,25064
45932,21561
45933,25138
45934,25137
45936,25128
45937,24586
45938,24969
45939,25086
45940,25088
45941,25087
45942,25081
45943,25003
45944,25085
45945,25142
45947,25145
45948,24986
45949,25151
45950,25143
45951,25154
45952,25060
45953,378
45954,25149
45955,24884
45956,24564
45957,24564
45958,24567
45959,24567
45961,24562
45962,24533
45963,24533
45964,24560
45965,24560
45966,24569
45967,24569
45968,24548
45969,24548
45970,24580
45972,24902
45973,24833
45974,25029
45975,23961
45976,23961
45979,24652
45980,23961
45981,23961
45982,24147
45983,24465
45984,24465
45985,24652
45986,24336
45987,24334
45988,25153
45989,25107
45990,24881
45991,25152
45992,25156
45993,25141
45994,25146
45995,25144
45996,25092
45997,25093
45998,25125
45999,24654
46000,25021
46001,25165
46002,25164
46003,22721
46004,22603
46005,25163
46006,25030
46007,25166
46008,21437
46009,25168
46010,25170
46011,25170
46012,25171
46014,25172
46015,25160
46016,25173
46018,24954
46019,25167
46020,25131
46021,24988
46022,21889
46023,25149
46024,19471
46025,24336
46027,24443
46028,24887
46029,25162
46031,25158
46032,25132
46033,25134
46034,25174
46035,25133
46036,25135
46037,25136
46038,25140
46039,23803
46040,25099
46041,25176
46042,22788
46043,24401
46044,25123
46045,25122
46046,24081
46047,25180
46049,24465
46050,24126
46051,24126
46052,25175
46053,22490
46054,24336
46056,24560
46057,24548
46058,24580
46059,25182
46060,25012
46061,23961
46062,23961
46063,23961
46064,24147
46065,24336
46066,24465
46067,24465
46068,24652
46069,25181
46070,25179
46071,25141
46072,25093
46073,25030
46074,25184
46075,19471
46076,24942
46077,25185
46078,25185
46079,25185
46080,25186
46081,23961
46082,25187
46083,25188
46084,25145
46085,25190
46086,22768
46087,25189
46088,24562
46089,25061
46090,24681
46091,24744
46092,24746
46093,25083
46094,21561
46095,25186
46096,25061
46097,25195
46098,25194
46099,25169
46100,378
46101,22788
46102,25101
46103,23355
46104,25063
46105,25191
46107,25031
46108,24392
46109,21561
46110,25091
46111,24849
46112,24848
46113,24847
46114,25060
46115,25197
46116,25202
46117,25203
46118,25099
46119,25208
46120,24129
46121,25210
46122,25212
46123,25213
46124,25192
46125,25201
46126,25193
46127,25196
46128,25198
46129,24569
46130,24562
46131,25214
46132,25100
46134,25160
46135,25158
46136,22490
46137,25211
46138,24465
46139,24147
46140,24334
46141,24336
46142,25185
46143,25190
46144,25199
46145,25200
46146,22768
46148,25206
46149,4327
46150,25011
46151,23961
46152,23961
46153,12965
46154,23961
46155,24378
46156,23729
46157,23961
46158,25217
46159,24770
46160,22490
46161,25073
46162,25107
46163,25219
46164,24129
46165,25217
46168,24964
46169,25224
46170,25216
46171,25225
46172,25226
46173,25218
46174,25220
46175,25221
46176,25222
46177,24887
46178,24887
46179,25107
46180,24968
46181,25185
46182,25205
46183,23729
46184,23644
46185,22788
46186,25061
46187,25215
46188,378
46189,21561
46190,378
46191,25229
46192,24769
46193,24659
46194,25076
46196,25230
46197,24268
46198,25169
46199,24930
46200,25069
46201,25071
46204,23834
46206,25177
46207,22702
46208,24942
46209,25249
46210,25249
46211,25167
46212,25167
46213,25167
46214,25167
46215,24569
46216,24567
46217,25247
46218,25231
46219,25231
46220,23299
46221,24129
46222,24887
46223,22490
46224,25228
46225,25237
46226,24378
46227,25245
46228,25248
46229,25248
46230,25248
46232,24465
46233,24336
46234,24334
46235,25185
46236,25185
46237,25185
46238,25216
46239,24873
46240,24873
46241,25224
46242,21497
46243,25250
46244,25225
46245,25226
46246,14718
46247,24887
46248,14712
46249,25185
46250,25224
46251,12955
46252,24745
46253,25238
46254,25251
46255,25251
46256,25251
46257,25252
46258,25253
46259,25242
46260,25061
46262,25217
46263,24081
46264,23662
46265,25254
46266,25105
46267,25261
46268,24126
46269,25063
46270,22207
46272,25191
46273,24942
46274,21437
46275,23729
46276,25264
46277,25187
46278,25184
46279,25184
46280,25214
46281,24936
46282,25083
46283,25145
46284,24771
46286,25185
46287,25107
46288,24334
46289,23597
46290,23597
46291,23597
46292,23597
46293,23820
46294,25260
46295,25260
46296,25260
46297,25147
46298,24465
46299,25167
46300,25185
46301,24334
46302,14709
46303,14710
46304,14705
46305,17319
46306,17116
46308,16282
46309,14708
46310,16285
46311,14720
46312,24886
46313,25271
46314,24942
46315,25185
46316,25269
46317,25185
46318,25263
46319,25011
46320,25268
46321,10944
46322,10944
46323,10944
46324,10944
46325,10944
46326,10944
46327,25267
46328,25274
46329,25276
46330,25277
46331,24268
46332,25246
46334,24711
46335,24671
46336,24711
46337,25280
46338,25273
46339,25027
46340,25185
46341,25185
46342,25185
46343,24930
46344,25185
46345,25185
46346,25185
46347,25185
46348,24848
46349,24849
46350,23339
46351,19905
46352,25225
46353,23803
46354,24873
46355,25107
46358,23159
46359,23159
46360,23159
46361,23159
46362,23159
46363,24334
46364,24336
46365,25167
46366,25167
46367,25185
46368,23136
46369,25184
46370,25184
46371,24710
46372,25281
46373,25222
46374,25221
46375,25287
46376,24072
46377,378
46378,25255
46380,25283
46381,25292
46382,25293
46383,25145
46384,25294
46385,25267
46386,25185
46387,25247
46389,25263
46390,25290
46391,25291
46392,25074
46393,21437
46394,25260
46395,25260
46396,25296
46397,24567
46398,24580
46399,25224
46400,25166
46401,25270
46402,25192
46403,14683
46404,14710
46405,25225
46406,16279
46407,12965
46408,14694
46410,25260
46411,25263
46412,25261
46413,25301
46414,25301
46417,25303
46418,25303
46419,25161
46420,378
46422,25191
46423,25080
46425,22702
46426,25244
46431,22173
46434,25220
46435,25305
46436,25305
46437,25307
46438,25295
46439,24588
46440,16285
46441,14683
46442,25226
46443,25250
46444,25304
46445,25224
46446,25309
46447,25310
46448,25216
46449,25185
46450,24948
46451,14721
46452,17171
46453,14684
46454,24126
46455,14713
46456,16332
46457,17164
46458,25246
46459,24392
46460,25254
46461,25313
46462,25312
46463,25298
46464,25217
46465,25330
46466,25212
46467,25193
46468,25172
46469,25100
46470,25302
46471,25333
46472,23644
46473,25334
46474,378
46475,25184
46476,25335
46477,25335
46479,16285
46480,25185
46481,25167
46482,25167
46483,25331
46484,25330
46486,25353
46488,24873
46489,25205
46490,25274
46491,25320
46492,25320
46493,25145
46494,25320
46495,25320
46496,25320
46497,25320
46500,25320
46501,22207
46502,24979
46503,25354
46504,25300
46505,25321
46506,24903
46507,25090
46508,24702
46509,12965
46510,25214
46511,14710
46512,25306
46513,25286
46514,25285
46515,25284
46516,25284
46517,25284
46518,4327
46519,4327
46520,25185
46521,25320
46522,25107
46523,14717
46524,14722
46525,14693
46526,14707
46527,25205
46528,25185
46529,25167
46530,25269
46531,24334
46532,25167
46533,25167
46534,25185
46536,25263
46537,24884
46538,25290
46539,25220
46540,25318
46541,16203
46542,25184
46543,25355
46545,22702
46546,25073
46547,25218
46548,25211
46549,25366
46550,25359
46551,25167
46552,25185
46553,25185
46554,25365
46555,16285
46556,25361
46557,25360
46558,14684
46559,25295
46560,25250
46561,25188
46562,25362
46563,25370
46564,24580
46565,25367
46566,25330
46567,25244
46568,23803
46569,25305
46570,24622
46571,25364
46572,25364
46573,25364
46574,25364
46575,25371
46576,25183
46577,25069
46578,25071
46579,14710
46580,14708
46581,25226
46582,16282
46583,14713
46584,14709
46585,17319
46587,25225
46588,25224
46589,24873
46590,25371
46591,25185
46592,25107
46593,25269
46594,23136
46595,25071
46597,24659
46598,25354
46599,25312
46600,25085
46601,25145
46602,25064
46603,25395
46604,25209
46605,24671
46606,25166
46608,25212
46609,24749
46610,25396
46611,25400
46612,25399
46613,25404
46614,25403
46615,25402
46616,25405
46617,25253
46618,25173
46619,22207
46620,25406
46621,25406
46622,16912
46623,24664
46624,24665
46625,23803
46626,24674
46627,24674
46629,24672
46630,25552
46631,25418
46632,16287
46633,16913
46634,14685
46635,14685
46636,14687
46637,14714
46638,14688
46639,17073
46640,17078
46641,24984
46642,14684
46643,25185
46644,25185
46645,25419
46646,25242
46647,14718
46648,17116
46649,14720
46650,25269
46651,21497
46652,25185
46653,25421
46654,25423
46655,25355
46656,25424
46657,22589
46658,24873
46659,17164
46660,23339
46661,23820
46662,16285
46663,25250
46664,17171
46665,25310
46666,25309
46667,25413
46669,24336
46670,25107
46671,25426
46672,25428
46673,25428
46674,25428
46675,25429
46676,25429
46677,25429
46678,25430
46682,25263
46683,25362
46684,25316
46685,14710
46686,14684
46687,14713
46688,24710
46689,24710
46690,24710
46691,16332
46692,24334
46693,14718
46696,25414
46697,25411
46698,14708
46699,12955
46700,
46701,378
46702,378
46703,25509
46704,4327
46705,4327
46707,25166
46708,25439
46709,25438
46710,25292
46711,25436
46712,25436
46713,25303
46714,25440
46716,25354
46718,25242
46719,25441
46720,25441
46721,25425
46723,23083
46724,23083
46725,23351
46726,23333
46727,25310
46728,14688
46729,25431
46730,23339
46731,25095
46732,25442
46733,21963
46734,24336
46735,25246
46736,25444
46737,25444
46738,25432
46739,25432
46740,25432
46741,25432
46742,25432
46743,25432
46746,25432
46747,25432
46748,14683
46749,25437
46750,25190
46751,25278
46752,25446
46753,25266
46754,25200
46755,25200
46756,25265
46757,25265
46758,22985
46759,22985
46760,22721
46761,25414
46762,
46763,24982
46764,25448
46765,24757
46766,24671
46767,25405
46768,25335
46769,25447
46770,25269
46771,14720
46772,25449
46773,16285
46774,16282
46775,14688
46776,25185
46777,25185
46778,25185
46779,25185
46780,25185
46781,25185
46782,25445
46783,23936
46784,25354
46785,25363
46786,25451
46788,25358
46789,25452
46791,25303
46792,25450
46793,25254
46794,25458
46795,25454
46796,24749
46798,25320
46800,25456
46801,25456
46802,25456
46804,25436
46805,25455
46806,25185
46807,25107
46808,25425
46809,23136
46810,25185
46811,25362
46812,25435
46813,25416
46814,25435
46815,25286
46816,25167
46817,25167
46818,24948
46819,14723
46820,14695
46822,25280
46824,17171
46825,14713
46826,17116
46827,25414
46828,25284
46829,25285
46830,25453
46831,23597
46832,23597
46833,25447
46834,25291
46835,24532
46836,24532
46839,25246
46840,25371
46841,25413
46842,24970
46844,25166
46845,14695
46847,14712
46848,22721
46849,25398
46850,23803
46851,25253
46852,25489
46853,17077
46856,17075
46857,17076
46858,25414
46859,22764
46860,22764
46861,22765
46862,22765
46863,25486
46864,25447
46865,25490
46866,25433
46867,25410
46868,25415
46869,25415
46871,25415
46872,25407
46873,25407
46875,25407
46876,14688
46877,25185
46878,25185
46879,25185
46880,25185
46881,25185
46882,25254
46883,25394
46884,25191
46885,25317
46886,25493
46887,25095
46888,25404
46889,25083
46890,25402
46891,25403
46892,25064
46893,25496
46894,25446
46895,
46896,25145
46897,25494
46898,25456
46899,25497
46900,25424
46901,25424
46902,25288
46903,14723
46904,23136
46905,23136
46906,25285
46907,23936
46908,25310
46910,25361
46911,17115
46912,24936
46913,16913
46914,16287
46915,25398
46916,25499
46917,25407
46918,25500
46919,25500
46920,25253
46921,16285
46922,14683
46923,12965
46924,16279
46925,17171
46926,17078
46927,14718
46928,14684
46929,14685
46930,14693
46931,17077
46932,17075
46933,14720
46934,14694
46935,25502
46936,25161
46937,25394
46938,25300
46939,25505
46940,25075
46941,24588
46942,25446
46943,25504
46944,25431
46945,24602
46946,24602
46947,17116
46948,24984
46949,25425
46950,25366
46951,25495
46954,25199
46955,25199
46957,22768
46960,24888
46962,24888
46963,24888
46964,24888
46966,25506
46967,25291
46968,25286
46969,25498
46970,25185
46971,
46972,25280
46973,25508
46974,25288
46975,25075
46976,25513
46977,25510
46978,25511
46979,25423
46980,23728
46981,25519
46982,25520
46983,25516
46984,25515
46985,25296
46986,25522
46987,24710
46988,25394
46989,25525
46990,25527
46991,25253
46992,17164
46993,25528
46994,24948
46995,25512
46996,25529
46997,25522
46998,25364
46999,25371
47000,25502
47001,24569
47002,25367
47003,25285
47004,25431
47005,25263
47006,25503
47007,25530
47008,25532
47009,14684
47010,25284
47011,16913
47012,25410
47013,22764
47014,25523
47015,22765
47016,25278
47017,25167
47018,25414
47019,25411
47020,21633
47021,25426
47022,14712
47023,25537
47024,25537
47025,25537
47026,16279
47027,25500
47028,25269
47029,25267
47030,21497
47031,16287
47034,25407
47035,16332
47036,14709
47037,12955
47038,17164
47039,14708
47040,14688
47041,23159
47042,23159
47043,23159
47044,23159
47045,23159
47046,25512
47047,
47048,
47050,
47053,23136
47054,
47057,25145
47058,24580
47059,24948
47060,25541
47061,25542
47062,25443
47063,25354
47064,25543
47065,25509
47066,25514
47067,24984
47068,25075
47069,25395
47070,25394
47071,378
47072,25547
47073,25528
47074,25394
47076,25513
47077,25549
47078,25247
47079,25167
47080,25545
47081,25413
47082,25191
47083,25510
47084,25177
47085,25451
47086,25363
47087,25494
47088,25370
47089,14693
47090,25364
47091,14687
47092,25548
47093,25432
47094,25432
47095,25185
47096,25185
47097,25267
47098,25269
47099,25544
47100,25305
47101,25305
47102,25305
47103,25305
47104,25278
47105,25533
47106,25185
47107,25410
47108,25410
47109,22765
47110,25167
47111,25413
47112,16287
47113,24336
47114,25456
47115,25456
47116,25291
47117,17078
47118,25063
47119,25063
47120,25551
47121,25280
47122,25360
47124,24675
47125,24675
47126,22764
47127,25424
47128,25285
47129,25439
47130,25556
47131,23136
47132,14694
47133,25423
47134,25284
47135,24532
47136,25167
47137,22765
47138,25286
47139,25554
47140,25526
47141,25555
47142,25555
47143,25555
47145,14712
47146,14709
47147,24580
47148,25525
47150,21437
47151,23729
47152,23729
47154,25429
47155,25280
47156,25404
47157,25064
47158,25403
47159,25402
47160,378
47161,25063
47162,25507
47164,25559
47165,25558
47166,25561
47167,25242
47168,25069
47169,25564
47170,25565
47171,25566
47172,25185
47173,25553
47174,14694
47175,25398
47176,25398
47177,25238
47178,25523
47179,25569
47180,25570
47181,25568
47182,25432
47183,25432
47184,16287
47185,25185
47186,25285
47187,25185
47188,25199
47189,25557
47190,25562
47191,25562
47192,25567
47193,25567
47194,25500
47195,25500
47196,16279
47197,14685
47198,25284
47199,25541
47200,25572
47201,25573
47202,14684
47203,17164
47204,16913
47205,14707
47206,25284
47207,16282
47208,25285
47209,25546
47210,25286
47211,25286
47212,17076
47213,25320
47214,25367
47215,25576
47216,23803
47217,25371
47218,25579
47219,22764
47220,22768
47221,22768
47222,25335
47223,25335
47224,14694
47225,23820
47226,25199
47227,25532
47228,25584
47229,17075
47230,25305
47231,17078
47232,25586
47233,22764
47235,25246
47236,25573
47237,25570
47238,25578
47239,25543
47240,25442
47241,25441
47242,25443
47243,25404
47244,25402
47245,25403
47246,25064
47247,25424
47248,25574
47249,25575
47250,25509
47251,25583
47252,25583
47253,25581
47254,25582
47255,25585
47257,24675
47258,25023
47259,25280
47260,25588
47261,25397
47262,25592
47263,25242
47264,25412
47265,25412
47266,25185
47267,25394
47268,25569
47269,24580
47270,25604
47271,25557
47272,16913
47273,25589
47274,25185
47275,25364
47276,
47277,
47278,
47279,
47280,
47281,16287
47282,23803
47283,14707
47284,17077
47285,25590
47286,25606
47287,25590
47288,25367
47289,25576
47290,22775
47291,25601
47292,25601
47293,16332
47294,25411
47296,25414
47297,22765
47298,22765
47299,24532
47300,25284
47301,25284
47302,25414
47303,25437
47304,22764
47305,25185
47306,25605
47307,25230
47308,25185
47309,25500
47310,25608
47311,25278
47314,22768
47315,25611
47316,25510
47317,25613
47318,22764
47319,22764
47320,25199
47321,25199
47322,25506
47323,22764
47324,25278
47325,24336
47326,22768
47327,25412
47328,25185
47329,25185
47330,25614
47331,25615
47332,25565
47333,23803
47334,21583
47335,25612
47336,25595
47337,25411
47338,24532
47339,25561
47340,25596
47341,25575
47342,25543
47343,25456
47344,25625
47345,25500
47346,25191
47347,25454
47348,25454
47349,25303
47350,25321
47351,25595
47352,4327
47353,4327
47354,25428
47355,25364
47356,25603
47357,25591
47358,25609
47359,25605
47360,25599
47361,25593
47362,25627
47363,25525
47364,25424
47365,25075
47366,25562
47367,25567
47368,23597
47369,25435
47370,22768
47371,25602
47372,25371
47373,25265
47375,23729
47376,25628
47377,25626
47378,25303
47380,25510
47381,25590
47382,12965
47383,25633
47385,25632
47386,25532
47387,25449
47388,25600
47389,25549
47390,25073
47391,25353
47392,25486
47393,25634
47394,25635
47395,25636
47396,14693
47397,17075
47398,25535
47400,24532
47401,25407
47402,25415
47403,22768
47404,25412
47405,24532
47406,25412
47407,25185
47408,25185
47409,25185
47410,25185
47411,25394
47412,25325
47413,25161
47414,25650
47415,
47416,25607
47417,25497
47418,25641
47419,25533
47420,25230
47421,25644
47422,22207
47423,25566
47424,25485
47425,25643
47426,25646
47427,25647
47428,25640
47429,25649
47430,25616
47431,25578
47432,24126
47433,25485
47434,25305
47435,25305
47436,25562
47437,25433
47438,25432
47439,25651
47440,25481
47441,25320
47442,25645
47443,25648
47444,25265
47445,25278
47446,25407
47447,25407
47448,25266
47449,25481
47450,25433
47451,25415
47452,25415
47453,25500
47454,25586
47455,25407
47456,25590
47457,25435
47458,25648
47459,25583
47461,25629
47462,25692
47463,25363
47464,25549
47465,25630
47466,25631
47467,25639
47468,25364
47469,25640
47470,25694
47471,25691
47472,25693
47473,378
47474,25394
47475,25702
47476,25703
47477,25240
47478,25567
47479,25570
47481,25415
47482,25706
47483,25265
47484,22768
47485,25665
47486,25664
47487,25707
47488,25185
47489,25185
47490,25185
47491,25185
47492,25185
47493,25320
47494,25645
47495,24532
47496,25278
47497,25199
47498,25266
47499,25712
47500,25714
47501,25481
47502,25716
47503,25278
47504,25266
47505,25199
47506,17164
47507,14687
47508,25485
47509,25611
47510,25717
47511,25717
47512,25713
47513,25416
47514,25717
47515,25715
47517,24532
47518,25355
47519,14685
47520,24984
47521,25719
47522,25265
47523,25721
47524,25721
47525,25633
47526,24622
47527,25722
47528,25398
47529,25398
47530,22768
47533,25371
47534,25412
47535,25412
47536,25481
47537,25664
47538,25665
47539,25590
47540,25023
47541,25650
47542,25596
47543,378
47544,25709
47545,25644
47546,25533
47547,25533
47548,25600
47549,25592
47550,25230
47551,
47552,25353
47553,25727
47555,25728
47557,25730
47558,25566
47559,25567
47560,25731
47561,25732
47562,25732
47563,25733
47564,25729
47565,23160
47566,25735
47567,25740
47569,25723
47570,25743
47571,25742
47572,25744
47573,25731
47574,25454
47575,25300
47576,25454
47577,25745
47578,25747
47579,25748
47580,25749
47581,25750
47582,25751
47583,24580
47584,25746
47585,25752
47586,25738
47587,25739
47588,25355
47589,25336
47590,25602
47591,25720
47592,25416
47593,25433
47594,25723
47595,25432
47596,25185
47597,25185
47598,25185
47599,25185
47600,25412
47601,25664
47602,25753
47603,25665
47604,25411
47605,25734
47606,25754
47607,25481
47608,25437
47609,25756
47610,22764
47611,25397
47612,24401
47613,25639
47614,25755
47615,25394
47616,23821
47617,25567
47618,25758
47619,25760
47620,25752
47621,25411
47622,25481
47623,25407
47624,25407
47625,25764
47626,25437
47627,25230
47628,25639
47630,25161
47631,25064
47632,25595
47633,25558
47634,25575
47635,25651
47636,25630
47637,25755
47638,25641
47639,25766
47640,25429
47641,25767
47642,25611
47643,25770
47644,23160
47645,23160
47646,25769
47647,23160
47648,23160
47649,23160
47650,23160
47651,25773
47652,25526
47653,25721
47654,25364
47655,17076
47656,17075
47657,21633
47658,25721
47659,25063
47660,21633
47661,14685
47662,25185
47663,25185
47664,25185
47665,24888
47666,24888
47667,25665
47668,25752
47669,25781
47670,25781
47671,25780
47672,25780
47673,25779
47674,25779
47675,19257
47676,25415
47677,25415
47678,25775
47679,25776
47680,25777
47681,25778
47682,25782
47683,25783
47684,25783
47685,25783
47686,25783
47687,25746
47688,
47689,25430
47690,25702
47691,25253
47692,25625
47693,25585
47694,25582
47695,17075
47696,25366
47697,23299
47698,25788
47700,25230
47701,25398
47702,25744
47703,25366
47704,25364
47705,5356
47706,25567
47707,25707
47708,25460
47709,25646
47710,25790
47711,25772
47712,21497
47713,25407
47714,25731
47715,25731
47716,
47717,
47718,
47719,25300
47720,25724
47721,25724
47722,25647
47723,25791
47724,
47727,25768
47728,25454
47729,25394
47730,25754
47731,378
47732,22207
47733,25759
47734,25288
47735,25638
47736,25415
47737,25371
47738,25769
47739,25639
47740,25730
47741,25302
47742,25397
47743,25336
47744,25064
47745,24045
47746,25185
47747,24921
47748,25185
47749,25792
47750,25185
47751,25190
47752,25265
47753,24888
47755,25481
47756,25200
47757,25774
47758,25794
47759,25433
47760,25398
47761,25320
47762,25797
47763,25795
47764,25796
47766,25191
47767,25567
47768,14707
47769,25416
47770,25075
47771,4327
47772,24948
47773,22768
47774,25664
47775,25757
47776,25801
47777,12965
47778,23597
47779,17076
47780,17116
47781,25803
47782,25804
47783,25723
47784,16296
47785,25481
47786,25265
47787,25190
47788,24888
47789,25790
47790,25407
47791,25807
47792,25729
47793,25809
47794,378
47795,24401
47796,25815
47797,17115
47798,25816
47799,25817
47800,25188
47801,25638
47802,25800
47803,25798
47804,25799
47805,25818
47806,25793
47808,22702
47809,25629
47810,25772
47811,25535
47812,25820
47813,25760
47814,25567
47815,25185
47816,25185
47817,25185
47818,25185
47819,25802
47820,25796
47821,25415
47822,14707
47823,25801
47824,25611
47825,25814
47826,25415
47827,25481
47828,25064
47829,14707
47830,25825
47831,25398
47832,25823
47833,24049
47834,24049
47835,25783
47836,25023
47837,25826
47838,25063
47839,25733
47840,21510
47841,25811
47842,25813
47843,25812
47844,25807
47845,25159
47846,378
47847,378
47848,25561
47849,378
47850,25744
47851,25576
47852,25829
47853,25625
47854,25253
47855,25830
47856,25831
47857,25825
47858,25760
47859,25355
47860,25288
47861,25485
47862,24244
47863,24401
47864,25549
47865,25842
47866,25841
47867,25840
47868,25839
47869,25838
47870,25646
47871,17076
47872,25801
47873,17399
47874,25723
47875,25810
47876,25824
47877,25416
47878,25185
47879,25583
47881,25843
47882,25793
47883,25833
47884,25833
47885,25833
47886,25834
47887,25834
47888,25836
47889,25836
47890,25835
47891,25835
47892,25835
47893,25835
47894,25835
47895,25837
47897,25837
47898,25415
47899,25185
47900,25837
47901,25837
47902,25837
47903,25837
47904,25837
47905,25320
47906,25648
47907,25432
47908,25364
47909,25743
47910,25567
47911,25639
47912,25824
47913,25810
47914,25810
47915,25481
47916,25847
47917,25848
47918,25845
47919,25825
47920,25321
47921,25850
47922,25639
47923,25577
47924,25577
47925,25692
47926,25854
47927,25853
47928,25852
47929,25253
47930,22764
47931,25856
47932,25855
47933,25851
47934,16279
47935,25432
47936,25857
47937,25416
47938,25858
47939,25185
47940,21649
47941,22985
47942,25702
47943,14683
47944,14684
47945,14688
47946,14683
47947,14684
47948,14688
47949,17076
47954,16287
47956,25063
47957,25440
47958,25161
47960,25806
47961,25579
47962,25253
47963,25625
47964,22702
47965,25851
47966,25861
47967,25862
47968,25863
47969,25863
47970,25864
47971,25865
47972,25867
47973,25866
47974,25729
47975,25730
47976,25868
47977,25869
47978,25871
47979,25873
47980,25859
47981,25860
47982,25190
47983,25532
47985,25364
47986,25850
47987,25023
47988,25772
47989,25876
47990,25872
47991,24888
47992,25870
47993,25185
47994,25874
47995,25416
47996,25185
47997,25185
47998,25790
47999,25412
48000,25432
48001,25853
48002,25881
48003,25882
48004,25631
48005,25883
48006,25885
48007,25884
48008,25888
48009,25648
48010,25890
48011,25889
48012,25880
48013,25891
48014,14683
48015,16332
48016,25855
48018,25894
48019,25894
48020,25432
48021,22561
48022,25625
48023,25730
48024,25579
48025,25161
48026,25879