planning_id,task_id
9,256
10,270
11,266
12,3172
14,2520
15,328
16,354
17,
18,
19,
20,
21,
23,
24,
25,2687
26,
27,
28,1311
29,
30,
31,
32,
33,225
34,3207
35,2224
36,2982
37,928
38,2921
39,2287
40,
41,1721
42,2833
43,1751
44,377
45,1753
46,3206
47,377
48,2795
49,377
50,377
51,3206
52,377
53,2775
54,327
55,1311
56,354
57,2775
58,2687
59,1311
60,1311
61,
62,327
63,
64,
65,1751
66,3040
67,1061
68,2687
69,
70,
71,2224
72,
73,2921
74,2922
75,2833
76,1721
77,2588
78,769
79,2471
80,819
81,2563
82,
83,
84,
85,2384
86,2287
87,2542
88,3001
89,1737
90,328
91,3174
96,
99,3609
109,3211
110,
111,
112,
113,
114,
115,1311
116,
117,1311
118,
119,1311
120,
121,1448
122,1751
123,328
124,328
125,899
126,378
127,
128,
129,
130,
131,769
132,
133,1721
134,
135,1721
136,1311
137,3040
138,2384
139,2563
140,1721
141,1314
142,
143,2372
144,2922
145,2833
146,1443
147,2371
148,2921
149,1445
150,2588
151,2941
152,3202
153,3212
154,3203
164,
165,3172
166,
168,
169,2384
170,2542
171,1760
172,3227
173,2775
175,3040
177,1311
178,2941
179,2372
180,328
181,2830
182,324
183,1721
184,2921
185,1721
186,2921
187,2833
188,2371
189,2372
190,3040
191,3157
192,354
193,398
194,899
195,
196,2921
197,1721
198,2833
199,2922
200,
201,
202,
203,409
204,
205,3172
206,
207,
208,
209,
210,2287
211,2148
212,1706
213,398
214,983
215,2922
216,1751
217,1311
218,3133
219,3132
220,3277
221,3275
222,3276
223,3130
224,3224
225,3274
226,3129
227,3134
228,3273
229,3131
230,3295
231,
232,2518
233,2517
234,2525
235,2511
236,2563
237,2514
241,2539
242,2536
243,2945
244,2945
245,2956
246,2947
247,2953
248,2944
251,
252,
253,2687
254,1441
255,
256,2921
257,2371
258,
259,
260,
261,2921
262,1448
263,324
264,2833
265,
266,1721
267,2588
268,1721
269,
270,
271,
272,
273,
274,3198
275,3199
276,3202
277,3211
278,3212
279,3203
280,3204
281,3213
282,3220
283,2513
284,3302
285,2870
286,2870
287,3219
288,3268
289,2704
290,3136
291,2563
295,2537
296,2537
297,2537
298,2537
299,538
300,
301,
302,3303
303,3304
304,3001
305,2962
306,2997
307,3253
308,3306
309,2941
310,3307
311,3308
312,3310
313,3310
314,3310
315,3310
316,3310
317,3310
318,3310
319,3310
320,3310
321,3310
322,3310
323,3310
324,3310
325,3310
326,2870
327,3313
328,2871
329,3315
330,2588
331,2563
332,
333,1311
334,
335,
336,2371
337,3040
338,
339,
340,3248
341,2133
342,
343,
344,
345,409
346,
347,
348,3143
349,2542
350,328
351,324
352,2775
353,
354,2921
355,
356,1721
357,225
358,
359,
360,
361,
362,3206
363,1753
364,3299
365,
366,
367,
368,
369,
370,
371,
373,2563
374,2588
375,
376,
378,2687
379,983
380,986
381,3030
382,2542
383,2371
384,928
385,
386,3040
387,2372
388,331
389,1706
390,1314
391,986
392,1721
393,2921
394,2133
395,409
396,2833
397,2707
398,1614
399,
400,
401,2372
402,
403,1751
404,2951
405,2952
406,2945
407,2537
408,2513
409,2495
410,
411,2588
412,
413,1311
414,1311
415,
416,2371
417,
418,1721
419,2133
420,2577
421,2921
422,
423,
424,2133
425,378
426,328
427,
428,2921
429,2833
430,578
431,
432,1448
434,
435,2588
436,2536
437,2536
438,2539
439,
440,
441,
442,
443,327
444,3303
445,324
446,2372
447,
448,3248
449,1445
450,1721
451,1721
452,1721
453,
454,324
455,
456,
457,
458,
459,
460,
461,716
462,
463,
464,2939
465,1614
466,1614
467,331
468,2542
469,3030
470,2287
471,2911
472,3189
473,928
474,3172
475,751
476,2921
477,356
478,3040
479,1311
480,2588
481,
482,2563
483,3042
484,2372
485,
486,
487,1721
488,2833
489,328
490,3001
491,2224
492,2287
493,225
494,769
495,331
496,331
497,3190
498,2148
499,
500,328
501,
502,
503,
504,
505,
506,
507,
508,
509,
510,3376
511,2525
512,2514
513,538
514,2511
515,
516,2520
517,
518,
519,2704
520,2704
521,2537
522,
523,2539
524,
525,2537
526,2954
527,2955
528,
529,356
530,3248
531,2775
532,
533,
534,3376
535,3383
536,378
538,
539,2588
540,865
541,2833
542,1721
543,578
544,2557
545,1614
546,
547,3172
548,3332
549,
551,2830
552,2287
553,1630
554,
555,
556,
557,
558,3318
559,2133
560,3321
562,2542
563,
564,3383
565,
566,3213
567,3214
568,3425
570,
571,3427
572,3304
573,3030
574,3308
575,2997
576,2557
577,865
578,2563
579,
580,2364
582,3388
583,3389
584,3390
585,2364
586,2364
587,3278
588,3287
589,3294
590,2158
591,2197
592,2157
593,3277
594,3206
595,3375
596,3375
597,
598,327
599,1706
600,2774
601,3292
602,
603,1311
604,
605,1449
606,1441
607,
608,3332
609,1706
610,1614
611,3230
612,1706
613,2708
614,2148
615,2921
616,3379
617,225
618,225
619,
620,2833
621,1721
622,
623,
624,2133
625,1441
626,3397
627,2372
628,3383
629,3460
630,3461
631,2945
632,2835
633,3463
634,3465
635,538
636,3462
637,3464
638,3466
639,2953
640,2953
641,2958
642,2959
643,2537
644,3475
645,3378
646,2859
647,328
648,
649,
650,3411
651,
652,3248
653,356
654,2372
655,3040
656,2921
657,1441
658,3040
659,
660,
661,
662,
663,
664,225
665,225
666,716
667,1721
668,2833
669,2921
670,2921
671,2133
672,578
673,769
674,3492
675,
676,
677,2830
678,
679,
680,
681,
682,324
683,
684,2588
685,2859
686,2133
687,2833
688,2921
689,2921
690,3430
691,324
692,3308
693,2372
694,356
695,3040
696,
697,3487
698,3205
700,3214
701,3235
702,3232
703,3480
704,3478
705,3479
706,3502
707,3503
708,3504
709,3493
710,3513
711,3514
712,324
713,2921
714,3310
716,3310
717,328
718,
719,409
720,
721,2471
722,
723,
724,
725,2558
726,3430
727,1614
728,
729,2287
730,2911
731,
732,328
733,2365
734,2148
735,331
736,2921
737,2922
738,2434
739,
740,
741,1721
742,
743,2833
744,
745,3397
746,3333
747,
748,
749,
750,3519
751,3307
752,2962
753,3030
754,3523
755,3529
756,3530
757,
758,2372
759,328
760,327
761,2720
762,3248
763,3487
764,378
765,2471
766,
767,
768,3248
769,378
770,3421
771,2703
772,
773,3468
774,3334
775,3430
777,2148
778,324
779,
780,1614
781,1630
782,
783,
784,
785,
786,2152
787,1721
788,
789,
790,2922
791,
792,2921
793,2911
794,2911
795,
796,2911
797,225
798,2133
799,578
800,
801,
802,2224
803,
804,
806,
807,3492
808,3550
809,3551
810,3287
811,3222
812,3554
813,3221
814,3482
815,3540
816,3542
817,3277
818,3472
819,2959
820,2960
821,2948
822,2958
823,3555
824,3558
825,3558
826,3559
827,3561
828,328
829,
830,2588
831,
832,2563
833,
834,
835,344
836,3517
837,3537
838,324
839,2372
840,3248
841,3040
842,225
843,1721
844,2133
845,2921
846,1721
847,2833
848,1706
849,327
850,
851,
852,3030
853,3307
854,
855,3388
856,3390
857,3389
858,3392
859,3391
861,3586
862,3584
863,3572
864,3573
865,3587
866,2921
867,2922
868,1721
869,2833
870,994
871,
872,
873,2224
874,2830
875,928
876,2921
877,1721
878,2833
879,
880,2687
881,3335
882,2224
883,3606
884,3605
885,3604
886,3590
887,3030
888,3496
889,3291
890,3427
891,3184
893,3607
894,3608
895,3539
896,3308
897,3609
898,3609
899,3609
900,3609
901,3609
902,3587
903,
904,
905,
906,
907,3614
908,3551
909,3383
911,3614
912,3378
913,3213
914,3214
915,3475
916,3610
917,
918,3602
919,3472
920,3277
921,3293
922,3222
923,3282
924,2959
925,3615
926,3616
927,3615
928,
929,
930,
931,
932,2563
933,1721
934,2833
935,3544
936,2922
937,2434
938,2434
939,994
940,3486
941,3472
942,3222
943,3624
944,3273
945,3601
946,3482
947,3625
948,3274
949,3619
950,3623
951,3622
952,3626
953,3620
954,
955,
956,
957,
958,
959,
960,2563
961,
962,
963,2833
964,2921
965,328
966,225
967,2921
968,3506
969,3512
970,929
971,929
972,1193
973,3632
974,
975,2704
976,2704
977,
978,
980,3248
981,2929
982,3041
983,356
984,3599
985,3487
986,3599
987,2372
988,2371
989,
990,3544
991,328
992,
993,2563
994,
995,2563
996,3431
997,
998,
999,865
1000,3335
1001,3389
1002,2557
1003,2814
1004,2148
1005,344
1006,
1007,928
1009,3468
1010,2287
1011,2983
1012,3615
1013,3439
1014,
1015,3620
1016,3651
1017,3356
1018,3347
1019,3349
1020,3350
1021,3648
1022,3338
1023,3342
1024,3282
1025,3295
1026,3623
1027,
1028,327
1029,2388
1030,3040
1031,3248
1032,3486
1033,2921
1034,1721
1035,2833
1036,2563
1037,
1038,2921
1039,
1040,
1041,2922
1042,
1043,
1044,3599
1045,3040
1046,
1047,
1048,
1049,2563
1050,
1051,3440
1052,
1053,328
1054,3248
1055,3041
1056,1721
1057,3514
1058,2687
1059,356
1060,3391
1061,2833
1062,3172
1063,2921
1064,
1065,3385
1067,2921
1069,578
1070,3599
1071,2984
1072,2929
1073,2814
1074,1706
1075,331
1076,3496
1077,
1078,
1079,
1080,
1081,2704
1082,3375
1083,3614
1084,2704
1085,3655
1086,3614
1087,
1088,3599
1089,
1090,
1091,
1092,2537
1093,3293
1094,3623
1095,3357
1096,2563
1097,
1098,
1099,3030
1100,3679
1101,3625
1102,3626
1103,3624
1104,3375
1105,3310
1107,
1108,
1109,
1110,
1111,
1112,2921
1113,
1114,2922
1115,
1116,2833
1117,3041
1118,1721
1119,3469
1120,3248
1121,3514
1122,402
1123,3517
1124,
1125,2688
1126,3391
1127,2984
1128,1615
1129,3602
1130,2557
1131,3308
1132,3706
1133,3496
1134,3427
1135,3257
1136,3185
1137,3255
1138,3256
1139,3642
1140,3608
1141,3388
1142,3391
1143,3695
1144,3637
1145,3299
1146,3721
1147,3722
1148,3214
1149,3425
1150,3723
1151,3724
1152,3725
1153,2511
1154,3686
1155,3681
1156,3657
1157,3682
1158,3669
1159,3658
1160,3728
1161,
1162,2563
1163,
1164,
1165,
1166,
1167,327
1168,3248
1169,3041
1170,402
1171,2921
1172,2921
1173,2922
1174,3172
1175,
1176,
1177,2833
1178,2555
1179,3308
1180,
1181,3427
1182,
1183,3269
1184,3383
1185,3779
1186,3532
1187,3603
1188,
1189,
1190,2563
1191,2563
1192,3747
1193,3745
1194,3767
1195,3764
1196,3781
1197,3782
1198,3783
1199,3784
1201,3735
1202,3785
1203,3776
1204,3787
1205,3788
1207,3756
1209,3789
1210,3757
1211,3791
1212,3793
1213,3794
1214,
1215,3040
1216,3248
1217,356
1218,3514
1220,
1221,
1222,3427
1223,3308
1224,1614
1225,3442
1226,1721
1227,2833
1228,2921
1229,2921
1230,3030
1231,398
1232,
1233,
1234,3427
1235,3308
1236,3662
1237,
1238,
1239,
1240,
1241,3248
1242,2372
1243,2921
1244,3704
1245,3514
1246,3816
1247,3517
1248,1706
1249,2143
1250,3308
1251,3391
1252,
1253,2563
1254,
1255,3389
1256,3822
1257,3818
1258,3808
1259,3602
1260,
1261,
1262,
1263,
1264,
1265,2687
1266,
1267,
1268,3041
1269,2372
1270,3041
1271,
1272,
1273,
1274,3248
1275,2563
1276,356
1277,
1278,
1279,
1280,1706
1281,3030
1282,3475
1283,
1284,398
1285,3517
1286,1721
1287,3825
1288,2921
1289,2929
1290,3041
1291,3599
1292,2434
1293,3258
1294,2561
1295,3841
1296,3835
1297,3310
1298,3819
1299,3845
1300,
1301,
1302,
1303,3599
1304,3840
1305,3839
1306,3838
1307,3837
1308,3833
1309,3826
1310,3550
1311,3428
1312,3846
1313,3586
1314,3724
1315,
1316,3745
1317,3783
1318,3783
1319,3783
1320,3766
1321,3735
1322,3788
1323,3788
1324,3724
1325,3847
1326,3248
1327,3041
1328,2560
1329,2372
1330,
1331,2563
1332,
1333,
1334,
1335,
1336,
1337,
1338,
1339,
1340,
1341,3793
1342,
1343,1721
1344,328
1345,3811
1346,3806
1347,3291
1348,3851
1349,3592
1350,3596
1351,3594
1352,3595
1353,3593
1354,3598
1355,3863
1356,3799
1357,3717
1358,3800
1359,3718
1360,3719
1361,3770
1362,3626
1363,3329
1364,3836
1365,3836
1366,3842
1368,3350
1370,3861
1371,3864
1372,3392
1373,2474
1374,2474
1375,2568
1376,2471
1377,3404
1378,3702
1379,340
1380,
1381,
1382,
1383,327
1385,
1386,2557
1387,
1388,
1389,
1390,
1391,
1392,1721
1393,2921
1394,3544
1395,324
1396,
1397,3875
1398,3855
1399,3777
1400,3856
1402,
1403,
1404,3886
1405,3887
1406,3876
1407,3894
1408,3791
1409,3884
1410,3882
1411,
1412,
1413,
1414,
1415,2563
1416,
1417,3248
1418,2372
1419,2922
1420,3812
1421,3642
1422,3854
1423,3852
1424,3030
1425,3909
1426,3040
1427,3248
1428,2372
1429,2921
1430,3906
1431,3248
1432,
1433,3248
1434,
1435,
1436,2687
1437,
1438,
1439,384
1440,3834
1441,2921
1442,1721
1443,3544
1444,
1445,398
1446,3517
1447,1706
1448,3915
1449,3602
1450,2911
1451,3030
1452,
1453,2687
1454,
1455,
1456,3895
1457,3812
1458,3887
1459,3907
1460,3907
1461,3919
1462,3793
1463,3678
1464,2372
1465,2921
1466,3812
1467,3248
1468,3041
1469,
1470,1061
1471,2365
1472,2563
1473,
1474,409
1475,2687
1476,2922
1477,2921
1478,1721
1479,225
1480,384
1481,3544
1482,1706
1483,3702
1484,2365
1485,
1486,2911
1487,
1488,3030
1489,
1490,
1491,
1492,
1493,
1494,3911
1495,3812
1496,3876
1497,3931
1498,3933
1499,
1500,3939
1501,3930
1502,3936
1503,3935
1504,3938
1505,3864
1506,3642
1507,3805
1508,3811
1509,3350
1510,3925
1511,3934
1514,3923
1515,3842
1516,3945
1517,3946
1518,3755
1519,3375
1520,3943
1521,3856
1522,3944
1523,3942
1524,327
1525,328
1526,328
1527,328
1528,3362
1529,2372
1530,3248
1531,2471
1532,3041
1533,
1534,
1535,
1536,
1537,
1539,3876
1540,
1542,3517
1543,3834
1544,2287
1545,2588
1546,
1547,
1548,
1549,1630
1550,
1551,
1552,2922
1553,2921
1554,1721
1555,2434
1556,384
1557,3916
1558,3544
1559,3755
1560,3777
1561,3755
1562,3755
1563,3592
1564,3773
1565,3596
1566,3592
1567,3853
1568,3942
1569,3941
1570,
1571,3971
1572,
1573,3248
1574,
1575,3041
1576,1721
1577,3517
1578,398
1579,
1580,3475
1581,3030
1582,1706
1583,
1584,
1585,
1586,
1587,
1588,
1590,
1591,
1592,
1593,
1594,356
1595,3826
1596,3833
1597,
1598,3845
1599,3819
1600,3835
1601,3841
1602,2561
1603,3258
1604,2563
1605,3041
1606,2372
1607,3602
1608,3389
1609,3847
1610,3724
1611,
1612,3586
1613,3846
1614,3041
1615,
1616,328
1617,1721
1618,
1619,
1620,2372
1621,2560
1622,3041
1623,3248
1624,3599
1625,2921
1626,
1627,
1628,
1629,
1630,
1631,
1632,3851
1633,3291
1634,
1635,3428
1636,3837
1637,3838
1638,3839
1639,3840
1641,3626
1642,3806
1643,3811
1644,3793
1645,
1646,2563
1647,3745
1648,3724
1651,3747
1653,3544
1654,2921
1655,1721
1656,
1657,
1658,
1660,
1662,2929
1663,
1664,
1667,
1668,327
1669,3875
1670,3864
1673,3350
1674,3842
1675,3329
1676,3719
1677,3718
1678,3800
1679,3717
1680,3799
1681,3863
1684,3782
1685,3781
1686,3764
1687,3767
1690,3599
1702,3030
1703,3852
1704,3854
1706,3886
1709,3909
1710,3884
1713,3836
1714,3836
1715,3770
1719,3912
1720,3310
1721,2687
1722,
1730,3544
1731,1721
1732,2921
1740,3825
1744,3248
1746,
1752,3642
1754,3876
1761,327
1762,3882
1764,3594
1766,3783
1767,3602
1768,387
1769,3940
1770,3937
1771,3952
1772,3805
1773,3812
1774,3955
1775,3598
1776,3598
1777,3995
1778,3996
1779,3997
1780,3998
1781,
1782,
1783,3397
1784,
1785,3248
1787,3981
1788,3642
1789,3985
1790,3985
1791,3985
1792,3985
1793,3985
1794,3985
1795,3985
1796,3985
1797,3985
1798,3985
1799,3985
1800,3985
1801,3985
1802,3989
1803,3995
1804,3842
1805,3596
1806,3983
1807,
1808,3957
1809,
1810,
1811,328
1812,3248
1813,
1814,
1815,2563
1816,2588
1817,
1818,2921
1819,3248
1820,2922
1821,356
1822,3599
1823,1721
1824,578
1825,3834
1826,3834
1827,384
1828,3912
1829,3864
1830,4002
1831,3984
1832,3913
1833,4003
1834,4004
1835,4008
1836,
1837,3249
1838,3978
1839,4021
1840,4022
1841,3512
1842,
1843,3921
1844,
1845,
1846,
1847,2563
1848,
1849,
1850,
1851,
1852,
1853,3973
1854,4006
1855,3602
1856,3517
1857,
1858,
1859,
1860,
1861,
1862,
1863,
1864,
1865,4014
1866,3913
1867,3777
1868,3854
1869,3853
1870,4015
1871,3392
1872,4009
1873,
1874,
1875,
1876,
1877,
1878,3942
1879,4009
1880,4043
1881,3984
1882,
1883,4017
1884,4018
1885,4020
1886,4032
1887,4035
1888,4036
1889,
1890,
1891,2563
1892,3906
1893,3248
1894,4027
1895,
1896,
1897,3599
1898,1721
1899,3899
1900,2921
1901,3249
1902,2922
1903,384
1904,3834
1905,3544
1906,3041
1907,3957
1908,2687
1909,1706
1910,3981
1911,2148
1912,
1913,3475
1914,
1915,
1916,2687
1917,
1918,
1919,3957
1920,4048
1921,4041
1922,3777
1923,4016
1924,3890
1925,3893
1926,3892
1927,3642
1928,4014
1929,3978
1930,4059
1931,3539
1932,3970
1933,4048
1934,4011
1935,3956
1936,3999
1937,3819
1938,4033
1939,3863
1940,
1941,3549
1942,3732
1943,3375
1944,3994
1945,4018
1946,3986
1948,4043
1949,4058
1950,3041
1952,2921
1953,2471
1954,3916
1955,2929
1956,
1957,4066
1958,
1959,4060
1960,4049
1961,4050
1962,4051
1964,3799
1965,3601
1966,4039
1967,4040
1968,4067
1969,3248
1970,3946
1971,
1972,3993
1973,4021
1974,2148
1975,
1978,4068
1979,4052
1980,4069
1981,4070
1982,4071
1983,3993
1984,4072
1985,4079
1986,4076
1987,4075
1988,4077
1989,4078
1990,4081
1991,4073
1993,4080
1994,
1995,
1996,
1997,4033
1998,3956
1999,3986
2000,3247
2001,3248
2002,3735
2003,4062
2004,
2005,4094
2006,4099
2007,4095
2008,4063
2009,4107
2010,4090
2011,4091
2012,3916
2013,3248
2014,4027
2015,3899
2016,4107
2017,
2018,
2019,
2020,2687
2021,
2022,
2023,
2024,
2025,
2026,
2027,4103
2028,3777
2029,4092
2030,4121
2031,3247
2032,3766
2033,3783
2034,2588
2035,865
2036,865
2037,4127
2038,4128
2039,4119
2040,
2041,
2042,
2043,
2044,
2045,
2046,
2047,
2048,
2049,
2050,
2051,327
2052,4132
2053,4006
2054,4103
2055,2687
2056,4092
2057,4016
2058,4027
2059,4113
2060,4119
2061,
2062,4048
2063,4089
2064,
2065,4147
2066,2474
2067,3310
2068,3549
2069,3310
2070,3581
2071,
2072,
2073,
2075,
2076,1721
2077,2471
2078,2922
2079,340
2080,3544
2081,3834
2082,2564
2083,
2084,3599
2085,769
2086,225
2087,384
2088,3041
2089,356
2090,4127
2091,3249
2092,
2093,
2094,
2095,2563
2096,2148
2097,
2098,
2099,4175
2100,4091
2101,3642
2102,4138
2103,4094
2104,3956
2105,4130
2106,4113
2107,4139
2108,4143
2109,4151
2110,4134
2111,4153
2112,4157
2113,4159
2114,4163
2115,4071
2116,4176
2117,4185
2118,4180
2122,3626
2123,4193
2124,4194
2125,4182
2126,4186
2127,4191
2128,4184
2129,4079
2130,4156
2131,3277
2132,4149
2133,4154
2134,4073
2135,4187
2136,4197
2137,4187
2138,4198
2139,4202
2140,4136
2141,4134
2145,4105
2146,4104
2147,4008
2148,4137
2149,4123
2150,4114
2151,4115
2152,
2153,
2154,
2155,
2156,356
2157,3248
2158,4027
2159,2372
2160,3899
2161,4025
2162,3702
2163,
2164,
2165,
2166,
2167,2563
2168,
2169,
2170,
2171,
2172,
2173,4091
2174,4090
2175,
2176,
2177,386
2178,3992
2179,4066
2180,
2181,3041
2182,4216
2183,4203
2184,4195
2185,4211
2186,865
2187,
2188,
2189,
2190,
2191,
2192,356
2194,2372
2195,3041
2196,3899
2197,327
2198,2921
2199,
2200,
2201,
2202,
2203,4212
2204,
2205,3248
2206,3757
2207,4189
2208,4239
2209,4240
2210,4200
2212,4196
2213,3340
2214,3343
2215,3863
2216,
2217,865
2218,
2219,2563
2220,
2221,4153
2222,4073
2223,
2224,4025
2225,4237
2226,
2227,
2228,
2229,4052
2230,4052
2231,
2232,
2233,
2234,
2235,2372
2236,3248
2237,
2238,2922
2239,327
2240,
2241,
2242,
2243,
2244,3486
2245,
2246,4558
2247,
2249,2921
2250,3899
2251,4212
2252,4212
2253,2372
2254,
2255,
2256,
2257,
2258,4281
2259,3863
2260,3344
2261,3339
2262,3341
2263,4212
2264,4183
2265,4156
2266,
2267,4138
2268,3539
2269,4286
2270,4268
2271,4267
2272,3956
2273,3642
2274,4091
2275,4104
2276,4260
2277,4204
2278,3791
2279,4126
2280,4136
2281,4202
2282,4289
2283,4290
2284,4216
2285,4291
2286,
2287,4292
2288,
2289,4259
2290,3389
2291,4158
2292,4011
2293,3819
2294,3586
2295,3757
2296,3041
2297,3249
2298,1062
2299,386
2300,1448
2301,4194
2302,2561
2303,4051
2304,3508
2305,
2306,
2307,
2308,
2309,
2310,3041
2311,356
2312,3249
2313,4027
2314,3834
2315,2563
2316,
2318,3899
2319,3899
2320,4187
2321,4187
2322,4294
2323,4302
2324,4300
2325,4181
2326,4135
2327,
2328,
2329,3899
2330,2563
2331,
2332,327
2333,3834
2334,
2335,
2336,
2337,
2338,
2339,
2340,
2342,
2343,4001
2344,4001
2345,4001
2346,4001
2347,4001
2348,4312
2349,4311
2350,4310
2351,4309
2352,4308
2353,3993
2354,4187
2355,4181
2356,
2357,
2358,2563
2359,
2360,4300
2361,4302
2362,4333
2363,4334
2364,4335
2365,4336
2366,4341
2367,4341
2368,4299
2369,4237
2370,2471
2371,4312
2372,3041
2373,
2374,
2375,2687
2376,
2378,4311
2379,4266
2380,4337
2381,4338
2382,4339
2383,4340
2384,3863
2386,4353
2387,
2388,
2389,
2390,3898
2391,4386
2392,
2393,4322
2394,
2395,
2396,
2397,3899
2398,3834
2401,
2402,
2403,
2404,
2405,4266
2406,
2407,4311
2408,3272
2409,4387
2410,4385
2411,4383
2412,4381
2413,4380
2414,4181
2415,4392
2416,4393
2417,4392
2418,4393
2419,2471
2420,4135
2421,4365
2422,4091
2423,4364
2424,4376
2425,4379
2426,4371
2427,4378
2428,4374
2429,4372
2430,4382
2431,865
2432,4177
2433,4181
2434,4286
2435,4268
2436,4135
2437,4365
2438,4291
2439,4401
2440,4292
2441,4402
2442,4289
2443,4403
2444,4405
2445,4254
2446,3724
2447,4386
2448,3728
2449,4194
2450,
2451,4131
2452,3598
2453,1448
2454,386
2455,3249
2456,3041
2457,2564
2458,3899
2459,
2460,
2461,
2462,
2463,
2464,3249
2465,3899
2466,
2467,
2468,4058
2469,2921
2470,3834
2471,4269
2472,3544
2473,2922
2474,3599
2475,4177
2476,3863
2477,3899
2478,327
2479,4420
2480,4191
2481,4184
2482,3993
2483,3994
2484,3995
2485,4072
2486,3997
2487,4421
2488,4269
2489,2921
2490,2922
2491,2922
2492,4413
2493,4414
2494,3673
2495,3899
2496,4420
2497,4382
2498,4381
2499,4281
2500,3596
2501,4427
2502,
2503,4422
2504,4423
2505,4424
2506,4425
2507,4426
2508,4429
2509,2471
2510,3899
2511,4427
2512,344
2513,
2514,2922
2515,2921
2516,3544
2517,4269
2518,4432
2519,4073
2520,4078
2521,3596
2522,4068
2523,3834
2524,3544
2525,2921
2526,3834
2527,4436
2528,4437
2529,4438
2530,4435
2531,4068
2532,4434
2533,4070
2534,4071
2535,4069
2536,4131
2537,4131
2538,4073
2539,4108
2540,4396
2541,344
2542,3544
2543,2922
2544,2922
2545,384
2546,
2547,
2548,
2549,
2550,
2551,4073
2552,3598
2553,4068
2554,4077
2555,4131
2556,4396
2557,4403
2558,4405
2559,3724
2560,4039
2561,4183
2562,4182
2563,4445
2564,4444
2565,4446
2566,4292
2567,
2568,
2569,3899
2570,4269
2571,2471
2572,3041
2573,3249
2574,4269
2575,3544
2576,3834
2577,
2578,4182
2579,4183
2580,4068
2581,4077
2582,4131
2583,3863
2584,4078
2585,4391
2586,4449
2587,4341
2588,4451
2589,4303
2590,4452
2591,4008
2592,3743
2593,4269
2594,384
2595,2922
2596,4448
2597,4131
2598,4182
2599,4191
2600,4184
2601,
2602,4454
2603,4393
2604,4393
2605,4455
2606,4082
2607,4347
2608,4346
2609,4345
2610,4315
2611,4316
2612,3539
2613,4366
2614,384
2615,4269
2616,3834
2617,1721
2618,3899
2619,3041
2620,4454
2621,4082
2622,4131
2623,
2624,4439
2625,4011
2626,4330
2627,3994
2628,4069
2629,3248
2630,3897
2631,3772
2632,2563
2633,386
2634,2922
2635,3899
2636,2372
2637,3487
2638,2921
2639,4269
2640,4269
2641,3834
2642,384
2643,3899
2645,4069
2646,4071
2647,4082
2648,4131
2649,4399
2650,4463
2651,4052
2652,2371
2653,3899
2654,4269
2655,4027
2656,2922
2657,4269
2658,4269
2659,3834
2660,2922
2661,384
2662,3041
2663,
2664,
2665,2482
2666,3397
2667,1707
2668,3673
2669,2471
2670,344
2671,4237
2672,2563
2673,4131
2674,4073
2676,4454
2677,4347
2678,4346
2679,4345
2680,4315
2681,4352
2682,4397
2684,3956
2687,4316
2688,4351
2689,4350
2690,3967
2691,4314
2692,4348
2693,4402
2694,4471
2695,4472
2696,4403
2697,4405
2698,4473
2699,4474
2700,4240
2701,4028
2702,3041
2703,3249
2704,1096
2705,3782
2706,4386
2707,4447
2708,4189
2709,4330
2710,4329
2711,4463
2712,4467
2713,4052
2714,2806
2715,4392
2716,4466
2717,3544
2718,4269
2719,4440
2720,2921
2721,2922
2722,3957
2723,4027
2724,2371
2725,3899
2726,384
2727,
2728,4477
2729,4269
2730,
2731,4269
2733,3916
2734,
2735,
2736,
2737,
2738,327
2739,
2740,
2741,
2742,
2743,3539
2744,327
2745,3957
2746,2148
2748,
2749,
2750,
2751,4483
2752,4477
2753,4447
2754,4131
2755,
2756,4416
2757,4417
2758,4189
2759,4329
2760,4330
2761,4349
2762,4482
2763,4478
2764,4479
2765,4480
2766,
2767,4450
2768,3882
2769,4488
2770,4490
2771,
2772,2687
2774,3249
2775,384
2776,2371
2777,4027
2778,356
2779,
2780,
2781,
2782,
2783,
2784,2563
2785,327
2786,
2787,
2788,4073
2789,4329
2790,4069
2791,4478
2792,4489
2793,4480
2794,4314
2795,
2796,
2797,
2798,2563
2799,
2800,
2801,
2802,
2803,
2804,
2805,
2806,4508
2807,1707
2808,4392
2809,4440
2810,4456
2811,4482
2812,4478
2813,4489
2814,4095
2815,
2816,3834
2817,2922
2818,1721
2819,
2820,994
2821,384
2822,2148
2823,4269
2824,356
2825,3249
2826,3899
2827,4518
2828,4502
2829,4501
2830,4073
2831,4329
2832,4528
2833,4529
2834,4535
2835,4534
2836,4486
2837,4323
2838,4533
2839,4515
2840,4532
2841,4526
2842,327
2843,3957
2844,3673
2845,3517
2846,2563
2847,
2848,
2849,
2850,
2851,
2852,
2853,
2854,
2855,
2856,4490
2857,1707
2858,4392
2859,
2860,4506
2861,
2862,
2863,
2864,4540
2865,3367
2866,4315
2867,326
2868,
2869,
2870,4237
2871,2563
2872,4131
2873,4532
2874,4131
2875,4531
2876,4539
2877,4073
2878,4501
2879,4478
2880,3930
2881,3249
2882,3899
2883,327
2885,4550
2886,
2887,4518
2888,4269
2889,3834
2890,3834
2891,
2892,2922
2893,1721
2894,3834
2895,3599
2896,
2897,
2898,
2899,
2900,
2901,
2902,
2903,
2904,4392
2905,
2906,4550
2907,4480
2908,2963
2909,4091
2910,4073
2911,4183
2912,4182
2913,4557
2914,4531
2915,3381
2916,865
2917,4403
2918,4565
2919,4473
2920,4472
2921,4291
2922,4471
2923,3248
2924,2564
2925,3556
2926,4577
2927,4341
2928,4575
2929,4462
2930,4576
2931,
2932,4570
2933,3956
2934,4415
2935,4518
2936,4490
2937,4554
2938,
2939,
2940,
2941,
2942,
2943,2563
2944,4073
2945,4131
2946,4551
2947,4576
2948,4068
2949,4556
2950,4486
2951,4329
2952,4039
2953,4040
2954,4240
2955,4474
2956,4584
2957,4585
2958,4586
2959,4579
2960,4578
2961,4323
2962,4402
2963,4566
2964,4567
2965,4587
2966,4588
2967,4518
2968,4247
2969,327
2970,4269
2971,3899
2972,4585
2973,
2974,4269
2975,4269
2976,3834
2977,2922
2978,2687
2979,
2980,
2981,385
2982,1721
2983,2563
2984,4518
2985,
2986,4182
2988,4183
2989,4131
2990,
2992,4177
2993,3967
2994,4518
2995,4481
2996,4481
2997,
2998,4600
2999,4599
3000,4598
3001,4597
3002,4601
3003,
3004,
3005,
3006,
3007,
3008,
3009,
3010,4518
3011,4183
3012,4643
3013,4516
3014,4490
3016,4516
3017,4594
3018,
3019,2563
3020,
3021,4622
3022,
3023,4073
3024,4617
3025,4571
3026,4572
3027,
3028,2563
3029,4518
3030,
3031,
3032,3849
3033,4623
3034,4623
3035,4073
3036,4131
3037,
3038,
3039,
3040,865
3041,4237
3042,4347
3043,4346
3044,4345
3045,4315
3046,3956
3047,4590
3048,
3049,4481
3050,4645
3052,
3053,4566
3054,4347
3055,4352
3056,4349
3057,4481
3058,4516
3059,
3060,4158
3061,4656
3062,4662
3063,4658
3064,4661
3065,4660
3066,4659
3067,3957
3068,4537
3069,
3070,4518
3071,3834
3072,4269
3073,4269
3074,2922
3075,1721
3076,
3077,
3078,
3079,
3080,1707
3081,
3082,
3083,3899
3084,
3085,4173
3086,
3087,
3088,4571
3089,4607
3090,
3091,
3092,
3093,
3094,328
3095,
3096,3899
3097,
3098,3041
3099,3041
3100,4659
3101,4656
3102,4567
3103,4623
3104,4624
3105,4624
3106,4441
3107,4597
3108,3343
3109,4131
3110,4646
3111,4646
3112,
3113,4653
3114,4656
3115,4658
3116,4662
3117,4405
3118,
3119,4666
3120,3383
3121,4303
3122,3458
3123,
3124,4579
3125,3873
3126,4652
3127,3957
3128,
3129,
3130,1721
3131,2922
3132,4269
3133,
3134,3041
3135,3834
3136,
3137,2563
3138,
3139,4518
3140,
3141,
3142,4607
3143,3487
3144,4270
3145,3249
3146,4611
3147,2563
3148,
3149,4292
3150,4291
3151,4567
3152,
3153,
3154,
3155,
3157,4518
3158,
3159,
3160,
3161,
3162,
3163,
3164,
3165,
3166,4518
3167,3458
3168,
3169,
3170,4653
3171,4623
3172,4624
3173,4625
3174,4668
3175,4657
3176,4744
3177,4648
3178,4648
3179,4540
3180,4649
3181,4650
3182,4465
3183,3342
3184,4659
3185,4169
3186,4291
3187,4566
3188,4566
3189,4169
3190,
3191,4240
3192,
3193,
3194,
3195,
3196,2563
3197,
3198,4518
3199,3041
3200,3834
3201,3834
3202,2922
3203,2922
3204,4269
3206,1721
3207,
3208,3249
3209,2564
3210,1096
3211,4750
3212,4666
3213,3383
3214,3383
3215,4662
3216,4657
3218,4749
3219,4401
3220,4749
3221,4465
3222,4754
3223,4753
3224,4759
3225,4594
3227,4755
3228,4760
3231,
3232,327
3233,
3234,
3235,
3236,3957
3237,
3238,2563
3239,
3240,
3241,
3242,4518
3243,
3244,
3245,
3246,
3247,4627
3248,4620
3249,4755
3250,4641
3251,4601
3252,4648
3253,4039
3254,4040
3255,4652
3256,
3257,4197
3258,4780
3259,4543
3260,4723
3261,4240
3262,4537
3263,
3264,
3265,2687
3266,
3267,4537
3268,
3269,
3270,
3271,4518
3272,
3273,
3274,
3275,
3276,
3277,
3278,
3279,
3280,4234
3281,4644
3282,4597
3283,4725
3284,4724
3285,4723
3287,4648
3288,4131
3289,
3290,4648
3291,
3292,
3293,4739
3294,4740
3295,4738
3296,4737
3297,4428
3298,4292
3299,3249
3300,2564
3301,4240
3302,3458
3303,4666
3304,3383
3305,4772
3306,4759
3307,4662
3308,4204
3309,
3310,4765
3311,4762
3312,4758
3313,4754
3314,4753
3315,4594
3316,4552
3317,4766
3318,2687
3319,2687
3320,2687
3321,4586
3323,4674
3324,
3325,
3326,4518
3328,3310
3329,3251
3330,2806
3331,
3332,
3333,
3334,
3335,
3336,
3337,4607
3338,
3339,3249
3340,3041
3341,2563
3342,4173
3343,327
3344,
3345,
3346,1707
3347,3899
3348,4607
3349,2372
3350,3249
3351,3041
3352,
3353,
3354,4518
3355,
3356,3834
3357,3834
3358,4269
3359,4269
3360,2922
3361,2922
3362,1721
3363,4653
3364,3599
3365,4647
3366,4651
3367,4806
3368,4809
3369,4311
3370,4812
3371,4803
3372,4813
3373,4805
3374,4672
3375,4667
3376,4783
3377,4537
3378,
3379,
3380,
3381,4518
3382,
3383,
3384,2563
3385,
3386,
3387,
3388,4518
3389,
3390,2563
3391,
3392,
3393,
3394,4648
3395,4797
3396,4798
3397,4796
3398,4073
3399,
3400,4788
3401,4833
3402,4840
3403,4662
3404,4828
3405,4827
3406,
3407,4817
3408,4817
3410,
3411,4844
3412,4846
3413,
3414,409
3415,
3416,
3417,
3418,
3419,1707
3421,
3422,4739
3423,4740
3424,4641
3425,4640
3426,4639
3427,4638
3428,4648
3429,4417
3430,
3431,
3432,4766
3433,4069
3434,4070
3435,4071
3436,4801
3437,4802
3438,4454
3439,4039
3440,4863
3441,4865
3442,4866
3443,4590
3444,4352
3445,3310
3446,3310
3447,3310
3448,3310
3449,3310
3450,3310
3451,3310
3452,3310
3453,3310
3454,3310
3455,3310
3456,3310
3457,3310
3459,2689
3460,
3461,3041
3462,384
3463,4269
3464,4269
3465,4269
3466,
3467,
3468,
3469,4856
3470,4651
3471,
3472,
3473,1721
3474,2922
3475,2687
3476,4837
3477,
3478,
3479,4738
3480,4725
3481,4737
3482,4727
3483,4742
3484,4183
3485,4185
3486,4601
3487,4809
3488,
3489,4635
3490,4073
3491,4649
3492,4417
3493,4870
3494,4869
3495,4766
3496,4754
3497,4863
3498,4859
3499,
3500,
3501,3212
3502,2564
3503,
3504,4879
3505,4881
3506,4845
3507,
3508,3458
3509,4666
3510,4667
3511,4783
3512,4834
3513,4831
3514,
3515,3981
3516,3981
3517,
3518,2687
3519,4874
3520,4875
3521,3212
3522,4347
3523,
3524,4346
3525,4345
3526,4316
3527,4315
3528,3965
3529,4886
3530,4886
3531,
3532,
3534,
3535,
3536,
3537,
3538,4651
3539,2922
3540,384
3541,769
3542,3599
3543,
3544,
3545,
3546,2563
3547,
3548,4851
3549,2148
3550,4883
3551,4884
3552,4872
3553,
3554,1630
3555,4173
3556,
3557,4838
3558,
3559,
3560,3517
3561,
3562,
3563,
3564,
3565,1707
3566,328
3567,
3568,4845
3569,
3570,4900
3571,4893
3572,4075
3573,4900
3574,4076
3575,4180
3576,4180
3577,4080
3578,4079
3579,4079
3580,4725
3581,4631
3582,
3583,
3584,4631
3585,4633
3586,4633
3587,4633
3588,4631
3589,4631
3590,4633
3593,
3594,
3595,3957
3596,
3597,
3598,
3599,
3600,4518
3601,
3602,4518
3603,4714
3604,4714
3605,4714
3606,4716
3607,4039
3608,4913
3609,4914
3610,
3618,
3620,4898
3621,
3622,4850
3623,4761
3624,4778
3625,4347
3626,4346
3627,4345
3628,4316
3629,4352
3630,4590
3631,4885
3632,
3633,4886
3634,2148
3635,
3636,
3637,
3638,4838
3639,4835
3640,4836
3641,4921
3642,328
3643,4269
3644,2922
3645,
3646,
3647,
3648,
3649,2563
3650,
3651,3599
3652,4653
3653,3249
3654,4928
3655,4912
3656,4827
3657,4829
3658,4858
3659,
3660,
3661,4628
3662,4634
3663,4634
3664,356
3665,4926
3666,4417
3667,356
3668,4069
3669,4240
3670,4518
3671,4912
3672,
3673,4919
3674,4944
3675,4925
3676,4924
3677,4352
3679,3326
3680,
3681,
3682,3517
3683,2689
3684,4856
3685,328
3686,
3687,
3688,
3689,2922
3690,2922
3691,1721
3692,578
3693,1448
3694,
3695,
3696,
3697,4838
3698,4835
3699,4836
3700,
3701,2689
3702,4945
3703,2148
3704,4165
3705,2287
3706,4743
3707,4728
3708,2563
3709,
3710,4906
3711,
3712,4303
3713,4826
3714,
3715,4634
3716,
3717,4634
3718,4950
3719,3251
3720,5258
3721,4607
3722,4612
3723,2372
3724,3249
3725,3041
3726,
3727,
3728,
3729,
3730,
3731,4173
3732,5114
3733,4165
3734,4945
3735,4728
3736,4929
3737,5112
3738,4932
3739,4930
3740,3673
3741,
3742,1630
3743,2687
3744,5113
3745,
3746,409
3747,
3748,
3749,
3750,
3751,4269
3752,2922
3753,3544
3754,4269
3755,
3756,
3757,4518
3758,4269
3759,5119
3760,5120
3761,5124
3762,5135
3763,5125
3764,5121
3765,5122
3766,5137
3767,4180
3768,4180
3769,4079
3770,4079
3771,4076
3772,3981
3773,4076
3774,4418
3775,4418
3776,4736
3777,4737
3778,4714
3779,4718
3780,4719
3781,4717
3782,4729
3783,4730
3784,4731
3785,4733
3786,5116
3787,5117
3788,5126
3789,4417
3790,4653
3791,4346
3792,4345
3793,4316
3794,4352
3795,
3796,5138
3797,5138
3798,4131
3801,2563
3802,5143
3803,5142
3804,5141
3805,4931
3806,4891
3807,4851
3808,3956
3809,4886
3810,4886
3811,4586
3812,4935
3813,4934
3814,3958
3815,
3816,3246
3817,
3818,
3819,4597
3820,4601
3821,5145
3822,4131
3823,4131
3824,4131
3825,4601
3826,4895
3827,4628
3828,
3829,
3830,
3831,
3832,
3833,
3834,
3835,
3836,
3837,
3838,
3839,
3840,
3843,
3844,4518
3845,
3846,
3847,
3848,327
3849,4928
3850,3044
3851,4612
3852,
3853,5257
3854,
3855,3981
3856,4352
3857,5222
3858,5221
3859,5223
3860,5224
3861,5225
3862,
3863,4919
3864,3249
3865,4779
3866,4778
3867,4761
3868,4069
3869,5230
3870,5226
3871,4915
3872,
3873,
3874,
3875,
3876,328
3877,4269
3878,4269
3879,2922
3880,2922
3881,328
3882,
3883,328
3884,328
3885,3873
3886,4856
3887,2687
3888,
3889,
3890,
3892,
3894,4944
3895,4958
3896,4957
3897,4957
3898,4957
3899,4956
3900,4818
3901,4601
3902,4434
3903,
3904,
3905,
3906,
3907,4269
3908,
3909,
3910,
3911,
3912,4822
3913,
3914,328
3915,327
3916,3249
3917,4907
3918,3041
3919,2372
3920,4165
3921,4751
3922,1630
3923,4734
3924,5115
3925,1706
3926,4901
3927,
3928,2687
3929,3599
3930,
3931,
3932,
3933,
3934,
3935,
3937,
3938,
3939,5081
3940,5082
3941,5083
3942,5084
3943,5085
3944,5086
3945,4269
3946,4269
3947,2922
3948,328
3949,4856
3950,5233
3951,5224
3952,4907
3953,4269
3954,4269
3955,4269
3956,2922
3957,4856
3958,4269
3959,328
3960,356
3961,3249
3962,3041
3963,5263
3964,4418
3965,5230
3966,4082
3967,4082
3968,
3969,
3970,
3971,4687
3972,4688
3973,4691
3974,4690
3975,4735
3976,4719
3977,4705
3978,4710
3979,5221
3980,4708
3981,4653
3982,4711
3983,4730
3984,4733
3985,4731
3986,4681
3987,4818
3988,4418
3989,5219
3990,
3991,3326
3992,5233
3993,4189
3994,5260
3995,4779
3996,4761
3997,
3998,3249
3999,2564
4000,4269
4001,4914
4002,4418
4003,4419
4004,4419
4005,4082
4006,4693
4007,4693
4008,4178
4009,5269
4010,
4011,5224
4012,4780
4013,4944
4014,4957
4015,4956
4016,
4017,
4018,
4019,
4020,
4021,356
4022,3249
4023,3041
4024,2929
4025,4269
4026,2929
4027,5233
4028,
4029,1706
4030,2148
4031,4722
4032,4901
4033,4647
4034,5247
4035,4713
4036,4743
4037,4907
4038,
4039,4269
4040,
4041,4279
4042,4856
4043,4269
4044,328
4045,4653
4046,1721
4047,3458
4048,4080
4049,
4050,4454
4051,4187
4052,5277
4053,4827
4054,4079
4055,4184
4056,4077
4057,4177
4058,4484
4059,5283
4060,
4061,
4062,
4063,4180
4064,4080
4065,4178
4066,4179
4067,5279
4068,
4069,
4070,
4071,
4072,4684
4073,4682
4074,4685
4075,4679
4076,4696
4077,4700
4078,4701
4079,4703
4080,5317
4081,4073
4082,4080
4083,
4084,
4085,
4086,
4087,4612
4088,
4089,
4090,4877
4091,
4092,327
4093,1751
4094,5280
4095,5282
4096,
4097,2563
4098,
4099,
4100,
4101,2687
4102,
4103,4695
4104,4704
4105,4818
4106,4165
4107,4851
4108,4540
4109,4779
4110,
4111,3821
4112,4653
4113,4240
4115,5287
4116,5277
4117,
4118,
4119,
4120,
4121,
4122,
4123,
4124,
4125,328
4126,2148
4127,4269
4128,4269
4129,2922
4130,5247
4131,2929
4132,4173
4133,
4134,
4135,
4136,5278
4137,5278
4138,5317
4139,5318
4140,5306
4141,5256
4142,
4143,5310
4144,4540
4145,5310
4146,5323
4147,5324
4148,5328
4149,5329
4150,5331
4151,5330
4152,4957
4153,4944
4154,5254
4155,4956
4156,5312
4157,4949
4158,4654
4159,5084
4160,5085
4161,5086
4162,5315
4163,3326
4164,3249
4165,4269
4166,2564
4167,3041
4168,5140
4169,5311
4170,5313
4171,4518
4172,2371
4173,327
4174,2687
4175,4518
4176,
4177,2563
4178,
4179,
4180,4907
4181,4907
4182,
4183,4908
4184,2563
4185,
4186,4269
4187,4269
4188,2922
4189,
4190,
4191,5346
4192,5338
4193,5114
4194,5343
4195,4713
4196,4695
4197,
4198,4722
4199,2287
4200,5247
4201,4751
4202,5316
4203,4058
4204,4058
4205,4058
4206,4058
4207,4058
4208,5346
4209,5221
4210,5221
4211,5221
4212,5233
4213,4540
4214,4851
4215,4945
4216,4945
4217,5336
4218,5278
4220,5303
4221,5301
4222,5298
4223,5297
4224,5296
4225,4077
4226,4184
4227,5283
4228,4187
4229,4418
4230,5291
4231,5368
4232,5367
4233,5369
4234,4945
4235,5232
4236,4945
4237,5364
4238,5366
4239,5365
4240,2797
4241,
4242,5371
4243,5370
4245,4518
4246,5245
4247,5279
4248,5357
4249,4247
4250,
4251,4269
4252,
4253,2922
4254,324
4255,
4256,5346
4257,
4258,
4259,5085
4260,5373
4261,5374
4262,4932
4263,
4264,4418
4265,5408
4266,5409
4267,4558
4268,5384
4269,5401
4270,4177
4271,
4272,5402
4273,
4274,
4275,
4277,
4278,
4279,
4280,
4281,4907
4282,2922
4283,4269
4284,4653
4285,1721
4286,1721
4287,328
4288,2148
4289,4728
4290,
4291,1630
4292,5247
4293,5340
4294,5247
4295,
4296,5416
4297,3956
4298,
4299,2687
4300,
4301,
4302,
4303,
4304,
4305,
4306,
4308,4558
4309,4558
4310,4558
4311,4558
4312,4247
4313,4247
4314,4247
4316,4247
4317,4518
4318,4832
4319,5085
4320,4187
4321,
4322,4069
4323,4177
4324,5295
4325,5294
4326,5299
4327,5293
4328,5412
4329,5426
4330,5427
4331,3821
4332,4781
4333,4367
4334,5233
4335,
4336,
4337,409
4338,
4339,
4340,5346
4341,
4342,
4343,
4344,5233
4345,
4346,
4347,4518
4348,
4349,
4350,4822
4351,5319
4352,3249
4353,5448
4354,356
4355,1751
4356,356
4357,5316
4358,4908
4359,2922
4360,4651
4361,4269
4362,5261
4363,1721
4364,4743
4365,
4366,4177
4367,4080
4368,4183
4369,4077
4370,5291
4371,4180
4372,4178
4373,4075
4374,4080
4375,5403
4376,5404
4377,5405
4378,5406
4379,2563
4380,
4381,
4382,
4383,
4384,
4385,5468
4386,4818
4387,2148
4388,5332
4389,5336
4390,5339
4391,5342
4392,5341
4393,5436
4394,5435
4395,5434
4396,
4397,
4398,
4399,
4400,3673
4401,4540
4402,3957
4403,
4404,2687
4405,
4406,
4407,
4408,
4409,
4410,
4411,
4412,
4413,5419
4414,5419
4415,4131
4416,4131
4417,4184
4418,4177
4419,5279
4420,4179
4421,4454
4422,4187
4423,4181
4424,
4425,
4426,4945
4427,5346
4428,3375
4429,2806
4430,5448
4431,
4432,5346
4433,2687
4434,4247
4435,327
4436,
4437,
4438,
4439,
4440,4269
4441,4269
4442,2922
4443,385
4444,4907
4445,4908
4446,2922
4447,1721
4448,3956
4449,4180
4450,4077
4451,4240
4452,4428
4453,4735
4454,4731
4455,4178
4456,4179
4457,4082
4458,4131
4459,5486
4460,5422
4461,5298
4462,5439
4463,5487
4464,5303
4465,5296
4466,5493
4467,5466
4468,5465
4469,4945
4470,4945
4471,5295
4472,5233
4473,4912
4474,5366
4475,5365
4476,5364
4477,5496
4479,5411
4480,5410
4481,
4482,
4483,
4484,5486
4485,5438
4486,5441
4487,5440
4489,
4490,
4491,3899
4492,327
4493,
4494,
4495,
4496,
4497,
4498,4518
4499,4518
4500,2148
4501,2150
4502,4743
4503,4728
4504,4269
4505,1630
4506,2922
4507,328
4508,2563
4509,1721
4510,
4511,
4512,
4513,328
4515,4269
4516,2564
4517,3249
4518,5488
4520,5479
4521,5279
4522,5422
4523,5369
4524,4933
4525,5304
4526,5497
4527,4557
4528,5521
4530,4179
4531,4735
4532,4729
4533,4730
4534,4718
4535,4131
4536,5279
4537,4131
4538,4131
4540,5500
4541,5453
4542,5502
4543,5414
4544,5413
4545,5307
4546,5499
4547,5385
4548,4586
4549,5454
4550,5498
4551,4204
4552,4818
4553,3965
4554,5276
4555,5427
4556,
4557,5525
4558,5524
4559,5523
4560,5522
4561,
4562,
4563,
4564,
4565,4933
4566,
4567,
4568,
4569,
4570,
4571,
4572,4518
4573,3040
4574,4269
4575,402
4576,5389
4577,3985
4578,3985
4579,3985
4580,3985
4581,3985
4582,3985
4583,3985
4584,3985
4585,3985
4586,3985
4587,3985
4588,3985
4589,3985
4590,4458
4591,4458
4592,4458
4593,4458
4594,4458
4595,4458
4596,4458
4597,4458
4598,4458
4599,4458
4600,4458
4601,4458
4602,4458
4603,5475
4604,5475
4605,4269
4606,4269
4607,4269
4608,2922
4609,2922
4610,5435
4611,4913
4612,5086
4613,5085
4614,5495
4615,5081
4616,5534
4617,5534
4618,5521
4619,5523
4620,5523
4621,5529
4622,5369
4623,4667
4624,4771
4625,5088
4626,5089
4627,5085
4628,5515
4629,5472
4630,5530
4631,
4632,324
4633,5549
4634,5526
4635,
4636,
4637,
4638,
4639,2287
4640,4945
4641,
4642,5533
4643,5526
4644,1706
4645,
4646,3899
4647,
4648,
4649,2687
4650,4316
4651,
4652,
4653,
4654,2687
4655,1721
4656,2929
4657,4269
4658,4269
4659,
4660,
4661,5532
4662,5531
4663,
4664,
4665,4131
4666,4080
4667,3924
4668,4080
4669,5543
4670,4739
4671,
4672,4945
4673,4732
4674,
4675,5525
4676,5551
4677,5523
4678,5555
4679,5554
4680,5557
4681,
4682,5233
4683,
4684,
4685,
4686,
4687,
4688,
4689,
4690,
4691,
4692,5559
4693,5346
4694,
4695,
4696,
4697,
4698,
4699,4269
4700,4269
4701,5389
4702,2922
4703,4269
4704,328
4705,1721
4706,1721
4707,4822
4708,5475
4709,2563
4710,
4711,4518
4712,4518
4713,
4714,4419
4715,4419
4716,5575
4717,5577
4718,5576
4719,5574
4720,5579
4721,
4722,4912
4723,5233
4724,5284
4725,5334
4726,5467
4727,5450
4728,5469
4729,3724
4731,5448
4732,3375
4733,2806
4734,5581
4735,5550
4736,5550
4737,5577
4738,5574
4739,5583
4740,5582
4741,
4742,
4743,
4744,
4745,5346
4746,5549
4747,3249
4748,324
4749,324
4750,5473
4751,5526
4752,5475
4753,4269
4754,2922
4755,5389
4756,3041
4757,
4758,
4759,
4760,
4761,
4762,5088
4763,5085
4764,5085
4765,5515
4766,
4768,5465
4769,5585
4770,4818
4771,3956
4772,
4773,
4774,5466
4775,4945
4776,5592
4777,5500
4778,5502
4779,5414
4780,5413
4781,5307
4782,5499
4783,5454
4784,5385
4785,5591
4786,5590
4787,5589
4788,5756
4789,5445
4790,4768
4791,5614
4792,
4794,
4797,
4798,5594
4799,5595
4800,4933
4801,
4802,5597
4803,5598
4804,5599
4805,5520
4806,4518
4807,
4808,5495
4809,5300
4810,5614
4811,5619
4812,
4813,
4814,
4815,
4816,
4817,
4818,
4819,
4820,
4821,
4822,
4823,
4824,
4825,
4826,
4827,
4828,
4830,2563
4831,5402
4832,5438
4833,5079
4834,5516
4835,5080
4836,5094
4837,5600
4838,5367
4840,5389
4841,4269
4842,327
4843,5574
4844,
4845,5610
4846,5584
4847,5610
4848,5608
4849,5607
4850,5606
4851,5605
4852,5604
4853,
4854,
4855,
4856,
4857,
4858,4877
4859,3249
4860,5233
4861,4907
4862,4818
4863,3957
4864,5526
4865,4945
4866,
4867,4728
4868,
4869,4751
4870,
4871,
4872,401
4873,5498
4874,5221
4875,5642
4876,5609
4877,5611
4878,5613
4879,
4880,
4881,4518
4882,5610
4883,
4884,
4885,4519
4886,5389
4887,4907
4888,5475
4889,5475
4890,
4891,4269
4892,5559
4893,4907
4894,4269
4895,
4896,2922
4897,
4898,1721
4899,5390
4900,5389
4901,
4902,5541
4903,5714
4904,5574
4905,5081
4906,4913
4907,5086
4908,5717
4909,5710
4910,
4911,
4912,4751
4913,5592
4914,5593
4915,5722
4916,5723
4917,5719
4918,5720
4919,5725
4920,5726
4921,
4922,
4923,5559
4924,
4925,5346
4926,
4927,
4928,
4929,4907
4930,5528
4931,4518
4932,5528
4933,3249
4934,2922
4935,4269
4936,4269
4937,1721
4938,578
4939,328
4940,4907
4941,5475
4942,5553
4943,
4944,4728
4945,5346
4946,5467
4947,3850
4948,
4949,
4950,
4951,5438
4952,5467
4953,5435
4954,5402
4955,5641
4956,3328
4957,5585
4958,5385
4959,5454
4960,5499
4961,5450
4962,
4963,5547
4964,4419
4965,4419
4966,5594
4967,4714
4968,5743
4969,4131
4970,5635
4971,5636
4972,5638
4973,5637
4974,5748
4975,5747
4976,5746
4977,5745
4978,5577
4979,5573
4980,5610
4981,5614
4982,4945
4983,5438
4984,5512
4985,4080
4986,5677
4987,5682
4988,5683
4989,5594
4990,5750
4991,5559
4992,4518
4993,
4994,4518
4995,
4996,
4997,
4998,2687
4999,
5000,
5001,2922
5002,4751
5003,4945
5004,3673
5005,1706
5006,356
5007,4247
5008,
5009,
5010,
5011,5593
5012,5602
5013,5592
5014,5596
5016,5495
5017,5512
5018,5085
5019,4912
5020,5453
5021,4834
5022,4718
5023,4073
5024,5752
5025,4419
5026,5749
5027,3987
5028,4876
5029,5618
5030,5643
5031,5565
5032,5335
5033,5532
5034,5284
5035,5334
5036,5410
5037,5342
5038,5341
5039,4945
5040,5603
5041,5601
5042,5761
5043,5413
5044,5307
5045,5498
5046,5591
5047,4204
5048,5233
5049,4768
5050,4818
5051,3963
5052,5276
5053,5612
5054,5094
5055,5095
5058,5097
5059,5099
5060,5092
5061,5086
5062,5090
5063,5084
5064,5084
5065,5506
5066,5089
5067,
5068,
5069,
5070,
5071,
5072,
5073,5475
5074,4518
5075,4732
5076,5716
5077,4714
5078,4733
5079,4716
5080,4721
5081,5752
5082,4428
5083,5752
5084,5785
5085,5786
5086,5785
5087,5786
5088,5270
5089,4177
5090,3599
5091,
5092,5764
5093,3249
5094,4269
5095,2372
5096,5736
5098,5367
5099,5805
5100,
5101,5810
5102,5809
5103,5808
5104,5807
5105,4240
5106,356
5107,
5108,
5109,
5110,
5111,3041
5113,
5114,
5115,
5116,
5117,
5118,3848
5119,
5120,
5121,
5122,
5123,
5124,4876
5125,
5126,
5127,
5128,4876
5129,2922
5130,2372
5131,327
5132,4907
5133,5512
5134,5830
5135,5808
5136,
5137,
5138,4518
5139,5559
5140,2687
5141,
5142,
5143,
5144,4945
5145,5717
5146,
5147,
5148,
5150,5843
5151,5736
5152,5512
5153,5512
5154,
5155,5845
5156,5096
5157,5082
5158,5094
5159,5095
5160,5090
5161,5585
5162,5402
5163,5495
5164,5089
5165,5683
5166,5677
5167,5682
5168,5705
5169,5704
5170,5697
5171,5696
5172,5692
5173,5686
5174,5685
5175,5704
5176,5702
5177,5706
5178,5700
5179,5703
5180,5699
5181,5690
5182,5689
5183,5688
5184,5687
5185,5680
5186,5684
5187,5691
5188,5693
5189,5678
5190,5676
5191,5094
5192,5095
5193,5845
5194,4907
5195,3041
5196,3249
5197,2372
5198,
5199,
5200,
5201,
5202,
5203,
5205,
5206,
5207,
5208,
5209,
5210,
5212,
5213,
5214,5346
5215,
5216,5559
5217,
5218,1707
5219,5451
5220,
5221,5599
5222,5593
5223,5592
5224,5596
5225,5602
5226,5603
5227,5755
5228,5754
5229,4714
5230,5857
5231,5508
5232,4718
5233,5736
5234,5367
5235,5369
5236,5866
5237,5228
5238,5502
5239,5591
5240,5813
5241,5814
5242,5498
5243,5233
5244,4732
5245,4733
5246,4870
5247,4765
5248,5852
5249,4714
5250,5851
5251,4718
5252,5850
5253,5849
5254,5848
5255,4720
5256,4720
5257,4705
5258,4707
5259,4705
5260,4710
5261,5591
5262,
5263,5840
5264,
5265,5346
5266,
5267,5559
5268,
5269,2687
5270,
5271,
5272,
5273,5887
5274,
5275,
5276,3249
5277,4518
5278,356
5279,2372
5280,4907
5281,2922
5282,4269
5283,5559
5284,
5285,5820
5286,5873
5287,4655
5288,339
5289,
5290,5558
5291,5846
5293,4240
5294,4818
5295,
5296,
5297,5839
5298,5846
5299,
5300,
5301,
5302,
5303,3249
5304,5389
5305,356
5306,4247
5307,4519
5308,327
5309,3041
5310,5870
5311,
5312,
5313,356
5314,
5315,5750
5316,
5317,
5318,
5319,
5320,5513
5321,
5322,
5323,
5324,
5325,5559
5326,5885
5327,
5328,
5329,
5330,
5331,4269
5332,2922
5333,4269
5334,5475
5335,4907
5336,5475
5337,1721
5338,324
5339,5623
5340,4269
5341,1721
5342,4653
5343,384
5344,5553
5345,578
5346,3144
5347,
5348,2563
5349,
5350,5785
5351,
5352,3328
5353,5744
5354,5736
5355,3711
5356,4518
5357,
5358,5390
5359,3249
5360,356
5361,5390
5362,5676
5363,5695
5364,5698
5365,5698
5366,4945
5367,4518
5368,
5369,
5370,
5371,4921
5372,5874
5373,3956
5374,3172
5375,
5376,3581
5377,5886
5378,4818
5379,4945
5380,
5381,
5383,
5384,
5385,
5386,
5387,5922
5388,5917
5389,5917
5390,
5391,2563
5392,
5393,
5394,5722
5395,5722
5396,5559
5397,
5398,
5399,5346
5400,4945
5401,
5402,4518
5403,
5404,
5405,4269
5406,5475
5407,2922
5408,4751
5409,
5410,5346
5411,5886
5412,5965
5413,
5414,
5415,5992
5416,
5417,
5418,
5419,
5420,
5421,5956
5422,5956
5423,5508
5424,5857
5425,5753
5426,5754
5427,
5428,3599
5429,5951
5430,5955
5431,5917
5432,5095
5433,5094
5434,5899
5435,5090
5436,4440
5437,4515
5438,5954
5439,5617
5440,5545
5441,5981
5442,5967
5443,5910
5444,5799
5445,4240
5446,5565
5447,5335
5448,5905
5449,5885
5450,5591
5451,5498
5452,4204
5453,4135
5454,4891
5455,4818
5456,4762
5457,5839
5458,5988
5459,4766
5460,3965
5461,5676
5462,5701
5463,5695
5464,5699
5465,5722
5466,5845
5467,5723
5468,5729
5469,5724
5470,5633
5471,5633
5472,5960
5473,1448
5474,5346
5475,328
5476,328
5477,4269
5478,
5479,5736
5480,5369
5481,
5482,5899
5483,5079
5484,5765
5485,5955
5486,5917
5487,5917
5488,5754
5489,5753
5490,4711
5491,4700
5492,5923
5493,4696
5494,4699
5495,4687
5496,4691
5497,4678
5498,4682
5499,4684
5500,4685
5501,
5502,2563
5503,5992
5504,
5505,5887
5506,6006
5507,6007
5508,6009
5509,6008
5510,5346
5511,
5512,
5513,
5514,4518
5515,
5516,
5517,
5518,
5519,
5520,
5521,5980
5522,5974
5523,5095
5524,5094
5525,5080
5526,4269
5527,2564
5528,4519
5529,4519
5530,5880
5531,3249
5533,6013
5534,6002
5535,
5536,5973
5537,6000
5538,5999
5539,
5540,5233
5541,5952
5542,5953
5543,5756
5544,5736
5545,5956
5546,6019
5547,4240
5548,5107
5549,
5550,5559
5551,
5552,2563
5553,4518
5554,
5555,3486
5556,5960
5557,5874
5558,4269
5559,5643
5560,4269
5561,
5562,6009
5563,2922
5564,6008
5565,6007
5566,
5567,5886
5568,2929
5569,4173
5570,5967
5571,5799
5572,5351
5573,5954
5574,5954
5575,3599
5576,
5577,3432
5578,2537
5579,5473
5580,
5581,4518
5582,5955
5583,5917
5584,
5585,
5586,6027
5587,
5588,
5589,
5590,5992
5591,5974
5592,5641
5593,6011
5594,3809
5595,3581
5596,
5597,
5598,
5599,
5600,5964
5601,4751
5602,6040
5603,6041
5604,6044
5605,6042
5606,4518
5607,
5608,5475
5609,4269
5610,4907
5611,2922
5612,5917
5613,
5614,6046
5615,6047
5616,
5617,
5618,
5620,5095
5621,5080
5622,
5623,5767
5625,5767
5626,5765
5627,
5628,
5629,3486
5630,5346
5631,324
5632,
5633,2563
5634,
5635,
5636,
5637,5766
5638,5474
5639,4269
5640,4518
5641,2922
5642,5474
5643,
5644,
5645,2688
5646,2372
5647,3041
5648,356
5649,5903
5650,4518
5651,
5652,4891
5653,4758
5654,5796
5655,5797
5656,4678
5657,4682
5658,5917
5659,5947
5660,5080
5661,5727
5662,
5663,6094
5664,6095
5665,5107
5666,6056
5667,6057
5668,6054
5669,5262
5670,5465
5671,6040
5672,4781
5673,6052
5675,6050
5676,6099
5677,4204
5678,3964
5679,4766
5681,6036
5682,4751
5683,5545
5684,5910
5685,5967
5686,5617
5687,6079
5688,6055
5689,6045
5690,5502
5691,5813
5692,5885
5693,5887
5694,5591
5695,5498
5696,6043
5697,5988
5698,3965
5699,5890
5700,5979
5701,6098
5702,6097
5703,4518
5704,3041
5705,5390
5706,5903
5707,3249
5708,5903
5709,5390
5710,6051
5711,6134
5712,5765
5713,5767
5714,6134
5715,5559
5716,5346
5717,
5718,
5719,
5720,5992
5721,
5722,2563
5723,4269
5724,5475
5725,
5726,4269
5727,2922
5728,2434
5729,533
5730,5559
5731,2563
5732,
5733,3825
5734,
5735,
5736,4945
5737,5643
5738,5346
5739,6101
5740,6124
5741,6125
5742,6126
5743,6127
5744,5514
5745,6129
5746,6130
5747,5917
5748,
5749,
5750,
5751,
5752,
5753,5080
5754,6113
5755,
5756,6014
5757,6150
5758,6090
5759,6115
5760,5222
5761,5985
5762,5986
5763,5552
5764,3249
5765,4269
5766,2564
5767,4519
5768,
5769,
5770,
5771,4269
5772,5475
5773,5992
5774,
5775,4518
5776,2922
5777,3599
5778,
5779,
5780,
5781,
5782,5731
5783,6144
5784,6158
5785,6157
5786,6160
5787,6159
5788,6118
5789,6161
5790,6162
5791,6163
5792,5630
5793,
5794,4678
5795,4682
5796,
5797,
5798,
5799,4518
5800,
5801,
5802,
5803,
5804,5721
5805,6184
5806,6185
5807,
5808,
5809,
5810,
5811,
5812,
5813,
5814,6115
5815,6090
5816,4269
5817,5903
5818,3249
5819,2371
5820,5831
5821,3848
5822,5874
5823,5831
5824,
5825,
5826,2687
5827,4695
5828,4686
5829,5890
5830,4945
5831,6067
5832,6141
5833,6186
5834,6178
5835,5565
5836,5992
5837,5992
5838,
5839,
5840,4269
5841,5992
5842,2563
5843,
5844,
5845,
5846,6101
5847,6113
5848,6150
5849,5094
5850,5095
5851,4518
5852,
5853,
5854,4678
5855,6059
5856,5917
5857,5917
5858,
5859,
5860,4518
5861,6211
5862,6210
5863,
5864,3673
5865,
5866,
5867,4907
5868,324
5869,324
5870,4269
5871,4908
5872,4518
5873,6209
5874,4758
5875,5445
5876,6030
5877,4768
5878,5756
5879,4818
5880,6214
5881,6213
5882,6203
5883,4946
5884,4766
5885,3965
5886,6170
5887,6169
5888,6168
5889,
5890,6200
5891,6200
5892,6059
5893,6059
5894,
5895,6230
5896,6224
5897,6150
5898,4518
5899,6228
5900,2563
5901,5465
5902,6173
5903,6172
5904,6171
5905,6165
5906,6154
5907,5890
5908,6180
5909,6179
5910,5443
5911,
5912,6068
5913,6064
5914,6068
5915,6062
5916,6072
5917,6065
5918,6233
5919,4181
5920,4454
5921,4454
5922,4729
5923,4723
5924,
5925,
5926,5960
5927,5777
5928,6233
5929,5777
5930,5961
5931,5961
5932,
5933,
5934,6123
5936,6006
5937,6235
5938,2564
5939,4269
5940,4519
5941,5946
5942,5945
5943,5943
5944,5944
5946,4582
5947,6235
5948,6150
5949,5107
5950,5641
5951,6205
5952,6170
5953,6169
5954,6168
5955,6239
5956,6241
5957,
5958,
5959,5559
5960,3041
5961,3041
5962,3249
5963,6145
5964,356
5965,5903
5967,327
5968,5565
5969,
5970,6101
5971,
5972,6234
5973,6215
5974,
5975,5926
5976,5085
5977,6247
5978,3249
5979,6252
5980,6234
5981,6252
5982,5222
5983,
5984,5107
5985,6235
5986,4758
5987,6106
5988,5707
5989,5694
5990,5695
5991,6167
5992,5678
5993,6192
5994,6191
5995,6190
5996,
5997,
5998,
5999,5346
6000,5559
6001,5390
6002,
6003,
6004,
6005,
6006,
6007,
6008,5559
6009,6238
6010,5874
6011,
6012,
6013,
6014,
6015,
6016,
6017,5474
6018,1721
6019,3956
6020,4269
6021,2922
6022,4907
6023,578
6024,
6025,5107
6026,
6027,
6028,6235
6029,5095
6030,2563
6031,
6032,5992
6033,4518
6034,
6035,5961
6036,5890
6037,6296
6038,6298
6039,6297
6040,5346
6041,
6042,
6043,2905
6044,5390
6045,402
6046,1721
6047,2371
6048,2922
6049,5475
6050,4269
6051,578
6052,533
6053,6309
6054,6235
6055,6315
6056,6200
6057,6271
6058,6316
6059,
6060,6303
6061,6150
6062,
6063,
6064,
6065,
6066,6134
6067,5729
6068,6158
6069,5728
6070,6157
6071,6158
6072,5729
6073,6158
6074,5728
6075,6158
6076,5728
6077,5729
6078,
6079,5346
6081,5403
6082,
6083,6272
6084,
6085,5403
6086,4907
6087,4269
6088,5475
6089,533
6090,328
6091,6243
6092,3249
6093,6140
6094,356
6095,5390
6096,
6097,
6098,
6099,2687
6100,
6101,
6102,
6103,
6104,5107
6105,6062
6106,6062
6107,5961
6108,5961
6109,4454
6110,2224
6111,6321
6112,6304
6113,6303
6114,6331
6115,6150
6116,6068
6117,6068
6118,6060
6119,6060
6120,6063
6121,6117
6122,6066
6123,6070
6124,4280
6125,
6126,5961
6127,5777
6128,5777
6129,5945
6130,5785
6131,5785
6132,
6133,
6134,5943
6135,6200
6136,4177
6137,4454
6138,5942
6139,5785
6140,5517
6141,6246
6142,6325
6143,6325
6144,6206
6145,6354
6146,5924
6147,6168
6148,6110
6155,5980
6156,6134
6157,6157
6158,6159
6159,5728
6160,6122
6161,6161
6162,5723
6163,6184
6164,6356
6165,6357
6166,6185
6167,5517
6168,6325
6169,6184
6170,6184
6171,6352
6172,3249
6173,6140
6174,5390
6175,6140
6176,6101
6177,5890
6178,4518
6179,5465
6180,5999
6181,6091
6182,4758
6183,
6184,
6185,5346
6186,
6187,
6188,5403
6189,5992
6190,4518
6191,6272
6192,
6193,
6194,5923
6195,6308
6196,2371
6197,6139
6198,5868
6199,
6200,6181
6201,
6202,5886
6203,5966
6204,
6205,5545
6206,
6207,4945
6208,6180
6209,5474
6210,6179
6211,
6212,3581
6213,4269
6214,2922
6215,4907
6216,6122
6217,6172
6218,6173
6219,6171
6220,6368
6221,3956
6222,6367
6223,4850
6224,6381
6225,6379
6226,6188
6227,5502
6228,4781
6229,6241
6230,6238
6231,6237
6232,5892
6233,4135
6234,4758
6235,6203
6236,6030
6237,6365
6238,6308
6239,6378
6240,6377
6241,6376
6242,6375
6243,6374
6244,6373
6245,6371
6246,5353
6247,
6248,
6249,5874
6250,5894
6251,6332
6252,6334
6253,6348
6254,3964
6255,
6256,
6257,
6258,4518
6259,6272
6260,
6261,6278
6262,5982
6263,6140
6264,
6265,5474
6266,6278
6267,4907
6268,328
6269,4269
6270,
6271,5225
6272,5742
6273,2563
6274,
6275,
6276,
6277,5346
6278,
6279,
6280,
6281,356
6282,5474
6283,578
6284,4907
6285,4518
6286,6278
6287,4269
6288,3041
6289,
6290,6140
6291,
6292,3581
6293,5643
6294,5890
6295,5874
6296,3966
6297,6036
6298,6169
6299,4173
6300,6308
6301,
6302,
6303,5430
6304,5431
6305,
6306,2563
6307,6403
6308,6408
6309,4518
6310,4518
6311,4269
6312,4269
6313,4519
6314,4518
6315,
6316,6036
6317,6115
6318,5233
6319,6408
6320,3960
6322,3960
6323,
6324,
6325,5992
6326,
6327,
6328,
6329,1721
6330,2929
6331,4269
6332,4269
6333,5880
6334,324
6335,6420
6336,6419
6337,
6338,4518
6339,6036
6340,5353
6341,2687
6342,5346
6343,3960
6344,
6345,4519
6346,356
6347,6243
6348,5759
6349,6461
6350,1721
6351,
6352,
6353,6278
6354,5474
6355,6272
6356,2922
6357,5880
6358,2687
6359,5553
6360,2563
6361,3966
6362,6183
6363,4269
6364,
6365,5473
6366,5875
6367,3964
6368,6417
6369,6420
6370,6419
6371,6418
6372,6304
6374,4758
6376,6200
6377,6340
6378,6325
6379,6450
6380,5942
6381,5694
6382,6072
6383,5887
6384,6110
6386,5678
6387,5890
6388,5591
6389,6059
6390,6123
6391,6062
6392,6241
6393,6239
6394,6431
6395,6422
6396,5084
6397,5498
6398,6030
6400,5756
6401,6459
6402,6458
6403,6457
6404,6436
6405,6460
6406,6181
6407,6034
6408,6032
6409,6031
6410,4584
6411,5465
6413,6172
6414,6171
6415,6173
6416,3956
6417,6315
6418,6368
6419,5643
6420,5107
6421,5992
6424,
6425,
6426,6465
6427,6423
6428,
6429,
6430,5346
6431,
6432,
6433,6470
6434,5976
6435,3834
6436,5880
6437,4269
6438,986
6439,3673
6440,
6441,6181
6442,5890
6443,
6444,6140
6445,3916
6446,6243
6447,
6448,5390
6449,4873
6450,4945
6451,6202
6452,
6453,6463
6454,6337
6455,6466
6456,6325
6457,6072
6458,
6459,6467
6460,5406
6461,
6462,5992
6463,
6464,6342
6465,6463
6466,6062
6467,4732
6468,
6469,6326
6470,6466
6471,6466
6472,6466
6473,6466
6474,343
6475,343
6476,6068
6477,
6478,5880
6479,4269
6480,3992
6481,3249
6482,6145
6483,4519
6484,1721
6485,6356
6486,6357
6487,5943
6488,6429
6489,6184
6490,6155
6491,5107
6492,6194
6493,6480
6494,6480
6495,5552
6496,
6497,6272
6498,
6499,4518
6500,5876
6501,
6502,5581
6503,
6504,
6505,5963
6506,
6508,6409
6509,4945
6510,6484
6511,4946
6512,
6513,3960
6514,5346
6515,
6516,5559
6517,5887
6518,
6519,4420
6520,6412
6521,5390
6522,6243
6523,6140
6524,2922
6525,
6526,5996
6527,
6528,
6529,
6530,
6531,
6532,
6533,5085
6534,6488
6535,6487
6536,
6537,
6538,6395
6539,
6540,4518
6541,
6542,5992
6543,5890
6544,6337
6545,6395
6546,6340
6547,
6548,
6550,
6551,
6552,
6553,
6554,
6555,5993
6556,4269
6557,328
6558,6272
6559,3367
6560,5616
6561,3960
6562,6400
6563,5878
6564,3041
6565,5390
6566,3249
6567,6140
6568,4269
6569,4519
6570,6140
6571,3249
6573,6237
6574,6238
6575,5892
6576,
6577,
6578,5349
6579,
6580,
6581,
6582,
6583,6237
6584,6238
6585,5892
6586,5992
6587,4518
6589,
6590,
6591,6030
6592,6436
6593,5559
6594,
6595,
6596,
6597,
6598,5346
6599,
6600,
6601,
6602,6479
6603,5643
6604,6422
6605,5262
6606,5874
6607,
6608,6243
6609,6310
6610,5875
6611,2688
6612,
6613,
6614,6505
6615,6504
6616,6246
6617,6488
6618,
6619,6400
6620,6507
6621,6351
6622,6340
6623,
6624,
6625,
6626,5943
6627,6356
6628,6357
6629,2292
6630,5694
6631,5678
6632,3327
6634,6492
6635,5107
6636,5980
6637,6447
6638,6446
6639,6158
6640,6445
6641,6444
6642,6443
6643,6442
6644,6441
6645,6440
6646,6439
6647,6155
6648,6122
6649,5901
6650,6509
6651,4945
6652,5346
6653,4758
6654,
6655,
6656,
6657,
6658,5591
6659,4907
6660,4269
6661,2929
6662,5346
6663,5474
6664,5886
6665,5410
6666,5553
6667,5890
6668,5880
6669,1721
6670,
6671,1721
6672,6122
6673,
6674,5346
6675,2687
6676,
6677,
6678,4454
6679,6466
6680,6466
6681,6474
6682,5443
6683,
6684,6466
6685,6495
6686,6497
6687,5786
6688,6246
6689,6246
6690,6463
6691,6334
6692,5777
6693,6466
6694,6326
6695,6200
6696,6494
6697,6068
6698,6064
6699,
6701,
6702,
6703,6337
6704,6340
6705,6342
6706,6466
6707,6466
6708,
6709,4758
6710,5852
6711,6459
6712,6458
6713,6214
6714,4891
6715,6511
6716,4870
6717,3964
6718,5892
6719,6238
6720,6237
6721,6534
6722,6532
6723,6522
6724,5465
6725,3956
6726,6315
6727,6368
6728,6539
6729,6498
6730,6483
6731,6535
6732,6188
6733,6045
6734,5905
6735,4204
6736,4135
6737,6426
6738,5890
6739,5643
6740,6543
6741,6547
6742,5346
6743,6427
6744,
6745,4269
6746,5475
6747,6286
6748,5880
6750,
6751,2687
6752,6422
6753,6553
6754,6552
6755,
6756,5946
6757,6422
6758,5880
6759,6428
6760,6278
6761,6202
6762,5874
6763,6562
6764,
6765,5346
6766,
6767,6033
6768,6037
6769,6520
6770,6519
6771,6573
6772,6576
6773,6214
6774,6426
6775,6555
6776,6494
6777,5233
6778,
6779,5346
6780,
6781,
6782,
6783,
6784,
6785,6032
6786,6575
6787,3427
6788,2688
6789,6524
6790,
6791,6588
6792,6574
6793,2687
6794,
6795,
6796,
6797,5353
6798,6458
6799,
6800,
6801,5348
6802,6584
6803,6585
6804,5346
6805,
6806,
6807,4269
6808,4269
6809,6278
6810,5474
6811,2922
6812,6599
6813,328
6814,6428
6815,5553
6816,5880
6817,6122
6818,6547
6819,6458
6820,5233
6821,
6822,6511
6823,6241
6824,5591
6825,6610
6826,5353
6827,6612
6828,5885
6829,
6830,6585
6831,6480
6832,4696
6833,6064
6834,6480
6835,6590
6836,6480
6837,6200
6838,6480
6839,4177
6840,4454
6841,6561
6842,
6843,
6844,
6845,5107
6847,6466
6848,
6849,6062
6850,6060
6851,6595
6852,6597
6853,6598
6854,
6855,
6856,6446
6857,6122
6858,5725
6859,6565
6860,6465
6861,4549
6862,6600
6863,5930
6864,6613
6865,6573
6867,6033
6868,6520
6869,6519
6870,6571
6871,6569
6872,6568
6874,6566
6875,6517
6876,6509
6877,6576
6878,6554
6880,6498
6881,6188
6882,5905
6883,4781
6884,4204
6885,4135
6886,6476
6888,6594
6889,6633
6890,6617
6891,6626
6894,6559
6895,4269
6896,2564
6897,4519
6898,3249
6899,5880
6900,5986
6901,
6902,
6903,
6904,5346
6905,
6906,
6907,
6908,
6909,2563
6910,4518
6911,
6912,5880
6913,5553
6914,324
6916,6242
6917,5890
6918,5877
6919,6614
6920,4743
6921,4728
6922,5346
6923,
6924,5875
6925,2688
6926,
6927,5347
6928,
6929,6636
6930,6286
6931,6202
6932,6395
6933,3310
6934,5473
6935,2474
6936,2474
6937,3310
6938,5403
6939,6541
6940,5946
6941,5694
6942,6638
6943,6637
6944,6110
6946,5992
6947,3249
6948,
6949,
6950,
6951,
6952,6272
6953,
6954,3486
6955,
6956,6627
6957,5591
6958,5346
6959,
6960,
6961,
6962,4518
6963,
6964,1706
6965,
6966,5616
6967,6652
6968,6636
6969,5347
6970,5643
6971,3581
6972,6585
6973,
6974,
6975,6643
6976,6395
6977,6562
6978,6597
6979,5594
6980,6628
6981,
6982,
6983,6653
6984,6439
6985,6440
6986,
6987,6658
6988,6657
6989,6442
6990,5930
6991,5346
6992,
6993,
6994,
6995,6554
6996,6666
6997,6614
6998,
6999,6652
7000,4743
7001,
7002,6636
7003,5347
7004,
7005,
7007,2148
7009,6288
7010,6288
7011,
7012,
7013,3327
7014,6662
7015,5233
7016,6547
7017,4135
7018,6241
7019,5353
7020,6448
7021,6439
7022,6658
7023,6440
7024,
7025,
7026,3486
7027,6476
7028,
7029,4518
7030,
7031,
7032,5346
7033,
7034,
7035,
7036,
7037,5992
7038,
7039,6286
7040,6278
7041,6286
7042,6286
7043,4269
7044,2922
7045,3041
7046,6428
7047,6122
7048,6599
7049,5976
7050,5880
7052,6031
7053,6032
7054,6034
7055,6036
7056,6037
7057,2474
7058,2474
7059,6562
7060,6596
7061,6466
7062,6325
7063,6644
7064,6670
7065,4732
7066,6064
7067,4734
7068,4734
7069,4678
7070,4714
7071,4714
7072,4678
7073,4705
7074,4705
7075,4696
7076,4696
7077,4687
7078,4687
7079,6475
7080,3609
7081,6439
7082,2474
7083,4188
7084,5594
7085,5965
7086,4696
7087,5965
7088,2474
7089,2474
7090,5793
7091,5793
7092,
7093,
7094,
7095,6673
7096,6736
7097,6511
7098,4549
7099,5930
7100,6672
7101,6664
7102,6154
7103,6043
7104,6681
7105,5346
7106,
7107,
7108,
7109,6278
7110,
7111,
7112,3486
7113,4269
7114,
7115,5992
7116,5474
7117,6778
7118,2564
7119,4519
7120,1721
7121,6727
7122,6683
7123,6682
7124,6689
7125,6687
7126,6686
7127,6697
7128,6618
7129,6620
7130,6619
7131,6629
7132,6779
7133,6440
7134,6779
7135,6440
7136,5726
7137,5725
7138,6492
7139,6122
7140,6786
7141,6785
7142,6783
7143,6781
7144,6446
7145,6444
7146,6659
7147,6654
7148,6441
7149,5723
7150,5712
7151,6246
7152,6326
7153,
7154,
7155,
7156,6641
7157,3041
7158,6673
7159,6547
7160,3310
7161,3251
7162,6147
7163,2474
7164,5528
7165,
7167,
7168,6286
7169,6278
7170,6278
7171,4269
7172,4549
7173,6577
7175,6780
7176,6662
7177,
7178,4518
7179,
7180,5346
7181,
7182,
7183,
7184,
7185,
7186,
7187,5992
7188,6636
7189,
7190,
7191,6493
7192,3041
7193,6286
7194,4269
7195,1721
7196,6800
7197,6122
7198,3249
7199,4518
7200,
7201,
7202,5992
7203,
7204,6614
7205,6480
7206,
7207,
7208,
7209,
7210,328
7211,6278
7212,5993
7213,6824
7214,5992
7215,6831
7216,6821
7217,6822
7218,5973
7219,6577
7220,6820
7221,5104
7222,
7223,
7224,
7225,6662
7226,5724
7227,5559
7228,
7229,
7230,5346
7231,5559
7232,
7233,5992
7234,
7235,
7236,
7237,6599
7238,6122
7239,328
7240,4269
7241,4518
7242,328
7243,2929
7244,6800
7245,5104
7246,6780
7247,5269
7248,6032
7249,6854
7250,6687
7251,6723
7252,6786
7253,6577
7254,6578
7255,6064
7256,4519
7257,4269
7258,6830
7259,6122
7260,6621
7261,6622
7262,6623
7263,6628
7264,6630
7265,6631
7266,6631
7267,6581
7268,6580
7269,6579
7270,6804
7271,6540
7272,
7273,5793
7274,6802
7275,6801
7276,6803
7277,6668
7278,6369
7279,
7280,6760
7281,4454
7282,6772
7283,6769
7284,6762
7285,6689
7286,6706
7287,6369
7288,5726
7289,6783
7290,6781
7291,5712
7292,6036
7293,
7294,5346
7295,
7296,
7297,
7298,5992
7299,
7300,
7301,6286
7302,6278
7303,4269
7304,6278
7305,1721
7306,328
7308,6589
7309,6731
7310,6732
7311,4758
7312,5233
7313,6870
7314,6857
7315,6458
7316,3964
7317,4549
7318,6511
7319,6673
7320,6672
7321,5890
7322,6867
7323,6509
7324,6034
7325,6777
7326,6775
7327,6793
7328,6814
7329,6037
7330,6767
7331,6859
7332,6818
7333,6813
7334,6571
7335,6812
7337,6615
7338,6868
7340,6816
7341,6188
7342,5905
7343,4204
7344,4135
7345,6043
7346,
7347,3310
7348,3310
7349,3310
7350,3310
7361,2474
7362,5581
7363,
7364,
7365,
7366,
7367,4518
7368,
7369,5992
7370,6286
7371,6278
7372,328
7373,4269
7374,2922
7375,1721
7376,
7377,5976
7378,6800
7379,6880
7380,6584
7381,6585
7382,6803
7383,
7384,3981
7385,3203
7386,6871
7387,6795
7388,6794
7389,3212
7390,
7391,
7392,
7393,4518
7394,
7395,
7396,
7397,
7398,1721
7399,4269
7400,4907
7401,5976
7402,2922
7403,3041
7404,2929
7405,5603
7406,5602
7407,5593
7408,6031
7409,6032
7410,6036
7411,6615
7412,5353
7413,
7414,4518
7415,3201
7416,
7417,5346
7418,
7419,
7420,3581
7421,
7423,
7424,
7425,4269
7426,4269
7427,6278
7428,4907
7429,5975
7430,328
7431,6476
7432,6800
7433,5107
7434,5559
7436,6681
7437,
7438,
7439,6286
7440,6286
7441,4908
7442,
7443,4269
7444,324
7445,5976
7446,
7447,
7448,
7449,
7450,4518
7451,5992
7452,
7453,
7454,
7455,
7456,5353
7457,6122
7458,6615
7459,
7460,6780
7461,6122
7462,5711
7463,6782
7464,5633
7465,5217
7466,6887
7467,5151
7468,6036
7469,6695
7470,5107
7471,6691
7472,6246
7473,6884
7474,5965
7475,6578
7476,6689
7477,
7478,6577
7479,6462
7480,6723
7481,6644
7482,6579
7483,6581
7484,6580
7485,6582
7486,6697
7487,6706
7488,5793
7489,
7490,6922
7491,6924
7492,6885
7493,6899
7495,6910
7496,5905
7497,6231
7498,6934
7499,6933
7500,5930
7502,6932
7503,6941
7504,6547
7505,5992
7506,6037
7507,6031
7508,6032
7509,6036
7510,6034
7511,6896
7512,5590
7513,5591
7514,6883
7515,6882
7516,6891
7517,5603
7518,5602
7519,
7520,6942
7521,4519
7522,5986
7523,4781
7525,6692
7526,6694
7527,5992
7528,6624
7529,6625
7530,
7531,
7532,4518
7534,6427
7535,
7536,6891
7537,5603
7538,5602
7539,6386
7540,
7541,5875
7542,
7543,
7544,
7545,
7546,5346
7547,6389
7548,5963
7549,6951
7550,4525
7551,6955
7552,6939
7553,6954
7554,
7555,6626
7556,6627
7557,6628
7558,6629
7559,6960
7560,6630
7561,6863
7562,3041
7563,4269
7564,6243
7565,6742
7566,6742
7567,3249
7568,
7569,
7570,5346
7571,6681
7572,
7573,5992
7574,4518
7575,6272
7576,4908
7577,6286
7578,6278
7579,3041
7580,4269
7581,2922
7582,1721
7583,5976
7584,328
7585,
7586,6953
7587,6476
7588,5107
7589,6921
7590,4519
7591,4269
7592,6122
7593,6826
7594,6825
7596,6793
7597,5711
7599,
7600,
7602,
7603,4518
7604,
7605,
7606,6286
7607,6278
7608,5474
7609,4269
7610,4269
7611,5553
7612,2929
7613,5976
7614,6867
7615,6940
7616,6920
7617,6975
7618,6912
7619,6911
7620,
7621,
7623,5992
7625,
7626,
7627,
7628,5346
7629,
7630,5992
7631,2563
7632,5095
7633,5094
7634,6984
7635,5107
7636,5091
7637,5099
7638,7005
7639,6793
7640,6812
7641,6863
7642,6859
7643,6569
7644,6568
7645,6509
7647,
7648,5559
7649,5559
7650,
7651,4518
7652,
7653,
7654,
7655,5992
7656,
7657,6427
7658,6237
7659,6286
7660,4269
7661,4907
7662,5474
7663,5976
7664,328
7665,
7666,
7667,
7668,
7669,
7670,
7671,
7672,
7673,
7674,327
7675,5389
7676,6243
7677,6742
7678,6272
7679,6630
7680,6976
7681,6980
7682,5793
7683,6803
7684,5394
7685,5396
7686,5395
7687,7059
7688,6974
7689,6978
7690,6977
7691,6946
7692,6581
7693,6580
7694,6579
7695,6961
7696,6978
7697,6706
7698,6697
7699,7039
7700,
7701,7047
7702,6541
7703,6122
7704,6783
7705,
7706,6547
7707,6925
7708,6933
7709,6511
7710,4758
7711,5233
7712,6941
7713,6932
7714,7006
7715,6883
7716,6851
7717,6916
7718,6238
7719,5892
7720,5353
7721,6237
7722,5591
7723,6882
7724,7032
7725,7027
7726,7003
7727,7002
7728,5465
7729,6034
7730,6895
7731,7005
7732,6731
7733,6733
7734,6902
7735,7016
7736,6986
7737,6739
7738,6738
7739,6734
7740,6669
7741,6833
7742,6832
7743,6971
7744,6970
7745,6945
7746,6996
7747,6995
7748,7028
7749,6950
7750,6913
7751,6154
7752,6967
7753,3956
7754,6368
7755,6315
7756,6367
7757,7038
7758,6966
7759,6985
7760,4781
7761,6958
7762,6957
7763,4204
7764,6939
7765,
7766,
7767,
7768,
7770,2929
7771,4269
7772,5474
7773,5976
7774,6599
7775,
7776,6034
7777,7087
7778,6890
7779,6692
7780,6890
7782,6694
7783,6696
7784,6630
7785,5992
7786,7091
7787,6624
7788,6948
7789,6793
7790,6031
7791,6895
7792,6032
7793,5346
7794,5559
7795,
7796,7061
7797,
7798,4518
7799,
7800,
7801,
7802,4518
7803,
7804,6034
7805,6636
7806,1721
7807,2149
7808,6243
7809,2922
7810,6980
7811,3432
7812,6540
7813,5992
7814,327
7815,4269
7816,6278
7817,6412
7818,2922
7819,5976
7820,5390
7821,5890
7822,4269
7823,4519
7824,7025
7825,7014
7826,7015
7827,7050
7828,7030
7829,7049
7830,7105
7831,7107
7832,7106
7833,5091
7834,7097
7835,2905
7836,6272
7837,6783
7838,7111
7839,7112
7840,6660
7841,7049
7842,5559
7843,
7844,5346
7845,
7846,
7847,
7848,4518
7849,5992
7850,7043
7851,324
7852,6556
7853,6310
7854,
7855,6742
7856,6540
7857,5976
7858,1721
7859,6278
7860,7116
7861,4269
7862,7117
7863,6839
7864,
7865,2929
7866,6427
7867,6489
7868,7017
7869,6569
7870,6032
7871,6031
7872,6895
7873,7073
7874,4177
7875,6581
7876,6946
7877,5091
7878,7097
7879,5947
7880,7059
7881,6980
7882,6988
7883,6989
7884,6990
7885,6991
7886,6993
7887,6992
7888,6868
7889,7119
7890,5084
7891,6984
7892,6583
7893,6581
7894,6933
7895,6929
7896,7127
7897,3375
7898,6032
7899,6034
7900,6895
7901,4518
7902,
7903,
7904,7043
7905,5976
7906,324
7907,6742
7908,6742
7909,327
7910,3985
7911,3985
7912,3985
7913,3985
7914,3985
7915,3985
7916,3985
7917,3985
7918,3985
7919,3985
7920,3985
7921,3985
7922,3985
7923,6286
7924,6975
7925,7131
7926,6070
7927,6243
7928,6742
7929,6540
7930,3041
7931,5389
7932,2371
7933,6286
7934,6278
7935,5993
7936,5474
7937,4269
7938,4518
7939,7119
7940,
7941,5976
7942,
7943,7043
7944,5992
7945,6427
7946,7007
7947,
7948,
7949,
7950,6742
7951,
7952,
7953,
7954,
7955,7097
7956,5104
7957,6509
7958,6571
7959,7094
7960,6672
7961,5590
7962,6851
7963,6615
7964,6867
7965,7151
7966,6238
7967,5892
7968,6237
7969,6673
7970,6966
7971,6985
7972,7038
7973,7116
7974,6995
7975,7225
7976,6989
7977,6988
7978,6993
7979,6789
7980,7005
7981,6068
7982,6581
7983,6577
7984,7110
7985,6072
7986,6073
7987,7152
7988,6077
7989,7118
7990,7059
7991,7059
7992,6964
7993,6964
7994,6961
7995,6961
7996,6978
7997,6964
7998,6964
7999,6964
8000,6961
8001,6961
8002,6286
8003,7016
8004,7134
8005,7135
8006,6925
8007,5711
8008,6787
8009,
8010,
8011,4519
8012,7157
8013,5099
8014,6058
8015,5104
8016,5104
8017,7158
8018,7162
8019,6951
8020,7075
8021,
8022,2371
8023,4518
8024,324
8025,6286
8026,5474
8027,4269
8028,5553
8029,324
8030,
8031,
8032,
8033,
8034,
8035,7101
8036,7053
8037,7052
8038,7054
8039,6929
8040,6952
8041,7084
8042,7126
8043,6981
8044,6976
8046,6721
8047,7175
8048,6706
8049,6697
8050,6889
8051,6889
8052,7161
8053,6630
8054,6960
8055,6632
8056,7176
8057,7177
8058,7178
8059,6625
8060,7179
8061,6868
8062,7180
8063,6509
8064,5107
8065,5099
8066,7159
8067,6541
8068,
8069,
8070,4518
8071,4518
8072,5992
8073,
8074,
8075,7043
8076,6278
8077,2922
8078,4269
8079,6286
8080,5390
8081,5976
8082,6742
8083,327
8084,7002
8085,7182
8086,6547
8087,7184
8088,6941
8089,7188
8090,7190
8091,6986
8092,7173
8093,7170
8094,7196
8095,6738
8096,6833
8097,6832
8098,7133
8099,6970
8100,7174
8101,
8102,4518
8103,
8104,4269
8105,4269
8106,6286
8107,6278
8108,4907
8109,2922
8110,5976
8111,6286
8112,6557
8113,324
8114,7209
8115,7003
8116,6916
8117,5591
8118,
8119,6916
8120,7220
8121,5353
8122,6882
8123,6932
8124,7225
8125,6882
8126,5353
8127,4518
8128,2563
8129,4518
8130,
8131,
8132,4269
8133,5474
8134,2922
8136,6988
8137,
8138,
8139,
8140,
8141,
8142,
8143,5992
8144,
8145,7210
8146,7162
8147,6932
8148,7045
8149,6286
8150,6278
8151,4518
8152,4269
8153,2929
8154,
8155,
8156,2922
8157,7059
8158,6556
8159,
8160,6540
8161,7169
8162,6986
8163,7005
8164,7134
8165,7173
8166,7174
8176,7252
8177,6993
8179,7253
8180,6989
8181,7230
8182,7148
8183,7028
8184,6950
8185,6913
8186,6154
8187,7089
8188,5107
8189,7249
8190,7194
8191,6034
8192,7195
8193,7194
8194,7240
8195,5104
8196,7191
8197,7192
8198,7193
8199,6961
8200,7161
8201,6961
8202,7133
8203,6970
8204,6738
8205,6832
8206,6734
8207,7170
8208,6068
8212,4549
8213,6070
8215,6941
8216,7188
8217,7190
8218,7236
8219,7241
8220,7210
8221,7251
8222,7219
8223,7218
8224,7217
8225,7258
8226,7256
8227,7208
8228,7122
8229,7221
8230,7257
8231,7136
8232,7159
8233,6946
8234,7222
8235,6071
8236,7223
8237,6069
8238,6072
8239,
8240,7250
8241,5390
8242,5474
8243,6782
8244,6784
8245,6787
8246,7213
8247,7232
8248,7233
8249,7129
8250,4454
8251,7216
8252,7246
8253,6959
8254,7092
8255,6058
8256,6697
8257,6689
8258,7260
8259,6742
8260,
8261,
8262,4519
8263,7105
8264,7254
8265,
8266,4518
8267,4518
8268,5992
8269,4269
8270,
8271,6286
8272,328
8273,
8274,2563
8275,
8276,2929
8277,6742
8278,6742
8279,6540
8280,7075
8281,
8282,6916
8283,
8284,
8285,6547
8286,6630
8287,7264
8288,7272
8289,6509
8290,5992
8291,7262
8292,5992
8293,7263
8294,7266
8295,7268
8296,7274
8297,6883
8298,7299
8299,
8300,
8301,4518
8302,4518
8303,
8304,
8305,
8306,6272
8307,5390
8308,327
8309,6959
8310,4188
8311,7308
8312,7305
8313,7314
8314,6962
8315,6959
8316,3310
8321,3310
8322,3310
8323,3310
8324,3310
8325,3310
8326,3310
8327,3310
8328,3310
8329,6951
8330,6951
8331,6951
8332,6962
8333,6962
8334,6959
8335,5353
8336,6239
8337,6882
8338,5591
8339,6867
8340,6883
8341,5107
8342,7315
8343,4518
8344,
8345,
8346,6278
8347,4269
8348,
8349,4519
8351,
8352,7300
8353,7302
8354,7332
8355,7333
8356,5992
8357,6630
8358,
8359,
8360,5992
8361,5403
8362,6278
8363,6286
8364,4269
8365,2929
8366,7209
8367,384
8369,5390
8370,6540
8371,6245
8372,7076
8373,
8374,
8375,
8376,
8377,
8378,
8379,6626
8380,5992
8381,
8382,6122
8383,
8384,2588
8385,7368
8386,
8387,
8388,
8389,6960
8390,7176
8391,7361
8392,7375
8393,7253
8394,7225
8395,7357
8396,7369
8397,7367
8398,7148
8399,7028
8400,7089
8401,
8402,6989
8403,6959
8404,6988
8406,7348
8407,4188
8408,5890
8409,5390
8410,6867
8411,7340
8412,7160
8414,7380
8416,6239
8417,5591
8418,7032
8419,7331
8420,7389
8421,7159
8422,7210
8423,7188
8424,4549
8425,7190
8426,7327
8428,6933
8429,4758
8430,6925
8431,7236
8432,6999
8433,6122
8435,7127
8436,7157
8437,7174
8438,7170
8439,6058
8440,5082
8441,6734
8442,7365
8443,7347
8444,7346
8445,5105
8446,7345
8447,7255
8448,5103
8449,7134
8450,7310
8451,7169
8452,7360
8453,7005
8454,5786
8455,5520
8456,7133
8457,6803
8458,7311
8459,5793
8460,7303
8461,7364
8462,6738
8463,7363
8464,6902
8465,7306
8466,6961
8467,6961
8468,6489
8469,7201
8470,7229
8471,7227
8472,7271
8473,7299
8474,7206
8475,7335
8476,7325
8477,6064
8478,6068
8479,7376
8480,7221
8481,7371
8482,
8483,7277
8485,6742
8486,4269
8487,2564
8488,5880
8489,6540
8490,6272
8491,7333
8492,7341
8493,7342
8494,6692
8495,7343
8496,
8497,7366
8498,
8499,
8500,
8501,
8502,5389
8503,6751
8504,7076
8505,5389
8506,7350
8507,7354
8508,7358
8509,7356
8510,7355
8511,7337
8512,7338
8513,7339
8514,5736
8515,7336
8516,7130
8518,6404
8519,6821
8520,7329
8521,7349
8522,7339
8523,7386
8524,7402
8525,6883
8526,7276
8527,5353
8528,7321
8529,4549
8532,7387
8533,7403
8534,4279
8535,1721
8536,5474
8537,2922
8538,6557
8539,4653
8540,6043
8541,
8542,5403
8543,4518
8544,7433
8545,4518
8546,7410
8547,7410
8548,7412
8549,5992
8550,7176
8551,
8552,
8553,
8554,
8555,
8556,
8557,
8558,2563
8559,5403
8560,
8561,6272
8562,7032
8563,7357
8564,7225
8565,7190
8566,7437
8567,
8568,327
8569,6753
8570,327
8571,5963
8572,356
8573,6310
8574,
8575,
8576,
8577,
8578,2563
8579,4518
8580,
8581,7204
8582,
8583,6286
8584,
8585,5975
8586,
8587,7289
8588,7379
8589,7386
8590,7385
8591,6720
8592,4518
8593,7245
8594,
8595,2563
8596,
8597,
8598,6929
8599,
8600,
8601,7057
8602,6688
8603,6742
8604,327
8605,5992
8606,327
8607,7315
8608,5093
8609,6058
8610,5107
8611,5082
8612,
8613,
8614,
8615,6272
8616,
8617,
8618,
8619,
8620,6310
8621,
8622,
8623,327
8624,7467
8625,327
8626,
8627,
8628,
8629,5975
8630,7245
8631,
8632,
8633,
8634,6547
8635,7190
8636,7498
8637,7437
8638,4549
8639,7387
8640,7034
8641,7527
8642,7503
8643,6734
8644,7310
8645,7169
8646,7005
8647,7470
8648,7402
8649,5353
8650,6867
8651,7497
8652,7482
8653,7481
8654,7365
8655,5107
8656,6058
8657,7315
8658,
8660,5403
8661,7528
8664,
8665,
8666,7366
8667,7253
8669,7410
8670,7412
8671,7411
8672,7286
8673,7426
8674,
8675,7426
8676,7286
8677,7426
8678,7555
8679,6964
8680,7287
8681,7525
8682,7381
8683,7525
8684,7380
8685,7380
8686,7335
8687,7299
8688,7263
8689,7334
8690,7343
8691,7489
8692,7349
8693,7486
8694,7490
8695,7356
8696,7492
8697,7491
8698,7487
8699,7488
8700,7355
8701,5103
8702,4269
8703,
8704,
8705,4518
8706,
8707,
8708,
8709,
8710,7245
8711,6734
8712,6689
8713,7462
8714,7493
8715,7435
8716,6068
8717,7428
8718,7494
8719,7539
8720,7542
8721,7502
8722,7546
8723,7544
8724,7500
8725,7530
8726,7531
8727,7554
8728,
8729,7286
8730,7387
8731,7259
8732,7052
8733,7460
8734,7551
8735,7473
8736,7553
8737,7552
8738,
8739,
8740,7310
8741,7345
8742,7365
8743,7255
8744,7483
8745,7169
8746,7437
8747,4518
8748,
8749,
8750,
8751,4518
8752,5992
8753,
8754,
8755,5975
8756,6286
8757,6565
8758,6757
8759,6542
8760,5903
8761,7299
8762,7590
8763,7530
8764,7554
8765,6547
8766,7366
8767,7527
8769,5992
8770,7599
8771,
8772,4518
8773,2563
8774,6272
8775,
8776,7591
8777,6636
8778,7526
8779,7204
8780,6961
8781,6893
8782,5353
8783,5992
8784,7369
8785,7367
8786,7253
8787,7260
8788,6925
8789,7321
8790,7527
8791,4549
8792,7585
8793,7603
8794,7169
8795,7005
8796,7380
8797,7565
8798,6893
8799,7605
8800,7564
8801,7299
8802,7188
8803,7034
8804,7236
8805,7032
8806,5591
8808,7497
8809,7482
8810,7148
8811,7028
8812,6154
8813,7471
8814,7346
8815,7133
8816,7311
8817,7303
8818,6738
8820,6956
8821,6188
8822,5905
8823,7229
8824,7227
8825,7563
8826,7560
8827,7561
8828,7440
8829,6967
8830,7195
8831,7195
8832,7195
8833,7444
8834,7486
8835,7607
8836,7488
8837,7410
8838,7344
8839,5107
8840,6064
8841,7315
8842,5104
8843,7411
8844,7588
8845,6288
8846,6720
8847,7588
8848,7588
8849,
8850,7588
8851,7588
8852,7401
8853,7399
8854,7400
8855,7398
8856,6742
8857,
8858,5982
8859,4269
8860,2564
8861,7570
8862,7159
8863,7404
8864,7405
8865,5708
8866,6962
8867,7255
8868,7528
8869,7455
8870,7457
8871,7459
8872,7366
8873,7387
8874,7491
8875,7492
8876,7591
8877,6636
8878,
8879,
8880,
8881,4518
8882,
8883,
8884,
8885,
8886,6272
8887,
8888,7605
8889,5992
8890,5992
8891,
8892,
8893,
8894,4518
8895,7263
8896,7654
8897,7653
8898,7599
8899,7655
8900,7501
8901,7546
8902,7539
8903,7471
8904,7605
8905,
8906,7605
8907,7634
8908,356
8909,6243
8910,7410
8911,7204
8912,5992
8913,6636
8914,
8915,3041
8916,
8917,6734
8918,
8919,7672
8920,7378
8921,7369
8922,7378
8923,7378
8924,7685
8925,6262
8926,7482
8927,6239
8928,
8929,
8930,2563
8931,7709
8932,7293
8933,7225
8934,5992
8935,4518
8936,
8937,6636
8938,
8939,
8940,7634
8941,7491
8942,7605
8943,7599
8944,7387
8945,
8946,
8947,
8948,6925
8949,7321
8950,7724
8951,3310
8952,7628
8953,7528
8954,7369
8955,7034
8956,6734
8957,
8958,
8959,4518
8960,2563
8961,5992
8962,
8963,
8964,
8965,7634
8966,7255
8967,7739
8968,7741
8969,7743
8970,7692
8971,
8972,
8973,7777
8974,6925
8975,5353
8976,5591
8977,4549
8978,7652
8979,
8980,7689
8981,7740
8982,7623
8983,7604
8984,
8985,
8986,
8987,
8988,
8989,2563
8990,7467
8991,7255
8992,
8995,7735
8996,7561
8997,7562
8998,7563
8999,7564
9000,7558
9001,7565
9003,7729
9004,7728
9005,7678
9007,7680
9008,7588
9009,
9010,7588
9012,6738
9013,7032
9014,7663
9015,7715
9016,7634
9017,7255
9018,7782
9019,7652
9021,7415
9022,7321
9023,4549
9024,7741
9026,7567
9027,7683
9028,
9029,7702
9030,7630
9031,7718
9032,7703
9033,7673
9034,7674
9035,7676
9036,7678
9037,7677
9038,7632
9039,7792
9040,7378
9041,7378
9042,7379
9043,7450
9044,7787
9045,7529
9046,5353
9047,6239
9048,7717
9050,7276
9051,7628
9052,7699
9053,7688
9054,7130
9055,6821
9056,7698
9057,7101
9058,6404
9059,5736
9060,7687
9061,7740
9062,7336
9063,7556
9064,7056
9065,2568
9066,2568
9067,3310
9068,7695
9069,7694
9070,7690
9071,7682
9072,7644
9073,7643
9074,7645
9075,7665
9076,7605
9077,7277
9078,7683
9079,7278
9080,
9081,7279
9082,4549
9084,7709
9085,6734
9086,6688
9087,
9088,
9089,
9090,
9091,
9092,6272
9093,7747
9094,6967
9095,7440
9097,5107
9098,5088
9099,7782
9100,7634
9101,7255
9102,7481
9103,7803
9104,6262
9105,7723
9106,7722
9107,6734
9108,5353
9109,7366
9110,7797
9111,7034
9114,
9115,
9116,7605
9118,6742
9119,4269
9120,2564
9121,
9122,4518
9123,
9124,5992
9125,4518
9126,
9127,
9128,
9129,
9130,7366
9131,7803
9132,
9133,7711
9134,
9135,7502
9136,7685
9137,7481
9138,7814
9139,7727
9140,2563
9141,7566
9143,6262
9144,7566
9145,7709
9146,4518
9147,7344
9148,5591
9149,5591
9150,7366
9151,
9152,
9153,4518
9154,5992
9155,7599
9156,7812
9157,7566
9158,7599
9159,7813
9160,7828
9161,7827
9162,7595
9163,7814
9164,6286
9165,
9166,7136
9168,7008
9169,
9170,
9171,6925
9172,7869
9173,7868
9174,7837
9175,7703
9176,7706
9177,7814
9178,7883
9179,7867
9180,7870
9181,
9182,
9183,
9184,5389
9185,7076
9186,6742
9187,
9188,
9189,7043
9190,
9191,
9192,
9193,4518
9194,7867
9195,7882
9196,6967
9197,6262
9198,7735
9199,7685
9200,7907
9201,7871
9202,7481
9203,7366
9204,7888
9205,4549
9206,
9207,7695
9208,7277
9210,
9211,
9212,5107
9213,7782
9214,7255
9215,7634
9216,7792
9217,7849
9218,7841
9219,7674
9220,7416
9221,7676
9222,7677
9223,7875
9224,7161
9225,7712
9227,7712
9228,7564
9229,6893
9230,6893
9231,7738
9232,7757
9233,7799
9234,7708
9235,7651
9236,7650
9237,7657
9238,
9239,7436
9240,7747
9241,7758
9242,6694
9243,7746
9244,6717
9245,5890
9246,6060
9247,6065
9249,7713
9251,7870
9252,4781
9253,6958
9254,6957
9255,7866
9256,7872
9258,6376
9259,6378
9260,7468
9261,7139
9262,
9263,
9264,4908
9265,6286
9266,6278
9267,4269
9268,2922
9269,7209
9270,
9271,
9272,
9273,7845
9274,7846
9275,7792
9276,7709
9277,4269
9278,3992
9279,5982
9280,6742
9281,7884
9282,7405
9283,7909
9284,7885
9285,7891
9286,7890
9287,7886
9288,7889
9289,7892
9290,7646
9291,7779
9292,7902
9293,7572
9294,6188
9295,7599
9296,7729
9297,6547
9298,7034
9299,4549
9300,7918
9301,7874
9302,7933
9303,7028
9304,7867
9305,7740
9306,2563
9307,
9308,
9309,4518
9310,4518
9311,
9313,
9314,
9315,
9316,
9317,
9318,
9319,
9320,5390
9321,7076
9322,
9323,4519
9324,
9325,6967
9326,7943
9327,7225
9328,7089
9329,7481
9330,7871
9331,7907
9332,7236
9333,7677
9334,7427
9335,7874
9336,7255
9337,5107
9338,7883
9339,4518
9340,5992
9341,6272
9342,
9343,
9344,
9345,
9346,
9347,
9348,6742
9349,5390
9350,7584
9351,
9352,7712
9353,
9354,
9355,5107
9356,7255
9357,7978
9358,7977
9359,7976
9360,7980
9361,7979
9362,
9363,
9364,7989
9365,7918
9366,5992
9367,4518
9368,6272
9369,2563
9370,
9371,
9372,
9373,7584
9374,4269
9375,
9376,6286
9377,7209
9378,7907
9379,8020
9380,7032
9381,
9382,
9383,
9384,5992
9385,8007
9386,8012
9387,8011
9388,8016
9389,8015
9390,8014
9391,8013
9392,7803
9393,2563
9394,4518
9395,
9396,
9397,
9398,
9399,2922
9400,4269
9401,6286
9402,7209
9403,4908
9404,
9405,7978
9406,8021
9407,7685
9408,8054
9409,
9410,7977
9411,7980
9412,8053
9413,7979
9414,8020
9415,7669
9416,7907
9417,7909
9418,8006
9419,7669
9420,
9421,7225
9422,7089
9423,8061
9424,8060
9425,7747
9426,7883
9427,7034
9428,4549
9429,8066
9430,8065
9431,8007
9432,7867
9433,5591
9434,7989
9435,5890
9436,7946
9438,7803
9439,8019
9440,7245
9441,7245
9442,8064
9443,7908
9444,8022
9445,7674
9446,7676
9447,
9448,6065
9449,6060
9450,7712
9451,7378
9452,7951
9453,5992
9454,4518
9455,2563
9456,
9457,
9458,
9459,
9460,
9461,5107
9462,7255
9463,7366
9464,8086
9465,7313
9466,
9467,7430
9468,6064
9469,7888
9470,7918
9471,7883
9472,7470
9473,7895
9474,7895
9475,7896
9476,7897
9477,7898
9478,7899
9479,8090
9480,4518
9481,5992
9482,
9483,7034
9484,7032
9485,7685
9486,8092
9487,8089
9488,
9489,
9490,
9491,
9492,7657
9493,7749
9494,7751
9495,
9496,7277
9497,7605
9498,7740
9499,7409
9500,6003
9501,8093
9502,7740
9503,6547
9504,
9505,7605
9506,
9507,7277
9508,
9509,8082
9510,
9512,
9513,
9514,7908
9515,
9516,4518
9517,8100
9518,8100
9519,
9520,5992
9521,5992
9522,
9523,2563
9524,8060
9525,8115
9526,8102
9527,8104
9528,8103
9529,8105
9530,8056
9531,7366
9532,
9533,5992
9534,7245
9535,4518
9536,5992
9537,
9538,
9539,8131
9540,8100
9541,
9543,7907
9544,
9545,7043
9547,
9548,
9549,
9550,
9551,
9552,6742
9553,8064
9554,7908
9555,3249
9556,5390
9557,7076
9558,7584
9559,
9560,
9561,5992
9562,
9563,8167
9564,7032
9565,8159
9566,8157
9567,7740
9568,8171
9569,8172
9570,8175
9571,8158
9572,8176
9573,5353
9574,5890
9575,8177
9576,7867
9577,8080
9578,7946
9579,
9580,7707
9581,8178
9582,7697
9583,7697
9584,7697
9585,6547
9587,7034
9588,8115
9589,8118
9590,7293
9591,7751
9592,7752
9593,8056
9594,8056
9595,7397
9596,
9597,8071
9598,8071
9599,8163
9600,8117
9601,8162
9602,6308
9603,8138
9609,8153
9610,4781
9614,8001
9615,7945
9616,7943
9617,5905
9618,8067
9619,
9620,5403
9621,
9622,5992
9623,2563
9624,
9625,
9626,
9627,
9628,
9629,
9630,7584
9631,356
9632,7454
9633,
9634,
9635,
9636,7584
9637,4269
9638,4269
9639,
9640,6286
9641,2922
9642,
9643,6286
9644,
9645,
9647,
9648,
9649,
9650,
9651,
9652,
9653,
9654,
9655,
9656,7573
9657,8183
9658,8057
9659,8091
9660,7952
9661,
9662,7709
9663,8130
9664,8200
9665,8198
9666,8199
9667,8167
9668,8189
9669,8196
9671,8201
9672,8187
9673,8140
9674,7895
9675,7593
9676,2919
9677,8140
9678,8181
9679,8180
9680,8179
9681,8179
9682,8185
9683,8184
9684,8182
9685,8114
9686,8092
9687,8160
9688,8127
9689,8204
9690,5107
9691,4269
9692,3992
9694,7570
9696,5880
9697,6742
9698,4519
9699,7749
9700,3249
9701,7750
9702,7756
9703,2563
9704,5591
9705,6742
9706,8174
9707,7008
9708,5390
9709,409
9710,
9711,
9712,
9713,8100
9714,
9715,5992
9716,5403
9717,8211
9718,2563
9719,
9720,
9721,
9722,7755
9723,7750
9724,7260
9725,7759
9726,7660
9727,6719
9729,7747
9730,8100
9731,7659
9732,6705
9733,8167
9734,5559
9735,
9736,
9737,
9738,
9739,4518
9740,
9741,
9742,
9743,
9744,
9745,
9746,
9747,7760
9748,5107
9749,8249
9750,8247
9751,8242
9752,8248
9753,8237
9754,8238
9755,8082
9756,8100
9757,
9758,5992
9759,8263
9760,8167
9761,8189
9762,8259
9763,8260
9764,
9765,
9766,3581
9767,5346
9768,
9769,
9770,
9771,8187
9772,7454
9773,7076
9774,3249
9775,7454
9776,5390
9777,
9778,
9779,
9780,4269
9781,6286
9782,
9783,7818
9784,5992
9785,5403
9786,5891
9787,7032
9788,8240
9789,8239
9790,8233
9791,8235
9792,8246
9793,5098
9794,8241
9795,5992
9796,
9797,
9798,
9799,
9800,
9801,
9802,
9803,3249
9804,5390
9805,7076
9806,6742
9807,
9808,6286
9809,4269
9810,
9811,5992
9812,2563
9813,8226
9814,8193
9815,8227
9816,8193
9817,8228
9818,8056
9819,8226
9820,8255
9821,8189
9822,8211
9823,8193
9824,8227
9825,5353
9826,7032
9827,5890
9828,5591
9829,8193
9830,
9831,5891
9833,7867
9834,6547
9835,8197
9836,4549
9837,7034
9838,8214
9839,8215
9840,8012
9841,8011
9842,8216
9843,7306
9844,7709
9845,8196
9846,8210
9847,8288
9848,8295
9849,8292
9850,8291
9851,8290
9852,8289
9853,7225
9854,7089
9855,7139
9856,7028
9857,8296
9858,8092
9859,8239
9860,8235
9861,5098
9862,7628
9863,6692
9864,7343
9865,8139
9866,8138
9867,8231
9868,7840
9869,7840
9870,7993
9871,8140
9872,7853
9873,8140
9874,8224
9875,8224
9876,8208
9877,8173
9878,8166
9879,8150
9880,8149
9881,7983
9882,8287
9883,8267
9884,8271
9885,7353
9886,7712
9887,7378
9888,7821
9889,7462
9890,5947
9891,4562
9892,6200
9893,6200
9894,5992
9895,8268
9896,
9897,5346
9898,
9899,
9900,
9901,
9902,
9903,8027
9904,356
9905,6286
9906,
9907,
9908,
9909,
9910,
9911,8238
9912,
9913,
9914,
9915,7573
9916,8184
9917,8182
9918,8180
9919,7884
9920,8184
9921,
9922,8331
9923,7909
9924,
9925,
9926,
9927,
9928,
9929,
9930,
9931,6742
9932,3249
9933,7584
9934,3041
9935,5390
9937,
9938,
9939,
9940,
9941,
9942,
9943,
9944,4269
9946,6286
9947,4269
9948,5880
9949,7209
9950,6286
9951,
9952,4766
9953,8330
9954,
9955,
9957,
9958,
9959,8343
9960,7076
9961,356
9962,7584
9963,
9964,
9965,
9966,
9967,5992
9968,
9969,7260
9970,
9971,
9972,8196
9973,8210
9974,8363
9975,7306
9976,4766
9977,3967
9978,8353
9979,5098
9980,5098
9981,7628
9982,7255
9983,8338
9984,5947
9985,4562
9986,8264
9987,7740
9988,8173
9989,8178
9990,8166
9991,8151
9992,8140
9993,7853
9994,8328
9995,
9996,
9997,
9998,8100
9999,
10000,8211
10001,
10002,
10003,
10004,5403
10005,
10006,
10007,6751
10008,8341
10009,4428
10010,4459
10011,7584
10012,
10013,7043
10014,
10015,7280
10016,7283
10017,
10018,7868
10019,8369
10020,8287
10021,8370
10022,8271
10023,8372
10024,8373
10025,8226
10026,8104
10027,8103
10028,8105
10029,7909
10030,7281
10032,8295
10033,8291
10034,8290
10036,8336
10037,8375
10038,7578
10039,7575
10040,7459
10041,8182
10042,8376
10043,8376
10044,8376
10045,4269
10046,6742
10047,
10048,8265
10049,8355
10050,8258
10051,6547
10052,7281
10053,7282
10054,7284
10055,
10056,
10057,
10060,8169
10061,7034
10064,7740
10065,8150
10066,7840
10067,7840
10068,8328
10069,7965
10070,8100
10071,4518
10072,
10073,
10074,
10075,
10076,327
10077,2689
10078,
10079,
10080,6176
10081,
10082,8211
10083,7660
10084,7260
10085,7343
10086,6705
10087,6272
10088,
10089,7225
10090,7089
10091,
10092,
10093,2563
10094,4518
10095,
10096,
10097,
10098,
10099,
10100,7043
10101,5992
10102,
10103,6286
10104,4269
10105,2922
10106,
10107,8413
10108,8412
10109,8411
10110,8414
10111,5891
10113,8382
10114,8380
10115,
10116,8281
10117,8336
10118,8359
10119,7909
10120,8280
10122,
10123,
10124,
10125,4518
10126,
10127,
10128,
10129,7584
10130,8326
10131,
10132,8341
10133,
10134,
10135,6286
10136,8419
10137,2687
10138,
10139,
10140,
10141,
10142,
10143,8416
10144,
10145,8392
10146,8295
10147,8421
10148,5891
10150,6910
10151,8279
10152,7089
10153,3956
10154,6368
10155,6367
10156,6315
10157,8420
10158,6547
10159,7034
10161,8390
10162,4549
10164,4549
10165,5890
10166,8424
10167,5891
10168,8196
10169,8288
10170,8289
10171,
10172,
10173,7043
10174,
10175,
10176,
10177,
10178,
10179,4518
10180,
10181,
10182,
10183,
10184,
10185,7788
10186,6755
10187,7584
10188,
10189,8268
10190,
10191,
10192,5992
10193,7921
10194,6755
10195,6755
10196,7575
10197,8377
10198,7255
10199,8338
10200,7628
10201,6117
10202,8215
10203,6062
10204,6061
10205,8430
10206,8178
10207,8392
10208,8178
10209,7840
10210,8208
10211,8436
10212,8433
10213,8178
10214,8150
10215,8149
10216,8391
10217,8428
10218,7264
10219,7245
10220,8439
10221,8441
10222,8178
10223,
10224,
10225,7427
10226,7427
10227,8380
10228,8290
10229,8211
10230,7867
10231,8435
10232,6742
10233,4269
10234,7570
10235,8300
10236,5403
10237,
10238,6692
10240,6705
10241,7754
10242,7753
10243,7751
10244,7749
10245,7750
10246,8447
10247,7657
10248,7748
10249,8387
10250,8386
10251,8387
10252,8386
10253,
10254,4518
10255,
10256,
10257,
10258,
10259,
10260,8100
10261,8472
10263,8468
10264,7798
10265,8485
10266,8486
10267,
10268,
10269,5992
10270,
10271,6272
10272,
10273,4269
10274,7209
10275,6286
10276,7209
10277,8495
10278,8506
10279,7286
10280,8457
10281,8500
10282,8482
10283,8512
10285,4518
10286,
10287,
10288,
10289,
10290,7277
10291,8532
10292,8531
10293,8115
10294,6272
10295,
10297,8529
10298,8470
10299,8485
10300,8337
10301,6286
10302,
10303,
10304,7043
10305,
10306,
10307,
10308,6742
10309,7584
10310,7779
10311,4269
10312,7412
10313,7209
10314,
10315,6272
10316,6286
10317,4557
10318,
10319,
10320,
10322,
10323,
10324,
10325,
10326,
10327,
10328,
10329,
10330,
10331,
10332,
10333,
10334,
10335,
10336,
10337,7628
10338,7255
10339,8338
10341,
10342,
10343,
10344,8100
10345,
10346,
10347,8437
10348,
10350,
10351,5874
10352,
10353,
10354,
10355,
10356,
10357,
10358,8375
10359,8581
10360,8529
10362,8543
10363,8579
10364,8654
10365,8578
10366,8577
10367,7034
10368,7660
10369,6547
10370,8485
10371,8505
10373,8363
10374,5890
10375,5891
10376,8435
10377,6701
10378,7953
10379,6702
10380,8587
10381,7747
10382,7756
10383,8576
10384,
10385,8484
10386,8540
10387,8534
10388,8589
10389,8588
10390,8178
10391,
10392,8436
10393,8328
10394,8561
10395,8565
10396,5873
10397,8564
10398,5947
10399,8539
10400,7804
10401,6200
10402,7462
10403,8256
10404,8360
10405,8361
10406,8362
10407,6821
10408,5736
10409,8536
10410,7556
10411,8211
10412,7687
10413,7277
10414,
10415,5992
10416,
10417,5992
10418,8476
10419,5992
10420,
10421,5992
10422,
10423,
10424,
10425,8100
10426,
10427,
10429,6742
10431,7136
10432,7584
10433,7008
10434,4269
10435,
10436,7575
10437,6742
10438,8586
10439,8479
10440,8474
10441,8562
10442,
10443,8615
10444,8519
10445,8542
10446,8571
10447,8574
10448,8575
10449,8603
10450,8580
10451,6731
10453,8629
10454,8620
10455,8561
10456,8602
10457,8100
10458,
10459,8605
10460,
10461,
10462,
10463,
10464,
10465,4518
10466,7136
10467,8373
10468,8636
10469,8633
10470,8634
10471,
10472,
10473,5890
10474,5891
10475,8435
10476,8614
10477,
10478,
10479,
10480,5559
10481,
10482,4907
10483,
10484,5559
10485,
10486,5353
10487,
10488,
10489,
10490,
10491,
10492,4908
10493,
10494,4518
10495,
10496,8102
10497,8102
10498,
10499,
10500,8100
10501,
10502,6272
10503,
10504,6286
10505,6278
10506,4269
10507,
10508,8422
10509,327
10510,7584
10511,4269
10512,6742
10513,5403
10514,8487
10515,7628
10516,7255
10517,8338
10518,8649
10519,8648
10520,8657
10521,8648
10522,8645
10523,8560
10524,8667
10525,8654
10526,8665
10527,8666
10528,8633
10529,8558
10530,8543
10531,8661
10532,8505
10533,8658
10534,8390
10535,4549
10536,5353
10537,7571
10538,5891
10539,5890
10540,7577
10541,8580
10542,6731
10544,8289
10545,8462
10546,7336
10547,8629
10548,
10549,8591
10550,8592
10551,
10552,
10553,
10554,
10555,5992
10556,
10557,8678
10558,8642
10559,8620
10560,8664
10561,2920
10562,4557
10563,8677
10564,6200
10565,8662
10566,8632
10567,7464
10568,8590
10569,6200
10570,8684
10571,8679
10572,
10573,7584
10574,
10575,
10576,7043
10577,6286
10578,4269
10579,
10580,
10581,
10582,4518
10583,
10584,
10585,
10586,7584
10587,6742
10588,7136
10589,8692
10590,8688
10591,
10592,8689
10593,8620
10594,6062
10595,8473
10596,8697
10597,8694
10598,8493
10599,8685
10600,8698
10601,6547
10602,8360
10603,8362
10604,8624
10605,8194
10606,7336
10607,8593
10608,
10609,8638
10610,7556
10611,
10614,
10615,8574
10616,6742
10617,8575
10618,8675
10619,8467
10620,8673
10621,8656
10622,8443
10623,7332
10624,8696
10625,7747
10626,8486
10627,4518
10628,
10629,
10630,
10631,2563
10632,
10633,
10634,
10635,8295
10636,8704
10637,6217
10638,8712
10639,8708
10640,8295
10641,
10642,
10643,
10644,
10645,4518
10646,2563
10647,8100
10648,6286
10649,
10650,
10651,4269
10652,
10653,4908
10654,6754
10655,8680
10656,
10657,8705
10658,8600
10659,8716
10660,
10661,8543
10662,8739
10663,8604
10664,4518
10665,
10666,
10667,
10668,
10669,
10670,2563
10671,8100
10672,6272
10673,8417
10674,327
10675,6742
10676,356
10677,5903
10678,
10679,
10680,7788
10681,
10682,5890
10683,8065
10684,4582
10685,8256
10686,8362
10687,6404
10688,8755
10689,3446
10690,7953
10691,8447
10692,8582
10693,8673
10694,
10695,
10696,
10697,
10698,8100
10699,
10700,
10701,
10702,6272
10703,6272
10704,7788
10705,327
10706,327
10707,7076
10708,6742
10709,8657
10710,8747
10711,8692
10712,8688
10713,4549
10714,8770
10715,8543
10716,5890
10717,8604
10718,3956
10719,6368
10720,6315
10721,8711
10723,8447
10724,6742
10725,3413
10726,8507
10727,8256
10728,8755
10729,8103
10730,8784
10731,
10732,8103
10733,8103
10734,8723
10735,5992
10736,8642
10737,5992
10738,8722
10739,8679
10740,
10741,
10742,7245
10743,8771
10744,
10745,
10746,8669
10747,8504
10748,8774
10749,
10750,
10751,
10752,8710
10753,8707
10754,8599
10755,8892
10756,8103
10757,7740
10758,7740
10759,
10760,8776
10761,8785
10762,8748
10763,8772
10764,8151
10765,8624
10766,8194
10767,8477
10768,7628
10769,7628
10770,8714
10771,8558
10772,8487
10773,5107
10774,8725
10775,8625
10776,8757
10777,8754
10778,7329
10779,8675
10780,5736
10781,5924
10782,8792
10783,8467
10784,5354
10785,8612
10788,7798
10789,8100
10790,
10791,
10792,7076
10793,356
10794,4269
10795,324
10796,6742
10797,
10798,
10799,
10800,
10801,5353
10802,8813
10803,8811
10804,8812
10805,8821
10806,8814
10807,3310
10808,8654
10809,8102
10810,8654
10811,
10812,
10813,8100
10814,8654
10815,8829
10816,8613
10817,8821
10818,7756
10819,8612
10820,
10821,
10822,
10823,
10824,
10825,
10826,
10827,
10828,
10829,3249
10830,
10831,5891
10833,8829
10834,8851
10835,8293
10836,6714
10837,6716
10838,6715
10839,6721
10840,6706
10841,8719
10842,8611
10843,5591
10844,5353
10845,8869
10846,7798
10847,
10848,
10849,2687
10850,
10851,6272
10852,4518
10853,8720
10854,
10855,8100
10856,
10857,
10859,
10860,3249
10861,7584
10862,327
10863,4907
10864,6742
10865,5403
10866,6465
10867,8898
10868,8103
10869,8103
10870,8849
10871,4518
10872,
10873,8910
10874,8908
10875,8907
10876,
10877,6368
10878,
10879,
10880,
10881,
10882,
10883,8910
10884,8908
10885,4549
10887,8939
10888,5891
10889,7798
10890,3956
10891,6368
10892,6742
10894,8898
10895,
10896,5992
10897,
10898,
10899,6715
10900,8467
10901,7574
10902,7576
10903,8909
10904,8938
10905,8937
10906,8936
10907,8935
10908,8934
10909,8654
10910,8657
10911,8943
10912,8944
10913,8828
10914,6547
10915,5890
10916,8844
10917,6707
10918,8900
10919,8642
10920,8774
10921,8105
10922,8146
10923,8925
10924,8395
10925,8856
10926,8942
10927,8942
10928,8890
10929,8882
10930,8879
10931,7416
10932,8830
10933,8830
10934,8872
10935,8875
10936,5948
10937,8901
10938,8103
10939,8105
10940,8113
10941,8146
10942,8663
10943,8663
10944,8892
10945,8642
10946,8100
10947,
10948,
10949,8530
10950,8774
10951,
10952,
10953,8952
10954,8777
10955,8895
10956,8894
10957,8893
10958,8570
10959,6715
10961,8828
10962,8740
10963,8467
10964,8930
10965,8945
10967,3310
10968,8103
10969,8654
10970,8103
10971,
10972,
10973,5975
10974,
10975,
10976,
10977,327
10978,6742
10979,8192
10980,3249
10981,4908
10982,
10983,8100
10984,8913
10985,4269
10986,6286
10987,
10988,
10989,8778
10990,8971
10991,7245
10992,8293
10993,6288
10994,6288
10995,8990
10996,4549
10997,8944
10998,8100
10999,
11000,2563
11001,2563
11002,4269
11003,4269
11004,6286
11005,
11006,7245
11007,
11008,
11009,2563
11010,
11011,8720
11012,5890
11013,7798
11014,8462
11015,9006
11016,8293
11017,9004
11018,9003
11019,9001
11020,8999
11021,8982
11022,9016
11023,3310
11024,3310
11025,3310
11026,3310
11027,3310
11028,3310
11029,9946
11030,10205
11036,9150
11050,9018
11052,4549
11053,8100
11054,
11055,
11056,7136
11057,7788
11058,4269
11059,6749
11060,356
11061,
11062,7076
11063,8978
11064,
11065,
11066,6286
11067,328
11068,
11069,4269
11070,
11071,9022
11072,8898
11073,8754
11074,8755
11075,8755
11076,8869
11077,8821
11078,8952
11079,7245
11080,8711
11081,8950
11082,8950
11083,
11084,
11085,
11086,
11087,
11088,
11089,8978
11090,324
11091,3249
11092,8976
11093,7076
11094,8100
11095,
11096,
11097,
11098,4518
11099,5474
11100,
11101,
11102,
11103,9022
11104,3432
11105,2687
11106,6176
11107,
11108,4269
11109,6286
11110,
11111,
11112,
11113,
11114,9039
11115,5992
11116,5992
11117,5992
11118,9024
11119,6742
11121,8944
11122,9045
11123,6547
11124,8105
11125,8113
11126,8679
11127,8970
11128,9044
11129,9046
11130,9048
11131,9049
11132,9050
11133,9047
11134,9051
11135,8997
11136,7223
11137,6066
11138,8877
11139,9009
11140,9007
11141,8663
11142,8977
11143,8830
11144,8996
11145,8875
11146,8994
11147,8995
11148,9033
11149,5947
11150,
11151,
11152,8999
11153,8711
11154,7798
11155,8974
11156,8930
11157,8945
11158,8927
11159,
11160,4518
11161,8100
11162,7427
11163,8100
11164,
11165,
11166,
11167,
11168,9032
11169,
11170,
11171,7574
11173,9080
11174,7576
11175,8478
11176,8654
11177,4269
11178,3992
11179,7570
11180,8929
11181,9066
11182,8926
11183,7365
11184,8439
11185,8441
11186,8838
11187,8928
11188,8891
11189,9068
11190,9069
11191,9073
11192,9074
11193,9075
11194,4518
11195,8103
11196,5992
11197,8100
11200,8755
11201,8869
11202,
11203,
11204,
11205,
11206,2563
11207,
11208,8978
11209,8192
11210,7076
11211,7584
11212,
11213,4269
11214,
11215,6286
11216,
11217,
11218,
11219,
11220,
11221,
11222,
11223,
11224,8103
11226,8642
11227,8892
11228,8395
11229,8146
11230,8900
11233,8654
11234,8934
11235,8935
11236,8936
11237,8937
11238,8938
11239,8909
11240,7574
11241,8467
11242,6715
11243,5992
11244,
11245,8898
11246,6742
11253,8642
11255,8774
11256,8925
11257,8105
11259,8100
11260,
11261,
11262,
11263,8872
11264,8898
11265,8654
11266,8945
11267,8467
11268,8740
11269,6715
11270,8894
11271,8895
11274,
11275,5948
11276,7416
11277,6707
11278,8844
11281,
11284,8901
11285,8856
11286,8103
11287,8942
11288,
11289,
11290,6286
11291,4269
11292,8913
11294,3249
11295,327
11297,
11298,
11299,
11300,8100
11301,6742
11302,8875
11306,6288
11307,6288
11308,8293
11309,8103
11310,8930
11311,8570
11312,8893
11313,8663
11314,8663
11315,8146
11316,8830
11318,
11319,8192
11320,8890
11321,4908
11322,4518
11323,8105
11324,8942
11325,
11326,
11327,
11328,6286
11329,4269
11330,4269
11331,2563
11332,6286
11335,4907
11337,8754
11342,8293
11346,8720
11347,7245
11350,8830
11352,
11355,8113
11356,8882
11357,4269
11358,328
11359,6286
11360,
11362,356
11365,7076
11371,8821
11372,8869
11373,8755
11376,8978
11382,6749
11384,8879
11385,
11386,9149
11387,7798
11388,9082
11389,9175
11390,9178
11392,9016
11393,6731
11394,9169
11395,9019
11396,9150
11397,9018
11398,
11399,8944
11400,9143
11401,8657
11402,8529
11403,9030
11406,9185
11407,9186
11416,9143
11417,
11418,
11419,
11420,8100
11421,
11422,
11423,
11424,
11425,4907
11426,
11427,6272
11428,9206
11429,9165
11430,8913
11431,8105
11432,8913
11433,9179
11435,7245
11436,2563
11437,4518
11438,9201
11439,9149
11440,
11442,5346
11443,
11444,
11445,
11446,8100
11447,
11448,
11449,
11450,
11451,4518
11452,9219
11453,9082
11454,5354
11455,2563
11456,
11457,5905
11458,6719
11459,7758
11460,8118
11461,9146
11462,8944
11463,9225
11464,7514
11465,7515
11466,7516
11467,7514
11468,7514
11469,7515
11470,8625
11471,8346
11472,9185
11473,5905
11474,9196
11475,9138
11476,9139
11477,9140
11478,9141
11479,8872
11480,9221
11481,9083
11482,9228
11483,9229
11484,9223
11485,8106
11486,8107
11487,8951
11488,8942
11489,7740
11490,8467
11491,9078
11492,9018
11493,9199
11494,9202
11495,9177
11496,9222
11497,5947
11498,8875
11499,8995
11500,8844
11501,6716
11502,6715
11503,6689
11504,7761
11505,7341
11506,7574
11507,7576
11508,8929
11509,9210
11510,4269
11511,8422
11512,3992
11513,9217
11514,9218
11515,8654
11516,6731
11518,9187
11519,9186
11520,9190
11521,7329
11522,6742
11523,9204
11524,8104
11525,8654
11526,9232
11527,9019
11529,7528
11530,
11531,
11532,6286
11533,
11534,4269
11535,8913
11536,
11537,
11538,
11539,9235
11540,9233
11541,
11542,
11543,
11544,5353
11545,
11546,4269
11547,7076
11548,4908
11549,327
11550,8978
11551,
11552,4307
11553,
11555,
11556,
11557,9169
11558,7764
11559,9243
11560,8844
11561,7341
11562,9206
11563,
11565,
11566,2563
11567,8100
11568,6272
11569,
11570,
11571,9233
11572,
11573,9178
11574,
11575,
11576,
11577,4269
11578,6286
11579,
11580,
11581,5975
11582,
11583,
11584,
11585,
11586,
11587,
11588,
11589,5353
11590,9149
11591,9198
11592,9197
11593,5591
11594,4549
11595,5891
11596,9082
11597,8629
11598,2563
11599,7427
11600,
11601,4269
11602,
11603,6286
11604,
11605,8307
11606,
11607,5975
11608,
11609,
11611,
11613,
11614,
11615,
11616,
11617,
11619,9284
11620,
11621,9269
11622,9270
11623,9272
11624,9295
11625,
11626,
11628,4518
11629,9168
11630,6286
11631,
11632,4908
11633,
11634,7076
11635,9244
11636,5992
11637,5346
11638,
11639,6272
11640,
11641,7245
11642,
11643,9313
11644,9306
11645,8708
11646,6731
11647,9303
11648,9276
11650,9323
11651,
11652,7245
11653,5992
11654,
11655,2563
11656,9101
11658,
11659,9305
11660,8467
11661,9164
11662,8913
11663,4269
11664,6286
11665,
11666,
11667,7788
11668,8978
11669,4269
11670,7008
11671,7584
11672,6646
11673,
11674,
11675,
11676,
11677,9206
11678,9370
11679,9336
11680,9335
11681,9333
11682,9332
11683,9270
11684,5890
11685,7515
11686,7516
11687,7514
11688,9164
11690,9188
11691,7522
11692,5992
11693,9198
11694,7576
11695,5992
11696,7576
11697,9286
11698,9290
11699,9188
11700,9293
11701,9315
11702,9190
11704,9323
11705,5992
11706,8346
11707,6742
11708,9314
11709,8757
11710,9204
11711,9317
11712,9331
11713,9314
11714,8104
11715,3310
11716,8654
11717,7528
11718,9019
11719,9228
11720,9228
11721,9229
11722,9229
11723,9167
11724,9167
11725,9167
11726,9167
11727,8218
11728,9311
11729,9251
11730,9244
11731,9244
11732,8942
11733,8942
11734,8107
11735,9321
11736,8100
11737,9396
11738,5098
11739,9025
11740,9041
11741,9312
11742,9318
11743,7651
11744,7651
11745,9023
11746,8654
11747,4269
11748,7570
11749,4519
11750,9261
11751,9272
11752,9320
11753,6731
11754,9186
11755,9187
11756,
11757,8978
11758,327
11759,7584
11760,4908
11761,7245
11762,8100
11763,
11764,8100
11765,
11766,
11767,8100
11768,8913
11769,4269
11770,9378
11771,9270
11772,5891
11773,9395
11774,9380
11775,9295
11776,6719
11777,8868
11778,9394
11779,7341
11780,7759
11781,9177
11782,7756
11783,9369
11784,8851
11785,8839
11786,9337
11787,9243
11788,4584
11789,9257
11790,
11791,
11792,
11793,
11794,
11796,
11797,
11798,
11799,7584
11800,4269
11801,6742
11802,7788
11803,
11804,8211
11805,
11806,6646
11807,9178
11808,4269
11809,4907
11810,5891
11811,9409
11812,
11813,9381
11814,7241
11815,9270
11816,9198
11817,9413
11818,9412
11819,
11820,4269
11821,6286
11822,
11823,8913
11824,8218
11825,7584
11826,8978
11827,6247
11828,
11829,4908
11830,
11831,
11832,
11833,9409
11834,7241
11835,6646
11836,5337
11837,3432
11838,2687
11839,
11840,8507
11841,5891
11842,
11843,9042
11844,6651
11845,8100
11846,4269
11847,
11848,
11849,
11850,
11851,
11852,
11853,
11854,
11855,
11856,8100
11857,2563
11858,
11859,
11860,
11861,
11862,
11863,5353
11864,5337
11865,8211
11866,6176
11867,
11868,
11869,5353
11870,6263
11871,
11872,9425
11873,6883
11874,9462
11875,9464
11876,356
11877,9463
11878,7584
11879,7788
11880,5561
11881,
11882,5354
11883,4269
11884,8779
11885,6286
11886,8981
11887,8913
11888,
11889,
11890,
11891,
11892,9467
11893,9277
11894,
11895,9206
11896,8629
11897,9426
11898,9439
11899,9469
11900,9042
11902,7576
11903,9000
11904,7579
11905,9467
11907,6731
11909,9270
11910,9392
11911,9462
11912,9507
11913,9243
11914,7687
11915,7687
11916,9459
11917,9314
11918,9314
11919,9204
11920,9204
11921,9440
11922,9293
11923,9281
11924,9281
11925,9427
11926,9281
11927,5992
11928,7516
11931,9188
11932,9188
11933,5992
11934,9190
11935,9190
11936,9191
11937,9191
11938,7517
11939,9454
11940,9441
11941,6742
11942,9286
11943,8194
11944,8654
11945,9167
11946,9415
11947,7818
11948,9417
11949,9311
11950,9448
11951,9334
11952,9447
11953,9257
11954,9228
11955,9229
11956,9403
11957,9429
11958,9164
11959,9035
11960,9035
11961,9164
11962,9035
11963,9406
11964,
11965,
11966,9401
11967,
11968,
11969,9401
11970,
11971,4071
11972,
11973,7740
11974,
11975,7740
11976,
11977,4908
11978,
11979,9282
11980,9282
11981,9280
11982,9417
11983,9421
11984,9502
11985,9508
11986,9396
11987,8868
11988,8784
11989,9508
11990,9509
11991,9509
11992,9421
11993,9218
11994,7570
11995,9083
11996,7570
11997,4269
11998,9103
11999,4269
12000,9088
12001,9086
12002,4519
12003,9402
12004,9416
12005,5880
12006,9222
12007,3413
12010,9511
12011,9512
12012,9512
12013,9513
12014,9456
12015,
12016,
12017,9373
12018,8104
12019,3310
12020,9019
12021,7628
12022,9379
12023,9441
12024,7740
12025,8755
12026,9523
12027,9521
12028,9323
12029,7277
12030,9323
12031,5353
12032,9515
12033,9443
12034,9190
12035,9190
12036,9522
12037,
12038,
12039,
12040,7076
12041,9307
12042,7584
12043,
12044,2148
12045,
12046,9507
12047,5591
12048,9426
12049,1786
12050,9518
12051,9519
12052,8417
12053,
12054,9426
12055,
12056,8912
12057,
12058,
12059,
12060,9460
12061,
12062,
12063,8346
12064,4269
12065,
12066,
12067,327
12068,
12069,
12070,
12071,
12072,
12073,
12074,
12076,
12077,5992
12078,327
12079,8981
12080,328
12081,9549
12082,
12083,6286
12084,
12085,4269
12086,
12087,986
12088,9550
12089,7584
12090,
12091,
12092,8346
12093,
12094,9541
12095,9301
12096,9521
12097,7752
12098,9173
12099,6716
12100,7584
12102,
12103,8978
12104,6286
12105,4269
12106,7788
12107,
12108,8507
12109,
12110,8826
12111,
12112,5353
12113,9323
12114,
12115,
12116,
12117,
12118,9571
12119,9516
12120,9439
12121,8654
12122,7528
12123,9019
12124,7763
12125,8629
12126,9000
12127,
12128,
12129,
12130,9164
12131,
12132,9244
12133,7076
12134,7584
12135,8978
12136,4908
12137,8100
12138,
12139,9168
12140,
12141,
12142,
12143,5403
12144,
12145,4269
12146,
12147,
12148,6286
12149,
12150,2563
12151,
12152,324
12153,
12154,
12155,8100
12156,9262
12157,7763
12158,6742
12159,9204
12160,8362
12161,8754
12162,9314
12163,9458
12164,9566
12165,9458
12166,9458
12167,
12168,
12169,
12170,5992
12171,5992
12172,
12173,9524
12174,7517
12175,
12176,7517
12177,7517
12178,7519
12179,7519
12180,7520
12181,7520
12182,7518
12183,7518
12184,9424
12185,7765
12186,8840
12187,8841
12188,8843
12189,9429
12190,9429
12191,9393
12192,9431
12193,9433
12194,9433
12195,9035
12196,9406
12197,9406
12198,9036
12199,9088
12200,9086
12201,9086
12202,9084
12203,9084
12204,9103
12205,9586
12206,9586
12207,9586
12208,9585
12209,9585
12210,9502
12211,9164
12212,9509
12213,9510
12214,9509
12215,9510
12216,9510
12217,9512
12218,9512
12219,9513
12220,9513
12221,9513
12222,7740
12223,9025
12224,6200
12225,9222
12226,6200
12227,8913
12228,
12229,9576
12230,4908
12231,9293
12232,
12233,8779
12234,8194
12235,8654
12237,9348
12238,7570
12239,5880
12240,9523
12241,9579
12242,9444
12243,9446
12244,9445
12245,6176
12246,9270
12247,9564
12248,9189
12249,9189
12250,
12251,8100
12252,
12253,
12254,
12255,6636
12256,5353
12257,
12258,7245
12259,9595
12260,9596
12261,8346
12262,9462
12263,9416
12264,9621
12265,
12266,7752
12267,7751
12268,
12269,
12270,
12271,2563
12272,
12273,
12274,
12275,
12276,5992
12277,9630
12278,
12279,2774
12280,9635
12281,9868
12282,9622
12283,9587
12284,
12285,9324
12286,6465
12287,8898
12288,
12289,
12290,
12291,
12292,
12293,
12294,8100
12295,
12296,
12297,
12298,6646
12299,2687
12300,
12301,
12302,9314
12303,8529
12305,9870
12306,9625
12307,9877
12308,9876
12309,9875
12310,9872
12311,9087
12312,9871
12313,8061
12314,9087
12315,9087
12316,9529
12317,9430
12318,9429
12319,9429
12320,9431
12321,9406
12322,9588
12323,9036
12324,9588
12325,9501
12326,7740
12327,6200
12328,7740
12329,6200
12330,
12331,9404
12332,9499
12333,9510
12334,9513
12335,9497
12336,9529
12337,9404
12338,4907
12339,9246
12340,9247
12341,
12342,
12343,
12345,
12346,
12347,9892
12348,
12349,
12350,4269
12351,
12352,
12353,
12354,9277
12355,
12356,2774
12357,
12358,4518
12359,
12360,
12361,5891
12362,7518
12363,
12364,7518
12365,7798
12366,9206
12367,9895
12368,9879
12369,7518
12371,7518
12372,7518
12373,7518
12374,9524
12376,6731
12377,9000
12378,9636
12379,9272
12380,5992
12381,9912
12382,6176
12383,9869
12384,9866
12385,9459
12387,9903
12388,8942
12389,8964
12390,9890
12391,9204
12392,6742
12393,9257
12394,9906
12395,9622
12396,9045
12397,9045
12398,7757
12399,9578
12400,6697
12401,
12402,5992
12403,9908
12404,9164
12405,8346
12406,9905
12407,9904
12408,9911
12409,9907
12410,9912
12411,
12412,
12413,4518
12415,
12416,
12417,9340
12418,4908
12419,9913
12420,9896
12421,
12422,8978
12423,9458
12424,9458
12425,
12427,6547
12428,
12429,5992
12430,
12431,
12432,9262
12433,9622
12434,9932
12435,9931
12436,9933
12437,8163
12438,9579
12439,5992
12440,9915
12441,9945
12442,
12443,4518
12444,
12445,
12446,
12447,
12448,
12449,9950
12450,9954
12451,7740
12452,9949
12453,
12454,5992
12455,
12456,
12457,
12458,
12459,
12460,
12461,8720
12462,
12464,9925
12465,9976
12466,8100
12467,5992
12468,
12469,9977
12470,9943
12471,9523
12472,7740
12473,7528
12474,9946
12475,9977
12476,7740
12477,
12478,
12479,
12480,1751
12481,
12482,
12483,
12484,
12485,8750
12486,
12487,
12488,
12489,
12490,
12491,5346
12492,
12493,
12494,8100
12495,
12496,9963
12497,9262
12498,9272
12499,9915
12500,9636
12501,6731
12502,9977
12503,9982
12504,9912
12505,9912
12506,9981
12507,10025
12508,9946
12509,9992
12510,9990
12511,6176
12512,3609
12513,6742
12514,9204
12515,10026
12516,9944
12518,10031
12519,9936
12520,9939
12521,6368
12522,9616
12523,9617
12524,9938
12525,9937
12526,
12527,
12528,
12529,
12530,
12531,
12532,
12533,
12534,2774
12535,6749
12536,9532
12537,
12538,10010
12539,10003
12540,10012
12541,
12542,
12543,7341
12544,10044
12545,9439
12546,
12547,7740
12548,
12549,9921
12550,
12551,2563
12552,
12553,
12554,4518
12555,7750
12556,9439
12557,10050
12558,9314
12559,7518
12560,5992
12561,7518
12562,5992
12563,
12564,5992
12565,
12566,
12567,
12568,9456
12569,
12570,7518
12571,5992
12572,5992
12573,8964
12574,6697
12575,5992
12576,10052
12577,9458
12578,
12579,
12580,
12581,7245
12582,
12583,
12584,
12585,
12586,
12587,9551
12588,10073
12589,10056
12590,10059
12591,10069
12592,10007
12593,7576
12594,7740
12595,9977
12596,10045
12597,9107
12598,9483
12599,9035
12600,9036
12601,9404
12602,9925
12603,10082
12604,10080
12606,10077
12607,10076
12608,10075
12609,10066
12610,10068
12611,10065
12612,9389
12613,9387
12614,9387
12615,9588
12616,9588
12617,9588
12618,9921
12619,10083
12620,9922
12621,9035
12622,10071
12623,9960
12624,9860
12625,9279
12626,9046
12627,9883
12628,9929
12629,9917
12630,10074
12631,9949
12632,10049
12633,10040
12634,4269
12635,7570
12636,10007
12637,2922
12638,10084
12639,10085
12640,9985
12641,9986
12642,9987
12643,9988
12644,10088
12645,10094
12646,10089
12647,8587
12648,10075
12649,9324
12650,10094
12651,
12652,10047
12653,3310
12654,
12655,
12656,
12657,
12658,
12659,
12660,
12662,10104
12663,9996
12664,
12665,10110
12666,10069
12667,
12668,
12669,
12670,
12671,5346
12672,
12673,
12674,
12675,4269
12676,8913
12677,
12678,
12679,7076
12680,
12681,356
12682,
12683,10098
12684,9913
12685,10124
12686,
12687,9383
12688,324
12689,
12690,6176
12691,
12692,
12693,6368
12694,8293
12695,10117
12696,10113
12697,10112
12698,10116
12699,10114
12700,10095
12701,10172
12702,
12703,9551
12705,10189
12706,10187
12707,
12708,
12709,
12710,
12711,4269
12712,10098
12713,10124
12714,4518
12715,7788
12716,
12717,8346
12718,4269
12719,
12720,2929
12721,
12722,
12723,356
12724,5975
12725,
12726,
12727,8417
12728,
12729,10187
12730,10189
12731,
12732,3956
12733,9944
12734,
12735,
12736,
12737,2563
12738,5474
12739,
12740,9551
12741,
12742,
12743,
12744,
12745,
12746,
12747,
12748,
12749,
12750,
12751,
12752,
12753,
12754,
12755,
12756,
12757,
12758,
12759,5992
12760,5992
12761,10069
12762,10185
12763,10186
12764,10037
12765,9324
12766,10094
12767,10094
12768,6742
12769,8256
12770,3446
12771,9204
12772,9243
12773,9324
12774,10094
12775,5992
12776,7245
12777,
12778,10204
12779,10199
12780,9279
12781,9279
12782,7740
12783,9279
12784,9049
12785,7740
12786,9318
12787,8913
12788,10171
12789,10121
12790,10119
12791,10201
12792,10170
12793,3310
12794,9433
12795,10012
12796,10003
12797,10072
12798,10072
12799,9045
12800,10047
12801,7528
12802,9588
12803,10045
12804,9086
12805,8913
12806,7740
12807,10198
12808,10203
12809,9944
12810,10189
12811,9459
12812,9203
12813,10202
12814,9389
12815,9387
12816,9049
12817,10193
12818,9270
12819,9988
12820,10107
12821,9912
12822,10077
12824,5532
12825,9499
12827,9492
12828,9472
12829,9475
12830,9474
12831,9996
12832,10001
12833,10009
12834,10213
12835,
12836,2774
12837,7245
12838,9456
12839,
12840,
12841,
12842,
12843,9458
12844,
12845,9458
12846,
12847,5992
12848,
12849,10041
12850,7008
12851,10180
12852,8346
12853,10209
12854,10056
12855,5354
12856,10107
12857,10225
12858,10077
12859,10076
12860,6681
12861,2148
12862,9520
12863,10054
12864,9457
12865,
12866,2148
12867,2148
12868,
12869,9944
12870,5874
12871,10203
12872,10187
12873,
12874,
12875,
12876,7245
12877,
12878,10203
12879,10187
12880,10253
12881,7341
12882,10162
12883,10195
12884,10182
12885,10117
12886,9936
12888,10243
12889,10232
12890,10105
12891,8700
12892,6742
12893,
12894,8529
12895,10167
12896,10076
12897,10077
12899,
12900,10187
12901,
12902,8293
12903,
12904,
12905,
12906,
12907,
12908,
12909,
12910,
12911,
12912,
12913,10262
12914,10069
12915,10260
12916,10261
12917,4518
12918,
12919,9001
12920,9972
12921,9939
12922,9938
12923,9937
12924,9045
12926,7570
12927,8566
12928,4269
12929,4908
12930,10168
12931,10007
12932,7576
12933,7579
12934,10093
12935,9964
12936,10170
12937,10191
12938,10083
12939,10062
12940,9573
13017,9045
13018,10084
13019,10085
13020,9544
13021,10284
13022,
13023,2687
13024,
13025,
13026,
13027,
13028,
13029,
13030,4519
13031,10287
13032,10263
13033,2687
13034,6286
13035,
13036,10188
13037,
13038,9043
13039,10194
13040,10265
13041,10296
13042,9544
13043,9246
13044,9527
13045,9247
13046,6547
13047,7579
13048,5992
13049,
13050,
13051,10286
13052,10305
13053,10304
13054,10285
13055,10279
13056,327
13057,7076
13058,324
13059,10311
13060,
13061,
13062,
13063,
13064,
13065,
13066,4269
13067,
13068,
13069,
13070,
13071,
13072,10264
13073,8319
13074,8319
13075,9458
13076,
13077,
13078,6547
13079,10367
13080,
13081,
13082,
13083,
13084,
13085,7245
13086,
13088,
13089,
13090,
13091,4269
13092,9468
13093,
13094,6286
13095,8913
13096,2774
13097,9082
13098,9515
13099,
13100,
13101,2687
13102,
13103,
13104,5992
13105,10286
13106,10380
13107,10241
13108,10242
13109,10243
13110,
13111,
13112,
13113,7277
13114,10389
13115,9324
13116,10366
13117,10046
13118,10390
13119,9456
13120,10094
13121,9960
13122,10094
13123,9616
13124,9617
13125,3609
13126,
13128,10037
13129,6742
13130,10381
13131,10026
13132,10378
13133,9242
13134,9564
13135,9049
13136,10069
13137,9912
13138,9047
13139,10370
13140,10368
13141,10391
13142,10105
13143,9432
13144,10076
13145,8580
13146,10302
13147,10077
13148,9529
13149,9937
13150,10369
13151,10314
13152,9588
13153,9089
13154,9119
13155,9134
13156,9134
13157,10046
13158,9594
13159,10263
13160,9203
13161,9387
13162,9384
13163,9388
13164,10015
13165,10016
13166,10017
13167,10018
13168,10020
13169,9472
13170,9473
13171,10308
13172,9475
13173,9474
13174,6496
13175,
13176,10382
13177,9045
13178,9456
13179,
13180,
13181,
13183,10397
13184,10260
13185,10188
13186,10386
13187,
13188,
13189,
13190,
13191,
13192,
13193,
13194,
13195,
13196,
13197,
13198,
13199,
13200,
13201,
13202,8913
13203,
13204,
13205,4269
13206,6286
13207,
13208,
13209,5992
13210,4269
13211,
13212,8566
13213,
13214,7245
13215,10363
13216,
13218,10383
13219,
13220,10094
13221,10284
13222,9458
13223,10384
13224,10322
13225,10403
13226,10327
13227,10402
13228,7570
13229,10324
13230,10379
13231,4519
13232,10399
13233,10242
13234,10404
13235,10411
13236,10399
13237,
13238,
13239,10407
13240,9580
13241,10061
13242,10412
13243,10412
13245,7245
13246,3310
13247,10223
13248,10415
13255,10425
13256,10426
13257,10409
13258,10367
13259,10076
13260,10232
13261,10408
13262,6547
13263,10420
13264,10421
13265,7752
13266,5559
13267,
13268,
13269,5992
13270,
13271,
13272,
13273,
13274,
13275,
13276,
13277,7245
13278,8100
13279,10433
13280,10069
13281,10439
13282,10291
13283,10400
13284,
13285,4518
13286,
13288,10442
13289,
13290,10435
13291,10434
13292,10422
13293,10436
13294,10437
13295,10438
13296,10445
13297,10425
13298,
13299,
13300,
13301,
13302,7245
13303,
13304,
13305,
13306,10447
13307,
13308,2687
13309,
13310,
13311,
13312,10389
13313,
13314,5992
13315,9925
13316,10476
13317,10410
13318,6697
13319,10477
13320,7245
13321,
13322,
13323,
13324,
13325,
13326,
13327,
13328,
13329,10447
13330,
13331,10467
13332,5346
13333,
13334,
13335,9383
13336,7076
13337,
13338,10478
13339,10459
13340,10444
13341,10455
13342,10391
13343,
13344,10378
13345,
13346,10370
13347,8100
13348,10447
13349,
13350,
13351,
13352,8100
13353,10023
13354,4269
13355,
13356,8913
13357,6286
13358,9383
13359,7788
13360,324
13361,10467
13362,7584
13363,10317
13364,5992
13365,
13366,
13367,8100
13368,
13369,6547
13370,10105
13371,10378
13372,10168
13373,10424
13374,10477
13375,9442
13376,10476
13377,7579
13378,10384
13379,10532
13380,7245
13381,10426
13382,
13383,10223
13384,10223
13385,9946
13386,10047
13387,3310
13388,9573
13389,
13390,
13391,
13392,10537
13393,10539
13394,
13395,8100
13396,10345
13397,10348
13398,10341
13399,10343
13400,10344
13401,9388
13402,9384
13403,9385
13404,10512
13405,9988
13406,10536
13407,9279
13408,10538
13409,9588
13410,9588
13411,10021
13412,10302
13413,9529
13414,10443
13415,9934
13416,
13417,10542
13418,9935
13419,
13420,5992
13421,10545
13422,10232
13423,10450
13424,10408
13425,
13426,
13427,
13428,
13429,327
13430,356
13431,5319
13432,4908
13433,
13434,2563
13435,
13436,10563
13437,10478
13439,9985
13440,5992
13441,6742
13442,9243
13443,8319
13444,10541
13445,10541
13446,9243
13447,9324
13448,10444
13449,4269
13450,10578
13451,7570
13452,4908
13453,10415
13454,10461
13455,10284
13456,9527
13457,10093
13458,9246
13459,7245
13460,10105
13461,7814
13462,
13463,10420
13464,10519
13465,
13466,
13467,4269
13468,
13469,
13470,6286
13471,8913
13472,10023
13473,2371
13474,3581
13475,
13476,
13477,
13478,
13479,3609
13480,10384
13481,10519
13482,10459
13483,10576
13484,10507
13485,10576
13486,10573
13487,10576
13488,10412
13489,
13490,
13491,
13492,10623
13493,10617
13494,10625
13495,10626
13496,10616
13497,
13498,
13499,5992
13500,324
13501,324
13502,10098
13503,10512
13504,7584
13505,4908
13506,
13507,4269
13508,3581
13509,
13510,
13511,6286
13512,
13513,5992
13514,
13515,
13516,
13517,
13518,
13519,
13520,2687
13521,
13522,
13523,
13524,
13525,9262
13526,
13527,10640
13528,10370
13529,10232
13530,10535
13531,10534
13532,
13533,5992
13534,
13535,3581
13536,
13537,
13538,
13539,10665
13540,10648
13541,10647
13542,10646
13543,10645
13544,10644
13545,10659
13546,10658
13547,
13548,
13549,10547
13550,
13551,
13552,
13553,9915
13554,
13555,2687
13556,
13557,
13558,
13559,
13560,327
13561,10653
13562,356
13563,10635
13564,10124
13565,10458
13566,10460
13567,10648
13568,10457
13569,10647
13570,10646
13571,10645
13572,10644
13573,10678
13574,10676
13575,10674
13576,10047
13577,9935
13578,9934
13579,9458
13580,10589
13581,5992
13582,10589
13583,
13585,10629
13586,
13587,6754
13588,10577
13589,9946
13590,6547
13592,10408
13593,10105
13594,10450
13595,10679
13596,10345
13597,10223
13598,10348
13599,10341
13600,10341
13601,10343
13602,10343
13603,10679
13604,9126
13605,10046
13606,10317
13607,9123
13608,9124
13609,
13610,10651
13611,10661
13612,10650
13613,10660
13614,9923
13615,10662
13616,10680
13617,9527
13618,9246
13619,10668
13620,9385
13621,10671
13622,9544
13623,9121
13624,9125
13625,4908
13626,9127
13627,4269
13628,10560
13629,3310
13630,10443
13631,10637
13632,10327
13633,10459
13634,10284
13635,6742
13636,10611
13637,10605
13638,10325
13639,3609
13640,9529
13641,10317
13642,
13643,10473
13644,9588
13645,10675
13646,10580
13647,10631
13648,7570
13649,10578
13650,10589
13651,10683
13652,10684
13653,10476
13654,10685
13655,
13656,10547
13657,
13658,
13659,9934
13660,10693
13661,10693
13662,10629
13663,10384
13664,10610
13665,10694
13666,10205
13667,10673
13668,10673
13669,10572
13670,10378
13671,10696
13672,
13673,2577
13674,10698
13675,
13676,10547
13677,
13678,
13679,10521
13680,10633
13681,10178
13682,10098
13683,6547
13684,10678
13685,
13686,
13687,
13688,10703
13689,10691
13690,10692
13691,10643
13692,10706
13693,10723
13694,10459
13695,10576
13696,10619
13697,8108
13698,8108
13699,8108
13700,10725
13701,10724
13702,10704
13703,10378
13704,
13705,
13706,
13707,10673
13708,10730
13709,
13710,10547
13711,
13712,
13713,
13714,10726
13715,10467
13716,10633
13717,
13718,10633
13719,10615
13720,10733
13721,10673
13722,10734
13723,10732
13724,
13725,
13726,10682
13727,10659
13729,10665
13730,
13731,10695
13732,10693
13733,10576
13734,10695
13735,10694
13736,10703
13737,10736
13738,10053
13739,5992
13740,
13741,4269
13742,4908
13743,10578
13744,4918
13745,10738
13746,9324
13747,10342
13748,10473
13749,10347
13750,10346
13751,10739
13752,10349
13753,9108
13754,9109
13755,10740
13756,10471
13757,10470
13758,9119
13759,10694
13760,10685
13761,9116
13762,9115
13763,10610
13764,9114
13765,10311
13766,9110
13767,3609
13768,5992
13769,10325
13770,10284
13771,10741
13772,9385
13773,9384
13775,10322
13776,9246
13777,10742
13778,9529
13779,
13780,10673
13781,8195
13782,10673
13783,
13784,10548
13785,10548
13786,
13788,10317
13790,9050
13791,
13792,9090
13793,9132
13794,9135
13795,9135
13796,8467
13797,
13798,10633
13799,10520
13800,
13801,
13802,
13803,
13804,
13805,
13806,10547
13807,
13808,6286
13809,8913
13810,
13811,10737
13812,10737
13813,10738
13814,10683
13815,10684
13816,9324
13817,10470
13818,10471
13819,10629
13820,9324
13821,3310
13822,10744
13823,10680
13824,7528
13825,10445
13826,10047
13827,10223
13828,3310
13829,8782
13830,
13831,10447
13832,
13833,10223
13834,8964
13835,10749
13837,10747
13838,10378
13839,6547
13840,
13841,
13842,9458
13843,
13844,
13845,10756
13846,10694
13847,
13848,10753
13849,10815
13850,10815
13851,9324
13852,10583
13853,10695
13854,
13855,
13856,5992
13858,10544
13859,10698
13860,5992
13861,10611
13862,9335
13863,10408
13864,10817
13866,10450
13867,10653
13868,10633
13869,4908
13870,7081
13871,10631
13872,
13873,
13874,
13875,9522
13876,10749
13877,7603
13878,10450
13879,6547
13880,10747
13881,7570
13882,
13883,10689
13884,
13885,
13886,10823
13887,10684
13888,10052
13889,10749
13890,
13891,7245
13892,5992
13893,10543
13894,9050
13895,9125
13896,
13897,
13898,
13899,10817
13900,9506
13901,10694
13902,10619
13903,10758
13904,10730
13905,8964
13906,7245
13907,10583
13908,
13909,10287
13910,10467
13911,10521
13912,10827
13913,
13914,6286
13915,4269
13916,
13917,
13918,8913
13919,
13920,10827
13921,10823
13922,10831
13923,9324
13924,10583
13925,5992
13926,7603
13927,898
13928,9135
13929,9384
13930,10065
13931,
13932,
13933,
13934,9456
13935,8195
13936,
13937,10351
13938,10350
13939,10353
13940,10353
13941,10352
13942,
13943,9131
13944,9324
13945,9133
13946,10830
13947,8782
13948,10832
13949,10834
13950,10833
13951,9050
13952,
13953,9115
13954,9114
13955,8467
13956,9091
13957,9130
13958,9118
13959,
13960,7603
13961,10736
13962,10835
13963,10836
13964,10837
13965,10839
13966,7759
13967,9173
13968,10544
13969,10698
13970,10673
13971,
13972,10520
13973,10840
13976,
13977,
13978,
13979,10673
13980,5992
13981,10841
13982,10842
13983,10450
13984,10843
13985,10844
13986,
13987,
13988,
13989,
13990,9913
13991,8417
13992,324
13993,9913
13994,6286
13995,
13996,8913
13997,8913
13998,
13999,4269
14000,
14001,8100
14002,324
14003,10825
14004,10479
14005,10849
14006,4908
14007,4269
14008,10378
14009,
14010,
14011,10817
14012,3609
14013,10311
14014,10610
14015,10610
14016,9127
14017,9121
14018,10847
14019,10543
14020,10065
14021,10673
14022,10853
14023,10583
14024,10629
14025,9324
14026,10738
14027,10758
14028,10756
14029,9060
14030,10695
14031,10758
14032,10694
14033,10742
14034,10857
14035,10322
14036,10284
14037,
14039,
14040,
14041,10744
14042,10223
14043,9304
14044,10863
14045,9946
14046,10205
14047,10047
14048,10825
14049,3310
14050,9946
14051,10747
14052,
14053,
14054,
14055,
14056,
14057,
14058,9504
14059,324
14060,324
14061,324
14062,324
14063,10860
14064,10861
14065,10870
14066,10871
14067,10872
14068,10232
14069,7759
14070,10866
14071,
14072,8109
14073,10883
14074,
14075,4908
14076,
14077,
14078,4269
14079,
14080,6286
14081,10870
14082,10871
14083,10817
14084,10521
14085,10880
14086,10878
14087,10054
14088,10886
14089,9563
14090,10887
14091,9522
14092,10747
14093,4907
14095,
14096,10894
14097,10054
14098,
14099,5992
14100,9506
14101,10883
14102,10471
14103,10696
14104,10899
14105,10898
14106,10548
14107,10521
14108,10895
14109,9546
14110,9546
14111,10521
14112,10548
14113,10548
14114,10521
14115,8108
14116,10903
14117,4269
14118,
14119,
14120,4269
14121,
14122,
14123,
14124,
14125,10521
14126,324
14127,324
14128,8192
14129,10520
14130,10906
14131,
14132,
14133,10888
14134,10888
14135,10889
14136,10897
14137,10897
14138,10907
14139,7759
14140,10641
14141,8192
14142,9383
14143,4908
14144,
14145,
14146,
14147,
14148,
14149,
14150,
14151,4269
14152,324
14153,
14154,
14155,
14156,10899
14157,10872
14158,10914
14159,10912
14160,10880
14161,10878
14162,10849
14163,9616
14164,10913
14166,10844
14167,10378
14168,10522
14169,10844
14170,10854
14171,10916
14172,10917
14173,10885
14174,10918
14175,10902
14176,1646
14177,10787
14178,9091
14179,9130
14180,9131
14181,9133
14182,9129
14183,9384
14184,10352
14185,10353
14186,8919
14188,9324
14189,10919
14190,10920
14191,10921
14192,10583
14193,9509
14194,3609
14195,10270
14196,10311
14197,9324
14198,5957
14199,10922
14200,10742
14201,3310
14202,9324
14203,3310
14204,10923
14205,10583
14206,10744
14207,10924
14208,10866
14209,9946
14210,10302
14211,10301
14212,10860
14213,10910
14214,10641
14215,10823
14216,10885
14217,8643
14218,10885
14219,
14220,10928
14221,10929
14222,10928
14223,10885
14224,10932
14225,9173
14226,10888
14227,5992
14228,
14229,5992
14230,10828
14231,
14232,
14233,327
14234,
14235,
14236,
14237,10849
14238,
14239,
14240,5992
14241,
14242,2563
14243,
14244,9913
14245,10520
14246,8192
14247,9383
14248,10245
14249,10872
14250,10914
14251,9522
14252,10368
14253,2287
14254,9457
14255,6681
14257,10909
14258,
14259,10520
14260,10094
14261,10094
14262,10094
14263,10865
14264,8106
14265,
14266,10951
14267,5992
14268,10937
14269,10940
14270,10942
14271,10936
14272,10301
14273,10934
14274,
14275,5992
14276,
14277,
14278,4269
14279,
14280,10301
14281,4908
14282,10521
14283,10896
14284,10955
14285,10849
14286,
14287,10475
14288,10941
14289,10910
14290,9627
14291,10964
14292,10956
14293,10899
14294,10966
14295,10954
14296,2563
14297,5992
14298,
14299,
14300,
14301,4908
14302,10512
14303,10727
14304,10635
14305,10287
14306,9551
14307,10520
14308,
14309,10023
14310,
14311,
14312,6272
14313,
14314,
14315,
14316,10973
14317,
14318,10888
14319,
14320,5992
14321,
14322,7576
14323,10953
14324,7656
14325,
14326,11003
14327,11004
14328,11010
14329,
14330,
14331,
14332,2563
14333,
14334,
14335,
14336,
14338,11000
14339,10633
14340,10520
14341,10727
14342,3985
14343,
14344,
14345,
14346,
14347,10479
14348,11011
14349,11013
14350,11009
14351,11006
14352,11005
14353,11008
14354,11022
14355,11022
14356,10524
14357,10954
14358,9546
14359,10726
14360,10467
14361,10959
14362,3985
14363,11024
14364,
14365,11022
14366,9616
14367,11026
14368,11032
14369,3609
14370,10865
14371,10864
14372,10916
14373,9449
14374,10311
14375,10603
14376,11020
14377,10598
14378,10601
14379,10593
14380,10980
14381,10602
14382,10974
14383,10982
14384,10982
14385,10983
14386,11035
14387,10998
14388,10999
14389,10988
14390,10984
14391,10917
14392,10986
14393,11035
14394,11035
14395,10986
14396,10985
14397,10842
14398,10953
14399,10521
14400,9546
14403,10983
14404,10984
14405,10985
14406,8106
14407,8106
14408,8106
14409,8106
14410,8106
14411,11034
14412,865
14413,9091
14414,10614
14415,10614
14416,10962
14417,9105
14418,8919
14419,11041
14420,10947
14421,1646
14422,10324
14423,10857
14424,10270
14425,10270
14426,10284
14427,8358
14428,8358
14429,11050
14430,11021
14431,11051
14432,10923
14433,10924
14434,10857
14435,10270
14436,10828
14437,10918
14438,11017
14439,11016
14440,11033
14441,11033
14442,11021
14443,10486
14444,2563
14445,
14446,
14447,
14448,
14449,11021
14450,7656
14451,7759
14452,7509
14453,11021
14454,11044
14455,10889
14456,11046
14457,10828
14458,1646
14459,1646
14460,1646
14461,10897
14462,5992
14463,
14464,5992
14465,
14466,4459
14467,1646
14468,11047
14469,11048
14470,11045
14471,11043
14472,5891
14473,
14474,11036
14475,11037
14476,10633
14477,
14478,9246
14479,10894
14480,11052
14481,11053
14482,10631
14483,10885
14484,10928
14485,10929
14486,10932
14487,11054
14488,9616
14489,
14490,10244
14491,
14492,10708
14493,5992
14494,
14495,11062
14496,11064
14497,10889
14498,11061
14499,8100
14500,11063
14501,11043
14502,9143
14503,
14504,
14505,
14506,
14507,
14508,327
14509,7076
14510,2563
14511,11055
14512,11021
14513,10954
14514,11035
14515,
14516,11093
14517,10894
14518,9143
14519,
14520,
14521,
14522,8100
14523,5992
14524,
14525,
14526,
14527,4908
14528,10521
14529,10186
14530,
14531,
14532,11098
14533,11063
14534,11107
14535,11066
14537,11115
14538,10056
14539,9143
14540,11174
14541,11122
14542,11079
14543,11079
14544,11114
14545,
14546,11086
14547,11094
14548,10641
14549,7759
14550,8964
14551,11058
14552,6288
14553,11087
14554,
14555,
14556,
14557,10244
14558,10244
14559,10615
14560,10245
14561,4908
14562,
14563,
14564,6286
14566,
14567,
14568,9468
14569,
14570,
14571,
14572,8913
14573,
14574,10894
14575,
14576,2687
14577,
14578,
14579,
14580,6547
14581,11063
14582,9143
14583,11079
14584,11114
14585,8779
14586,
14587,
14588,8108
14589,8106
14590,8106
14591,8106
14592,10998
14593,10981
14594,10842
14595,10852
14596,10843
14597,10843
14598,10844
14599,10984
14600,10983
14601,10985
14602,10985
14603,10988
14604,
14605,
14606,
14607,
14608,
14609,11098
14610,7245
14611,
14612,10272
14613,10857
14614,10857
14615,10324
14616,11053
14617,10325
14618,10857
14619,10322
14620,11053
14621,10894
14623,11053
14624,11107
14625,11114
14626,11053
14627,11053
14628,
14629,11123
14630,11026
14631,9869
14632,11115
14633,10245
14634,10615
14635,8417
14636,4908
14637,11092
14638,10244
14639,
14640,
14641,2687
14642,8750
14643,10311
14644,11035
14645,3609
14646,10618
14647,10865
14648,9243
14649,10864
14650,11147
14651,11147
14652,9110
14653,9110
14654,11131
14655,9110
14656,11131
14657,11130
14658,11130
14659,11132
14660,1646
14661,11090
14662,8108
14663,1646
14664,
14665,11134
14666,9051
14667,9430
14668,11085
14669,11075
14670,10302
14671,11069
14672,11135
14673,9588
14674,
14675,
14676,
14677,11154
14678,7585
14679,11124
14680,11116
14681,11125
14682,11126
14683,11148
14684,11107
14685,11107
14686,
14687,
14688,10727
14689,7076
14690,
14691,2563
14692,2563
14693,3486
14694,5992
14695,11163
14696,11163
14697,
14698,11177
14699,
14700,10244
14701,10245
14702,10521
14703,10287
14704,11092
14705,
14706,
14707,
14708,11035
14709,11095
14710,3609
14711,10311
14712,11035
14713,11035
14714,11035
14715,11191
14716,10916
14717,11148
14718,11150
14719,5890
14720,11197
14721,11197
14722,11198
14723,11198
14724,11198
14725,10929
14726,5891
14727,11123
14728,10633
14729,11154
14730,11173
14731,11172
14732,11171
14733,11170
14734,11169
14735,9173
14736,898
14737,11123
14738,11211
14739,11201
14740,10928
14741,10928
14742,10885
14743,10885
14744,4908
14745,10521
14746,4908
14747,10521
14748,10521
14749,10521
14750,
14751,
14752,
14753,
14754,10244
14755,5992
14756,7245
14757,8100
14758,7245
14759,10547
14760,11214
14761,11155
14762,8417
14763,10521
14764,4269
14765,
14766,
14767,8913
14768,
14769,
14770,
14771,
14772,
14773,11217
14774,9869
14775,11220
14776,11201
14777,10056
14778,11114
14779,11063
14781,11219
14782,11213
14783,11114
14784,11035
14785,11138
14786,11139
14787,11031
14788,3609
14789,9204
14790,11157
14791,10311
14792,
14793,11168
14794,11162
14795,11225
14796,11226
14797,8108
14798,8107
14799,8106
14800,8106
14801,8106
14802,11365
14803,11177
14804,10885
14805,10885
14806,4907
14807,10931
14808,11177
14809,10889
14810,10889
14811,10889
14812,
14813,10652
14814,11227
14815,11193
14816,11192
14817,11216
14818,11078
14819,11229
14820,11177
14821,10885
14822,10885
14824,11177
14825,11177
14826,10857
14827,10857
14828,10857
14829,10857
14830,11116
14831,11180
14832,11126
14833,10988
14834,11226
14835,10988
14836,10852
14837,11226
14839,10991
14840,11105
14841,10993
14842,10993
14843,10994
14844,11226
14845,10843
14846,10917
14847,
14848,
14849,
14850,10894
14851,
14852,
14853,
14854,
14855,
14856,
14857,
14858,
14859,
14860,
14863,
14864,
14865,
14866,
14867,11233
14868,5890
14869,11184
14870,11130
14871,11132
14872,9116
14873,10352
14874,10343
14876,11134
14877,11164
14878,11223
14879,11232
14880,11221
14881,11202
14882,11203
14883,1646
14884,11222
14885,11224
14886,11014
14887,11198
14888,11198
14889,8211
14890,11116
14892,11230
14893,11224
14894,11220
14895,
14896,
14897,10635
14898,
14899,10521
14900,
14901,
14902,
14903,8913
14904,
14905,9468
14906,
14907,
14908,
14909,
14910,
14911,10244
14912,5992
14913,
14914,10894
14915,11122
14916,
14917,
14918,324
14921,8417
14922,
14923,10885
14924,10885
14925,10928
14926,5405
14927,10521
14928,10521
14929,10521
14931,11122
14932,11240
14933,10894
14934,11236
14935,9116
14936,9087
14937,10962
14938,10345
14939,11241
14940,10244
14941,11150
14942,11228
14944,11228
14945,11141
14946,11141
14947,11237
14948,11235
14949,
14950,11238
14951,5992
14952,11074
14953,7523
14954,
14955,
14956,7329
14957,10311
14958,9243
14959,11074
14960,11035
14961,2563
14962,7245
14963,8981
14964,10520
14965,
14966,
14967,10244
14968,5992
14969,10467
14970,10186
14971,11272
14972,11244
14973,10186
14974,
14975,11035
14976,11234
14977,10931
14979,11216
14980,11366
14982,11369
14983,10708
14986,10928
14987,10521
14988,11241
14989,11271
14990,11367
14991,11378
14992,10521
14993,11370
14994,10521
14995,11370
15001,11375
15002,11370
15003,11370
15004,10885
15005,11377
15006,11377
15007,11198
15008,11198
15011,10929
15012,11197
15014,11198
15015,11198
15017,10929
15018,11368
15020,4907
15021,
15022,5559
15023,
15024,
15025,
15026,
15027,4908
15028,10547
15029,10244
15030,10467
15031,11387
15032,10244
15033,11384
15034,11385
15035,11381
15037,8319
15038,11100
15039,377
15040,
15041,10467
15042,2563
15043,9143
15044,11066
15045,7603
15046,11225
15047,11046
15048,7378
15049,10186
15050,11035
15051,10186
15052,11035
15053,
15055,
15056,7245
15057,11225
15058,10906
15059,10474
15060,
15061,11185
15062,11078
15063,11198
15064,11370
15065,11375
15067,1646
15068,11279
15069,10929
15070,11379
15071,11248
15072,11248
15073,11264
15074,11264
15075,11360
15076,11249
15077,11262
15078,11262
15079,11270
15080,11271
15081,11224
15082,11389
15083,11373
15084,11372
15085,11377
15086,11284
15087,10244
15088,1646
15089,10244
15090,10522
15091,10844
15092,10843
15093,10992
15094,10993
15095,10854
15096,10987
15097,10987
15098,10852
15099,10994
15100,10350
15101,10995
15102,11198
15103,11197
15104,11198
15105,11321
15106,11198
15107,11198
15108,11420
15109,10502
15110,11382
15111,11383
15112,
15113,
15114,5992
15116,
15117,
15118,
15119,
15120,
15121,
15122,5346
15123,
15124,
15125,324
15126,11384
15127,11385
15128,11114
15129,11066
15130,11364
15131,11422
15132,11197
15133,
15134,
15135,
15136,
15137,
15138,7245
15139,
15140,11417
15141,11418
15142,
15143,11429
15144,898
15145,2807
15146,2687
15147,
15148,
15149,
15150,
15151,
15152,4907
15153,
15154,
15155,
15156,
15157,
15158,
15159,7427
15160,5992
15161,2687
15162,9468
15163,11385
15164,4907
15165,11384
15166,8913
15167,6286
15168,4269
15169,
15170,
15171,
15172,
15173,
15174,2563
15175,
15176,11421
15177,11053
15178,11450
15179,11452
15180,11214
15181,11214
15182,11448
15183,11224
15184,9304
15185,10963
15186,9568
15187,10987
15188,898
15189,11468
15190,10186
15191,3609
15192,10311
15193,11035
15194,11469
15195,11468
15196,10652
15197,11470
15198,898
15199,11454
15200,11467
15201,11461
15202,9926
15203,11462
15204,11440
15205,11439
15206,
15207,
15208,4907
15209,
15210,
15211,2563
15212,1195
15213,7427
15214,10244
15215,
15216,
15217,
15218,
15219,
15220,2687
15221,
15222,
15223,11114
15225,5992
15226,4907
15227,6279
15228,
15229,5559
15230,6279
15231,4907
15232,11476
15233,11443
15234,11442
15235,11441
15236,11438
15237,11114
15238,11429
15239,2807
15240,11422
15241,
15242,
15243,
15244,
15245,
15246,10244
15247,
15248,
15249,
15250,
15251,
15252,11495
15254,11495
15255,11498
15256,11497
15257,11053
15258,10857
15259,11372
15260,10857
15261,
15262,11049
15263,11502
15265,10353
15266,
15267,
15268,5992
15269,
15270,
15271,
15272,3581
15273,
15274,
15275,10520
15276,
15277,7427
15278,5559
15279,
15280,10244
15281,7427
15282,
15283,
15284,
15285,5346
15286,
15287,11191
15288,11505
15289,11487
15290,11517
15291,6926
15292,11419
15293,10987
15294,10987
15295,11443
15296,11442
15297,11441
15298,11438
15300,10987
15301,11508
15302,11104
15303,11198
15304,11284
15305,11284
15306,11198
15307,11284
15308,11284
15309,11284
15310,11435
15311,10244
15312,11481
15313,11214
15314,11520
15315,11041
15316,11357
15317,11357
15318,11358
15319,11358
15320,11415
15321,11410
15322,11521
15323,3609
15324,10311
15325,11424
15326,11425
15327,11284
15328,11370
15329,11370
15330,11370
15331,11138
15332,10652
15333,11372
15334,11522
15335,9243
15336,11485
15337,11364
15338,11454
15339,9616
15340,11453
15341,11526
15342,11527
15343,9243
15344,11416
15345,11523
15346,11519
15347,11525
15348,11528
15349,11267
15350,11504
15351,11529
15352,
15353,
15354,11451
15355,9912
15356,
15357,
15358,
15359,
15360,
15361,
15362,5346
15363,2687
15364,
15365,5992
15366,10244
15367,
15368,
15369,
15370,11487
15371,7245
15372,
15373,11503
15374,11541
15375,10708
15376,
15377,
15378,
15379,7245
15380,
15381,
15382,
15383,7427
15384,11550
15385,5992
15386,
15387,8913
15388,6286
15389,10547
15390,11114
15391,11487
15392,
15393,
15394,4269
15395,
15396,
15397,11609
15398,10842
15399,10994
15400,10993
15401,10994
15402,10527
15403,11544
15404,11372
15405,10917
15406,
15407,
15408,
15409,11617
15410,
15411,
15412,
15414,
15415,
15416,
15417,10244
15418,
15419,
15420,6286
15421,10244
15422,
15423,6176
15424,
15425,
15426,
15427,
15428,
15429,6286
15430,
15431,
15432,
15433,10547
15434,3581
15435,
15436,11215
15437,11475
15438,11530
15440,3310
15441,3310
15442,11177
15443,11163
15444,11467
15445,11177
15446,11172
15447,11461
15448,11465
15449,11464
15450,11549
15451,11467
15452,11163
15453,11618
15454,11537
15455,4907
15456,11284
15457,10244
15458,
15459,11630
15460,898
15461,6286
15463,11508
15464,11632
15465,11690
15466,11545
15467,10501
15468,
15469,
15470,
15471,
15472,
15473,
15474,7427
15475,
15476,
15477,10244
15478,
15479,2563
15480,
15481,11703
15482,11704
15483,11712
15484,11702
15485,11701
15486,11700
15487,11707
15488,11706
15489,11632
15490,11697
15491,11049
15492,11408
15493,10993
15494,10977
15495,7245
15496,7245
15497,11104
15498,7245
15499,10842
15500,10525
15501,10917
15502,11225
15503,11370
15504,11370
15505,11320
15506,11320
15507,11323
15508,11375
15509,11374
15510,11372
15511,11372
15512,5992
15513,11513
15514,11514
15515,
15516,
15517,
15518,11370
15519,10521
15520,10928
15521,11378
15522,10244
15523,7427
15524,
15525,
15526,
15527,
15528,
15529,
15530,6286
15531,4907
15532,
15533,
15534,10244
15535,
15536,9983
15537,7245
15538,11702
15539,11701
15540,11700
15541,11692
15543,11707
15544,11706
15545,11453
15546,11737
15547,9616
15548,11454
15549,11547
15550,11248
15551,11510
15552,11264
15553,11716
15554,9128
15555,11619
15556,11249
15557,11713
15558,11415
15559,11733
15560,11736
15561,11715
15562,11630
15563,11622
15564,11540
15565,11613
15566,11729
15567,11731
15568,11739
15569,11732
15570,11734
15571,11738
15572,11699
15573,3609
15574,10311
15575,11615
15576,11545
15577,10501
15578,11263
15579,11204
15580,
15581,11522
15582,11746
15583,11422
15584,10244
15585,11744
15586,11745
15587,11747
15588,11626
15589,11710
15590,11740
15591,11626
15592,9416
15593,8100
15594,7245
15595,
15596,11710
15597,11284
15598,11751
15599,11753
15600,11626
15601,11626
15602,11372
15603,11374
15604,10928
15605,10928
15606,11320
15607,11370
15608,11320
15609,11370
15610,11370
15611,
15612,11756
15613,11756
15614,10995
15615,10994
15616,10993
15617,10992
15618,10840
15619,
15620,11322
15621,11755
15622,11461
15623,11461
15624,11320
15625,11323
15626,11755
15627,11284
15628,11320
15629,10928
15630,10885
15631,11379
15632,11284
15633,11197
15634,11320
15635,11461
15636,11765
15637,11626
15638,11709
15639,11750
15640,11500
15641,11749
15642,11748
15643,10857
15644,11750
15645,11500
15646,11749
15647,11756
15648,10986
15649,
15650,10989
15651,
15652,11756
15653,10989
15654,11372
15655,11372
15656,11372
15657,10932
15658,10928
15659,
15660,
15661,5733
15662,11746
15663,11378
15664,10928
15665,10521
15666,11322
15667,5405
15668,11378
15669,11322
15670,11322
15671,11322
15672,11626
15673,8720
15674,
15675,11040
15676,4908
15677,
15678,
15679,
15680,4907
15681,
15682,6286
15683,
15684,11191
15685,7427
15686,
15687,
15688,8720
15689,11767
15690,11776
15691,11770
15692,11774
15693,11773
15695,11771
15696,11768
15697,11490
15698,11486
15699,11375
15700,11322
15701,8108
15702,8108
15703,10840
15704,11778
15705,11364
15706,11490
15707,11486
15708,11775
15709,
15710,5992
15711,
15712,10244
15713,
15714,11543
15715,11543
15716,11732
15717,11729
15718,9131
15719,11782
15720,5405
15721,11629
15722,11694
15723,11486
15724,11243
15725,11784
15726,
15727,11781
15728,11781
15729,11779
15730,
15731,11087
15732,11372
15733,11486
15734,11508
15735,11788
15736,3310
15737,11177
15738,3310
15739,10867
15740,11465
15741,3310
15742,3310
15743,3310
15744,3310
15745,3310
15746,3310
15747,3310
15748,3310
15749,3310
15750,3310
15752,3310
15753,3310
15754,11177
15755,10223
15756,10546
15757,3486
15758,5992
15759,
15760,
15761,
15762,
15763,
15764,
15765,4907
15766,6286
15767,
15768,
15769,11793
15770,11797
15771,11536
15772,11776
15773,11774
15774,11770
15775,11768
15776,11794
15777,9617
15778,11454
15779,11453
15780,11755
15781,11357
15782,11250
15783,11627
15784,11490
15785,11627
15786,11532
15787,11731
15788,11693
15789,3609
15790,10311
15791,10467
15792,11372
15793,10094
15794,11792
15795,10989
15796,11157
15797,10989
15798,10989
15799,10501
15800,10502
15803,11762
15804,11475
15805,11799
15806,11364
15807,11747
15808,10633
15809,11795
15810,9131
15811,11791
15812,11543
15813,11543
15814,11741
15815,10244
15816,7427
15817,11751
15818,11796
15819,11780
15823,11800
15824,11801
15825,11803
15826,11805
15827,10520
15828,11806
15829,11808
15830,11804
15831,11198
15832,11322
15833,11866
15834,11322
15835,11322
15836,11370
15837,11053
15838,
15839,4269
15840,
15841,
15842,
15843,
15844,5346
15845,11767
15846,
15847,5992
15848,9277
15849,
15850,11813
15851,11040
15852,
15853,9983
15854,11817
15855,5992
15856,
15857,898
15858,11814
15859,11052
15860,11500
15861,11766
15862,10857
15863,
15864,
15865,
15866,7427
15867,
15868,10244
15869,
15870,
15871,7245
15872,11823
15873,11835
15874,11827
15875,11815
15876,11779
15877,11779
15878,10633
15879,11815
15880,11756
15881,
15882,
15883,11815
15884,10633
15885,11134
15886,11198
15887,11177
15888,11809
15889,11323
15890,11377
15891,11197
15892,11198
15893,11284
15894,11320
15895,10857
15896,11134
15897,11322
15898,11284
15899,11322
15900,11087
15901,11323
15902,4908
15903,10521
15904,4908
15905,10521
15906,11694
15907,5405
15908,11532
15909,5405
15910,11836
15911,4908
15912,10521
15913,11325
15914,11622
15915,11828
15916,5405
15917,11325
15918,11323
15919,11370
15920,11325
15921,11325
15922,11626
15923,11325
15924,11322
15925,11322
15926,11626
15927,10857
15928,11820
15929,10928
15930,11834
15931,11755
15932,
15933,10696
15934,11834
15935,10546
15936,11042
15937,
15938,
15939,
15940,
15941,
15942,5354
15943,
15944,
15945,
15946,5346
15947,
15948,4907
15949,
15950,4269
15951,
15952,
15953,
15954,
15955,
15958,11490
15959,
15960,11820
15961,
15962,11509
15963,11737
15964,9551
15965,11770
15966,11858
15967,11852
15968,11861
15969,11860
15970,11859
15971,11701
15972,11486
15973,11490
15974,11810
15975,11378
15976,11374
15977,11375
15978,10932
15979,
15980,11815
15981,
15982,11815
15983,10989
15984,11815
15985,11779
15986,10633
15987,8108
15988,10990
15989,11626
15990,11626
15991,11626
15992,4908
15993,4908
15994,10521
15995,10521
15996,11531
15997,
15998,898
15999,10056
16000,11486
16001,11372
16002,11628
16003,11866
16004,
16005,
16006,
16007,5346
16008,
16009,986
16010,
16011,6272
16012,
16013,10244
16014,
16015,5992
16017,10056
16018,11863
16019,11862
16020,11702
16021,11442
16022,9616
16023,11453
16024,6377
16025,6373
16026,11326
16027,11326
16028,11328
16029,11328
16030,11328
16031,11856
16032,11755
16033,11486
16034,10989
16037,11330
16039,10989
16040,11916
16041,11799
16042,11522
16043,11882
16044,11454
16045,11815
16046,10989
16047,11810
16048,11806
16049,11806
16050,11803
16051,11815
16052,10990
16053,10990
16054,10996
16056,10989
16057,10981
16058,10981
16059,10992
16060,10992
16061,10998
16062,11866
16063,11883
16064,11157
16065,10311
16066,3609
16067,10865
16068,11885
16069,11884
16070,11161
16071,11161
16072,11887
16073,10867
16074,10223
16075,11834
16076,11888
16077,11831
16078,11831
16079,
16080,
16081,
16082,11508
16083,11040
16084,11848
16085,11830
16086,11627
16087,11836
16088,11869
16089,11808
16090,11795
16091,11134
16092,11881
16093,11881
16094,11715
16095,11829
16096,11857
16097,11525
16098,11834
16099,
16100,11818
16101,11161
16102,11205
16103,10244
16104,10244
16105,10857
16106,10857
16107,11323
16108,11886
16109,11845
16110,9935
16111,8750
16112,327
16113,
16114,
16115,
16116,
16117,10244
16118,9277
16121,11904
16122,11902
16123,11747
16125,11908
16126,11909
16127,11889
16128,5405
16129,11874
16130,11910
16131,5405
16132,11329
16133,11329
16134,11172
16135,10521
16136,4908
16137,10521
16138,10521
16139,11872
16140,10521
16141,10521
16142,11873
16143,10633
16144,10633
16145,11895
16146,11895
16147,11805
16148,11911
16150,11913
16151,
16152,11455
16153,11457
16154,11838
16155,11839
16156,9946
16157,11897
16158,
16159,
16160,11134
16161,11543
16162,11284
16163,11134
16165,11904
16166,11906
16167,11858
16168,11770
16169,11859
16170,11916
16171,10996
16172,10997
16173,11916
16174,11916
16175,11916
16176,10646
16177,
16178,
16179,10547
16180,
16181,
16182,
16183,10244
16184,
16185,
16186,11906
16187,10857
16188,9050
16189,11042
16190,
16191,10989
16192,10989
16193,11537
16194,4907
16195,
16196,
16197,
16198,11855
16199,11810
16200,10989
16201,11922
16202,11819
16203,10906
16204,
16205,
16206,
16207,
16208,
16209,7427
16210,6279
16211,
16212,10244
16213,
16214,11881
16215,11927
16216,
16217,11866
16218,11881
16219,11198
16220,11197
16221,11378
16222,11284
16223,11320
16224,11375
16225,11531
16226,
16227,5559
16229,
16230,5992
16231,
16232,10244
16233,
16234,11939
16235,11937
16236,11942
16237,10989
16238,11916
16239,11916
16240,10989
16241,11916
16242,11963
16243,10989
16244,11916
16245,11916
16246,11964
16247,11964
16248,11916
16249,10996
16250,11964
16251,11964
16252,11249
16253,11845
16254,11935
16255,11936
16256,11207
16257,11207
16258,11208
16259,11253
16260,11252
16261,11254
16262,11857
16263,11928
16264,10949
16265,9133
16266,11881
16267,11921
16268,11424
16269,11927
16270,9141
16271,11134
16272,11930
16273,11543
16274,10350
16275,10346
16276,11955
16277,10351
16278,9131
16279,11951
16280,11954
16281,11886
16282,11869
16283,11938
16284,
16285,10520
16286,
16287,4269
16288,4907
16289,
16290,8913
16291,11537
16292,4907
16293,6286
16294,11912
16295,11912
16296,11960
16297,11957
16298,11958
16299,11959
16300,11961
16301,11962
16302,11948
16303,11329
16304,11329
16305,11326
16306,11329
16307,11331
16308,10560
16309,11931
16310,11902
16311,11747
16312,11747
16313,11979
16314,11967
16315,11895
16316,11972
16317,11978
16318,11976
16319,11971
16320,11969
16321,11968
16322,11980
16323,11977
16324,11973
16325,11969
16326,11985
16327,11912
16329,9983
16330,11912
16331,9617
16332,11453
16333,11454
16334,11138
16335,3609
16336,11908
16337,11907
16338,3609
16339,11875
16340,11901
16341,11386
16342,11453
16343,10943
16344,11454
16345,11626
16346,11896
16347,11894
16348,11895
16349,10633
16350,10632
16351,4908
16352,10521
16353,10632
16354,10521
16355,4908
16356,
16357,
16358,5111
16359,
16360,10244
16361,
16363,
16364,
16365,11027
16366,
16367,11177
16368,10867
16369,11465
16370,9946
16371,10867
16372,11465
16373,11866
16374,11866
16375,
16376,
16377,
16378,
16379,
16380,10244
16381,5992
16382,4907
16383,6286
16384,
16385,11537
16386,11964
16387,11937
16388,12019
16389,11993
16390,11942
16391,11858
16392,11960
16393,11948
16394,
16395,3486
16396,
16397,11957
16398,11322
16400,11872
16401,10244
16402,
16403,7427
16404,12040
16405,12043
16406,11894
16407,12045
16408,11331
16409,12046
16410,12047
16411,
16412,11969
16413,11387
16414,11895
16415,11896
16416,11198
16417,11894
16418,11323
16419,11379
16420,10633
16421,11894
16422,10520
16424,10633
16425,11331
16426,11328
16427,11543
16428,10351
16429,10342
16430,10341
16431,11881
16432,11916
16434,7245
16435,12045
16436,11331
16437,11322
16438,12033
16439,10531
16440,10632
16441,4908
16442,10521
16443,10632
16444,4908
16445,10521
16446,12009
16447,12044
16448,11973
16449,11980
16450,11750
16451,11740
16452,11624
16453,11177
16454,11945
16455,11945
16456,11499
16457,11499
16458,10325
16459,11626
16460,11626
16461,12025
16462,11970
16463,11975
16464,11974
16465,11975
16466,11974
16467,11970
16468,11508
16469,12055
16470,
16471,12049
16472,11944
16473,11912
16474,11912
16475,12005
16476,12004
16477,11997
16478,11806
16479,11803
16480,10857
16481,11709
16482,12031
16483,11883
16484,3609
16485,11386
16486,12005
16487,12004
16488,10351
16489,11134
16490,11949
16491,11930
16492,12039
16493,11543
16494,11134
16495,12053
16496,12057
16497,11333
16499,11331
16500,9134
16501,11954
16502,9105
16503,12067
16504,9133
16505,11881
16506,11130
16507,11161
16508,11424
16509,11921
16510,11832
16511,9050
16512,
16513,11848
16514,11870
16515,12065
16516,12013
16517,12022
16518,11928
16519,12059
16520,11857
16521,11994
16522,11927
16523,
16524,11821
16525,11800
16526,11747
16527,10548
16528,4269
16529,4908
16530,11331
16531,11892
16532,11894
16533,11332
16534,11334
16535,11333
16536,11779
16537,12009
16538,12009
16539,12009
16540,12009
16541,12009
16542,10530
16543,10521
16544,4908
16545,10632
16546,10521
16547,4908
16548,10632
16549,10632
16550,10521
16551,4908
16552,10632
16553,10632
16554,4908
16555,4908
16556,10521
16557,10521
16558,
16559,10244
16560,
16561,3486
16563,
16564,
16565,
16566,
16567,
16568,
16569,
16570,
16571,
16572,
16573,
16574,
16575,
16576,
16577,
16578,
16579,
16580,
16581,
16582,
16583,
16584,
16585,
16586,
16587,
16588,
16589,
16590,
16591,
16592,
16593,
16594,
16595,
16596,
16597,
16598,
16599,
16600,
16601,
16602,613
16603,12075
16604,11454
16605,10917
16606,10917
16607,10943
16608,
16609,
16611,12069
16613,12064
16614,12066
16615,12063
16616,11961
16617,11960
16618,11959
16619,11509
16620,11453
16621,2563
16622,
16623,
16624,10708
16625,11932
16626,10528
16627,11331
16628,10633
16629,11331
16630,11051
16631,11970
16633,12097
16634,10548
16635,12087
16636,
16637,10244
16638,2563
16639,
16640,
16641,11537
16642,4907
16643,
16644,12096
16645,12095
16646,11386
16647,11890
16648,9617
16650,10520
16651,12105
16652,12080
16653,12080
16654,10528
16655,12079
16656,11975
16657,11974
16658,12077
16659,
16660,11970
16661,12004
16662,10520
16663,11320
16664,11329
16665,11331
16666,11375
16667,12004
16668,11375
16669,10520
16670,11087
16671,11772
16672,11952
16673,12101
16674,11370
16675,11975
16676,12079
16678,11331
16679,11284
16680,11897
16681,11198
16682,12004
16683,12054
16684,11952
16686,12004
16687,11454
16688,
16689,2563
16690,12108
16691,11370
16692,11960
16693,12124
16694,12125
16695,10304
16696,11536
16697,10455
16698,11177
16699,11497
16700,12127
16701,12082
16702,10305
16703,9001
16704,11762
16705,12128
16706,11177
16707,11198
16708,11375
16709,9983
16710,10520
16711,
16712,
16713,
16714,12087
16715,8720
16716,10244
16717,
16719,11767
16720,4174
16721,
16722,5346
16723,
16724,
16726,5992
16727,
16728,
16729,12058
16730,12036
16732,11860
16733,10305
16734,11690
16735,10929
16736,11376
16737,11373
16738,11282
16739,12086
16740,12035
16741,12016
16742,12017
16743,11921
16744,8441
16745,12015
16746,12018
16747,11481
16748,11134
16749,10351
16750,11881
16751,12131
16752,11177
16753,11198
16754,11130
16755,11927
16756,9141
16757,12077
16758,329
16759,3487
16760,11947
16761,11454
16762,9530
16763,12125
16764,11198
16765,12109
16766,12106
16767,
16768,4908
16769,10521
16770,10632
16771,10548
16772,12128
16773,12128
16774,12018
16775,12125
16776,12148
16777,12149
16778,11857
16779,12143
16780,12144
16781,
16782,8512
16783,12155
16784,12154
16785,12153
16786,9616
16788,11509
16791,11800
16792,11046
16793,12058
16794,12036
16795,12156
16796,12098
16797,3609
16798,12092
16799,9983
16800,9983
16801,12101
16802,11177
16803,11177
16804,11177
16805,11087
16806,12101
16807,12102
16808,12054
16809,12004
16810,11952
16811,10867
16812,12107
16813,10548
16814,11747
16815,11933
16816,3310
16817,12161
16818,11177
16819,11465
16820,3310
16821,
16822,
16823,
16824,
16825,
16826,
16827,
16828,
16829,
16830,10244
16831,2563
16832,12157
16833,11912
16834,11803
16835,12174
16836,11767
16837,12175
16838,12173
16839,12172
16841,12180
16842,10244
16843,
16844,
16845,
16846,11387
16847,11882
16848,12186
16849,12187
16850,12185
16852,12182
16853,10943
16854,12054
16855,12122
16856,11982
16857,12190
16858,11913
16859,12191
16860,12192
16861,12128
16862,12128
16863,12125
16864,12082
16865,12193
16866,11387
16867,12194
16868,12195
16869,12196
16870,11371
16871,12197
16872,12198
16873,12199
16874,12200
16875,12201
16877,11282
16878,4907
16879,10521
16880,12189
16881,10521
16882,
16883,12189
16884,12189
16885,4908
16886,12128
16887,12128
16888,7574
16889,7574
16890,
16891,
16892,
16893,10244
16894,
16895,12130
16896,12185
16897,12174
16898,11453
16899,404
16900,
16901,4907
16902,
16903,12030
16904,
16905,12069
16906,12070
16907,12071
16908,12072
16909,11134
16910,12074
16911,12073
16912,10348
16913,11953
16914,12176
16915,11881
16916,10929
16917,11177
16918,11177
16919,7245
16920,10633
16921,12204
16922,12106
16923,12202
16924,12208
16925,12130
16926,12125
16927,11509
16928,11198
16930,
16931,12087
16932,10244
16933,
16934,
16935,
16936,
16937,
16938,12142
16939,
16940,
16941,12132
16942,12211
16943,12184
16945,12212
16946,12209
16947,12217
16948,
16949,7245
16950,7427
16951,11062
16952,12220
16953,10244
16955,5559
16956,
16957,12189
16958,10521
16959,7574
16960,12206
16961,4908
16962,2563
16963,10089
16964,12218
16965,11177
16966,11497
16968,
16969,12055
16970,12253
16971,5559
16972,
16973,
16974,10244
16975,11793
16976,12125
16977,
16978,
16979,
16980,4907
16981,12030
16982,
16983,4269
16984,8913
16985,6286
16986,12006
16987,12234
16988,12249
16989,12238
16990,12218
16991,12096
16992,12055
16994,12108
16996,12260
16997,8512
16999,12157
17000,12132
17001,12194
17002,12192
17003,10351
17004,11279
17005,898
17006,12252
17008,12210
17009,11130
17010,11921
17011,11947
17012,12100
17013,12179
17014,11410
17015,12213
17016,12152
17017,9279
17018,12233
17019,12168
17020,12166
17021,12170
17022,12167
17023,11857
17024,11927
17025,11161
17026,12258
17027,12259
17029,12259
17030,12258
17031,12272
17032,12208
17033,12247
17034,12247
17035,11371
17036,10928
17037,11882
17038,10928
17039,11370
17040,11331
17041,12263
17042,
17044,
17045,
17046,
17047,11387
17048,10244
17049,
17050,
17051,7427
17052,10244
17053,8913
17054,12006
17055,4269
17056,6286
17057,
17058,
17059,10520
17060,10547
17061,5559
17063,
17064,
17065,
17066,12276
17067,
17068,12273
17069,12274
17070,12191
17071,12217
17072,12128
17073,8108
17074,7088
17075,8108
17076,12169
17077,11279
17079,11881
17080,12284
17081,12285
17082,12286
17083,12287
17084,12288
17088,12014
17089,12251
17090,12257
17091,11161
17092,10520
17093,8720
17094,5992
17095,12292
17096,10521
17097,11902
17098,4908
17099,12206
17100,12206
17101,12289
17102,12289
17103,12289
17104,12296
17105,12294
17106,12179
17107,12262
17108,
17109,
17110,
17111,
17112,
17113,5346
17114,
17115,4174
17117,
17118,8720
17119,12087
17120,11767
17122,2563
17123,
17124,3310
17125,11465
17126,11933
17128,11087
17129,11177
17130,3609
17131,12098
17132,12156
17133,12036
17134,12058
17135,11800
17136,12125
17137,12018
17138,12128
17139,12128
17140,10548
17141,10632
17142,10521
17143,4908
17144,11198
17145,12125
17147,11454
17148,3487
17150,11927
17151,11198
17152,11177
17153,12131
17155,12018
17157,11376
17159,11690
17160,10305
17161,11860
17162,12036
17163,12058
17164,11762
17165,12082
17166,12106
17168,10244
17169,
17171,
17174,329
17178,
17179,
17181,
17183,
17185,
17186,7574
17187,12128
17188,12189
17189,10521
17190,4907
17191,12196
17192,12128
17193,10943
17194,12185
17195,11767
17196,12174
17197,12157
17199,11747
17200,10548
17201,12107
17203,11177
17204,11177
17205,11509
17206,12153
17207,12154
17208,12155
17209,8512
17210,
17216,11373
17217,10244
17222,8441
17241,12209
17242,12212
17245,12130
17247,12202
17248,12204
17249,10633
17250,11177
17251,11177
17254,12073
17255,12074
17257,12072
17258,12071
17259,12070
17260,12069
17261,7574
17262,12128
17263,12189
17264,
17265,10521
17266,12199
17267,12198
17268,12197
17269,11371
17270,12195
17271,11387
17272,12082
17273,12125
17274,8108
17275,12191
17276,11913
17277,12190
17278,11882
17280,11177
17281,12161
17282,12092
17283,11046
17284,9616
17285,11857
17286,9141
17297,
17298,5111
17299,
17300,4907
17308,11177
17309,4908
17310,12206
17311,7574
17312,10521
17313,12220
17315,12217
17317,11509
17318,12132
17319,11198
17322,12189
17324,12201
17325,12200
17326,12193
17327,12192
17336,10244
17342,11497
17343,12218
17344,10089
17345,12189
17347,4908
17348,12194
17350,7245
17351,12106
17353,
17354,
17355,
17356,10244
17357,
17358,12087
17359,
17360,
17361,12275
17362,
17363,11960
17364,
17365,
17366,
17367,
17368,12320
17369,11279
17370,11279
17371,
17372,
17373,
17375,12294
17376,10244
17377,
17378,10244
17379,11387
17380,
17381,
17382,12301
17383,12185
17384,12319
17385,10929
17386,4014
17387,12202
17388,12294
17389,12348
17390,4269
17391,12211
17393,12301
17394,12055
17396,12342
17397,
17398,10944
17399,
17400,8720
17401,
17402,
17403,
17404,
17405,5346
17406,
17407,12185
17408,12319
17409,4907
17410,12030
17411,
17412,6279
17413,
17414,6286
17415,8913
17416,5992
17417,6286
17418,
17419,
17420,
17421,
17422,
17423,
17424,
17425,12321
17426,12323
17427,12330
17428,12324
17429,12346
17430,12351
17431,12338
17432,
17433,12262
17434,12316
17435,12305
17436,12299
17437,12304
17438,12306
17439,12308
17440,12309
17441,12310
17442,12339
17443,12228
17444,12350
17445,12347
17446,12107
17447,12343
17448,12359
17449,11902
17450,10944
17451,4907
17452,
17453,
17454,10244
17455,
17456,
17457,5559
17460,12275
17461,12301
17462,12184
17463,12355
17464,12356
17465,11857
17466,12315
17467,12312
17468,11927
17469,9279
17470,12364
17471,12363
17472,12362
17473,12361
17474,12360
17475,11130
17476,12179
17477,11510
17478,12086
17479,12354
17480,12152
17481,12280
17482,12259
17483,11259
17484,11207
17485,11202
17486,12077
17487,11436
17488,12037
17489,3609
17490,12369
17491,12294
17492,10925
17493,
17494,10944
17495,12367
17496,11982
17497,12349
17498,12122
17499,8512
17500,12055
17502,12389
17503,12377
17504,
17505,5559
17507,6286
17508,4907
17509,12030
17510,10244
17511,12216
17512,
17513,
17514,
17515,12301
17516,8512
17517,
17518,12184
17519,12380
17520,12091
17521,12169
17522,12218
17523,12356
17524,12382
17525,12368
17526,12383
17527,12398
17528,12288
17529,11689
17530,11177
17531,9946
17532,11465
17533,4907
17534,
17535,10520
17536,10520
17537,5992
17538,324
17539,12389
17541,11509
17542,10520
17543,12338
17544,7245
17545,
17546,
17547,
17548,4907
17549,
17550,10244
17551,
17552,12030
17553,
17554,12275
17555,
17556,
17557,12216
17558,10944
17559,4907
17560,12373
17561,12373
17562,12392
17563,12392
17564,12296
17565,12392
17566,12393
17567,12394
17568,12338
17569,9439
17570,11947
17571,11331
17572,11339
17573,12385
17574,12382
17575,12383
17576,10633
17578,11765
17579,11339
17580,12396
17581,12397
17582,11177
17583,12385
17584,11177
17585,10272
17586,10272
17588,11417
17589,12197
17590,12190
17591,10928
17592,12190
17593,12195
17594,12387
17595,11046
17596,7513
17597,11331
17598,11331
17599,11331
17600,12370
17601,12371
17602,4908
17603,10521
17604,4908
17605,10521
17606,12373
17607,12370
17608,10540
17609,12189
17610,10521
17611,12189
17612,12189
17613,10916
17614,12182
17615,11793
17616,12408
17617,12407
17618,
17619,5403
17620,
17621,
17622,
17623,
17624,
17625,
17626,10547
17627,
17628,4907
17629,
17630,
17631,
17632,
17633,
17634,12030
17636,10244
17637,12418
17638,12419
17640,12425
17641,12294
17642,10933
17643,
17644,
17645,2563
17646,12404
17647,12405
17649,12427
17650,
17651,5346
17652,
17654,10547
17655,4907
17656,
17657,10244
17658,
17659,2563
17660,12426
17661,12409
17662,8720
17663,5992
17664,7245
17665,12424
17668,
17669,12294
17670,10933
17671,12429
17672,12410
17673,6286
17674,10547
17675,10520
17676,8913
17677,12006
17678,10244
17679,
17680,
17681,11387
17682,
17683,4907
17684,
17686,
17687,5992
17688,5992
17689,5992
17690,3586
17691,
17692,10520
17693,11177
17694,10325
17695,12385
17696,10272
17697,10272
17698,12189
17699,12189
17700,12189
17701,12189
17702,12189
17703,4908
17704,4908
17705,4908
17706,12424
17707,10520
17708,3586
17709,5992
17710,12412
17711,11161
17712,12436
17713,12435
17714,12213
17715,12433
17716,12437
17717,12401
17718,12372
17719,12405
17720,12202
17722,12414
17723,12448
17724,12449
17725,12447
17726,12450
17727,12440
17728,12259
17729,12259
17730,11881
17731,11259
17732,11208
17733,12446
17734,12259
17735,12438
17736,10244
17737,10928
17738,11371
17739,12190
17740,11378
17741,11377
17742,11279
17743,10885
17744,11198
17745,11177
17746,11377
17747,11279
17748,10885
17749,11198
17750,12095
17751,12096
17752,12262
17753,12263
17754,12388
17755,11198
17756,11177
17757,12388
17758,
17759,5992
17760,
17761,5992
17762,5992
17763,5992
17764,5992
17765,12098
17766,12091
17767,12455
17768,12189
17769,3609
17770,3992
17771,12359
17772,10089
17773,10089
17774,10089
17775,
17776,2563
17777,12425
17778,6286
17779,4907
17780,8913
17781,12006
17782,
17783,4907
17784,11537
17785,
17786,5559
17787,
17788,12142
17789,
17790,12202
17791,12202
17792,12217
17793,3609
17794,12366
17795,12485
17796,10151
17797,12486
17798,12163
17799,12091
17800,12217
17801,3609
17802,10944
17803,12482
17804,12189
17805,12184
17806,12497
17807,12496
17808,12499
17809,
17810,5559
17811,10944
17812,12425
17813,5354
17814,5559
17815,12142
17816,
17817,
17818,
17819,
17820,
17821,10244
17822,12087
17823,
17824,4907
17825,
17826,11537
17827,8720
17828,
17829,12404
17830,12262
17831,12090
17832,
17833,12092
17834,
17835,
17836,11374
17837,11686
17838,11375
17839,11373
17840,12287
17841,12285
17842,12284
17843,12196
17844,11282
17845,11198
17846,11284
17847,11197
17848,12287
17849,12285
17850,12284
17851,12196
17852,12509
17853,12366
17854,12326
17855,11899
17856,3609
17857,12396
17858,12383
17859,12382
17860,12369
17861,11206
17862,11146
17863,11256
17864,11257
17865,12511
17866,12259
17867,11256
17868,12510
17869,12115
17870,12512
17871,12516
17872,12515
17873,12295
17874,12429
17875,12525
17876,12294
17877,12527
17879,12500
17880,12499
17881,12498
17882,12514
17883,12523
17885,12472
17886,12169
17887,12396
17888,12528
17889,12442
17890,
17891,
17892,
17893,4907
17894,11537
17895,
17896,12410
17897,12229
17898,12098
17899,4907
17900,6286
17901,2687
17902,
17903,
17904,
17905,
17906,
17907,
17908,
17909,
17910,
17911,12450
17912,12531
17913,11198
17914,12287
17915,12285
17916,12196
17917,12542
17918,
17919,
17920,12403
17921,12407
17922,12497
17923,11387
17924,10244
17925,7575
17926,12561
17927,12389
17928,11387
17929,
17930,10244
17931,
17932,12429
17933,
17934,
17935,5346
17936,
17937,12549
17938,4907
17939,11537
17940,
17941,10520
17942,5559
17943,
17944,12348
17945,
17946,3581
17947,5351
17948,12348
17949,
17953,2687
17954,12546
17955,12563
17956,12439
17957,12189
17958,12531
17959,12544
17960,12559
17961,12206
17962,12171
17963,12578
17964,12365
17965,12541
17966,12410
17967,12540
17968,
17969,12549
17970,12582
17971,12210
17972,12429
17973,7245
17974,12372
17975,12485
17976,11799
17977,9257
17978,12579
17979,12580
17980,12581
17981,11413
17982,12590
17983,12382
17984,12427
17985,12369
17986,
17987,327
17988,
17989,
17990,10244
17991,2687
17992,5559
17993,
17994,
17995,12348
17996,5992
17997,11387
17998,10547
17999,4907
18000,
18001,11537
18002,12532
18003,8913
18004,
18005,12557
18006,12538
18007,12519
18008,12517
18009,12518
18010,12518
18011,12471
18012,12593
18013,12587
18014,12388
18015,12572
18016,12439
18017,12605
18018,
18019,10520
18020,
18021,12472
18022,11040
18023,12600
18024,12603
18025,12601
18026,12599
18027,12583
18028,12539
18029,12602
18030,12612
18031,12613
18032,
18033,
18034,
18035,
18036,
18037,
18038,10547
18039,
18040,12087
18041,12540
18042,12649
18043,
18044,12650
18045,11895
18046,12588
18047,11321
18048,12201
18049,11326
18050,11328
18051,11329
18052,11331
18053,12200
18054,11892
18055,11894
18056,11331
18057,
18058,7245
18059,12034
18060,10244
18061,
18062,11177
18063,12659
18064,3310
18065,12659
18066,3310
18067,12659
18068,11177
18069,12659
18070,12573
18071,12574
18072,12654
18073,12501
18074,5559
18075,
18076,
18077,
18078,
18079,
18080,
18081,
18082,
18083,
18084,12549
18085,12425
18086,8100
18087,12087
18088,12654
18089,12588
18090,12216
18091,
18092,5354
18093,4907
18094,11537
18095,
18096,12532
18097,
18098,10244
18099,
18100,
18101,
18102,12443
18103,10520
18104,12584
18105,11596
18106,12635
18107,12639
18108,12639
18109,10238
18110,12595
18111,12146
18112,12698
18113,12441
18114,12443
18115,4908
18116,12666
18117,12666
18118,12666
18119,12189
18120,12189
18121,12189
18122,5405
18123,5405
18124,5405
18125,12189
18126,12189
18127,10272
18128,11177
18129,11257
18130,12394
18131,12668
18132,12658
18133,11257
18134,12568
18135,12668
18136,12663
18137,12568
18138,12217
18139,3609
18140,12427
18141,12382
18142,12396
18143,12468
18145,7245
18146,12605
18147,12439
18148,12667
18149,
18150,12284
18151,12198
18152,11892
18153,11895
18154,12287
18155,11326
18156,11328
18157,11329
18158,12649
18159,12703
18160,8108
18161,
18162,
18163,10244
18164,
18165,
18166,12006
18167,
18168,8913
18169,12532
18170,
18171,11537
18172,4907
18173,
18174,
18175,12702
18176,12348
18177,12699
18178,6286
18179,5346
18180,
18181,
18182,
18183,
18184,
18185,
18186,
18187,
18188,
18189,
18190,
18191,
18192,12704
18193,9270
18194,12485
18195,
18196,
18197,12593
18198,12037
18199,12217
18200,3609
18201,12427
18202,12666
18208,12472
18209,12439
18210,11331
18211,11331
18212,11328
18213,11329
18214,11331
18215,11331
18216,4908
18217,5354
18218,12732
18219,
18220,12599
18221,12549
18222,12740
18223,11465
18224,12596
18225,12666
18226,12738
18227,
18228,8981
18229,
18230,
18231,12425
18232,12664
18233,12294
18234,11537
18235,4907
18236,9551
18237,
18238,
18239,10244
18240,
18241,
18242,11387
18243,10244
18244,
18245,12438
18246,12599
18247,
18248,2687
18249,12142
18250,
18251,
18252,12747
18253,12746
18254,12748
18255,
18256,12752
18257,
18258,10244
18259,
18260,12602
18261,12666
18262,
18263,
18264,10547
18265,
18266,
18267,4907
18268,
18269,10244
18270,10244
18271,12438
18272,10244
18273,12645
18274,12647
18275,
18276,
18277,12751
18278,12485
18279,
18280,4907
18281,8913
18282,12777
18283,12596
18284,12630
18285,10916
18286,12754
18287,12229
18288,12777
18289,12532
18290,11331
18291,12786
18292,11331
18293,11892
18294,10633
18295,12287
18297,12196
18298,12696
18299,12784
18300,11326
18301,12287
18302,12697
18303,11326
18304,12196
18305,12784
18306,12697
18307,4908
18308,4908
18309,5405
18310,12666
18311,12497
18312,12731
18313,12730
18314,12788
18315,12666
18316,12189
18317,12009
18318,12757
18319,12793
18320,12792
18321,
18322,
18323,4907
18324,10244
18325,12780
18326,12699
18327,12425
18328,12294
18329,12549
18330,
18331,
18333,12697
18334,12697
18335,12697
18336,12697
18338,12696
18339,12696
18340,12696
18341,12696
18342,10089
18343,12812
18344,10089
18345,12189
18346,12810
18347,12811
18348,12802
18349,12445
18350,12776
18351,12621
18352,12621
18353,12445
18354,12427
18355,12485
18356,10238
18357,11177
18358,12024
18359,12394
18360,12441
18361,12441
18362,12795
18363,12814
18364,12766
18365,12798
18366,12743
18367,12765
18368,12764
18369,12794
18370,12787
18371,12816
18372,12630
18374,12797
18375,12817
18376,12818
18377,12819
18378,12820
18379,3609
18380,12429
18381,12645
18382,12647
18383,12824
18384,12697
18385,12697
18386,12697
18387,12629
18388,12711
18389,12714
18390,12824
18391,12712
18392,12633
18393,12634
18394,12189
18395,12189
18397,12632
18398,12641
18399,12637
18401,
18403,
18404,
18405,12425
18406,
18407,
18408,
18409,12599
18410,12803
18411,12753
18413,12442
18414,12792
18415,12793
18416,12778
18417,12825
18418,10244
18419,
18420,8913
18421,11331
18422,12776
18423,11921
18424,11177
18425,12394
18426,12394
18427,12666
18428,12789
18429,12294
18430,12549
18431,12699
18432,
18433,12762
18434,12829
18435,12813
18436,12743
18437,11177
18438,12833
18439,11177
18440,11892
18441,11326
18442,10520
18443,10547
18444,
18445,
18446,12294
18447,12549
18448,12599
18449,4907
18450,10244
18451,
18452,7427
18453,9551
18454,8100
18455,10244
18456,
18457,10244
18458,
18459,
18460,5559
18461,
18462,
18463,8100
18464,12438
18465,12832
18466,12189
18467,4908
18468,12831
18469,12833
18470,12860
18471,
18472,12803
18473,12825
18474,12835
18481,12865
18482,12657
18483,12836
18484,12802
18485,12854
18486,12868
18487,12851
18488,12833
18489,
18490,
18491,12864
18492,12863
18493,12880
18494,12880
18495,12621
18496,3609
18497,12817
18498,12629
18499,12824
18500,12857
18501,12856
18502,12441
18503,12441
18504,12820
18505,12819
18506,11892
18507,12880
18508,12670
18509,12674
18510,12673
18511,11326
18512,12671
18513,12672
18514,12675
18515,12690
18516,12671
18517,12672
18518,12675
18519,12669
18520,12666
18521,10089
18522,12837
18523,12343
18524,12441
18525,12805
18526,12829
18528,12743
18529,12382
18530,12382
18531,12382
18532,12382
18533,12382
18543,12762
18544,
18545,
18546,
18547,
18548,12829
18549,12762
18550,4907
18551,12639
18552,
18553,12854
18554,12847
18555,12868
18556,4907
18557,12276
18559,11537
18560,12837
18561,12532
18562,11789
18563,12777
18564,8913
18565,12696
18566,4269
18567,12189
18568,12006
18569,12796
18570,6286
18571,12599
18572,
18573,10759
18574,
18575,12429
18576,12853
18577,12810
18578,10238
18580,12820
18581,12818
18582,12819
18583,12621
18584,12778
18585,12791
18586,12189
18587,12771
18588,12549
18589,12599
18590,12445
18591,12445
18592,12631
18593,12189
18594,12652
18595,12881
18596,11379
18597,11283
18598,3609
18599,11372
18600,10932
18601,12890
18602,12892
18603,12893
18604,12894
18605,12893
18606,12894
18607,12621
18608,3609
18609,12552
18610,12552
18611,12475
18612,12858
18613,12189
18614,4908
18615,6397
18616,12666
18617,12308
18618,11747
18619,10244
18620,
18621,
18622,10244
18623,5992
18624,10244
18625,12896
18626,10270
18627,12833
18628,12666
18629,12904
18630,12897
18631,12906
18632,12835
18633,1337
18634,12777
18635,12914
18636,12621
18637,12889
18638,12810
18639,12795
18640,12814
18641,12880
18642,12915
18643,12871
18646,12816
18647,
18648,7427
18649,
18650,10244
18651,10547
18652,4907
18653,8913
18654,12006
18655,
18656,
18657,4907
18658,12532
18659,11537
18660,
18661,
18662,10547
18663,
18664,
18665,
18666,12796
18667,
18668,11387
18669,
18670,5559
18671,12825
18677,12929
18678,12906
18679,12897
18680,12937
18681,12964
18682,8913
18683,12441
18684,10238
18685,12964
18686,12940
18687,10272
18688,10932
18689,12697
18690,11283
18691,12696
18692,11747
18693,12954
18694,12621
18695,12942
18696,12944
18697,12946
18698,12948
18699,12950
18700,12805
18701,12743
18702,12805
18703,11177
18704,12958
18705,12961
18706,
18707,11921
18708,12518
18709,12189
18710,7570
18711,12666
18712,12621
18713,12968
18714,12969
18716,12970
18717,12963
18718,12955
18719,12955
18720,12778
18721,12975
18722,12974
18723,12974
18724,12976
18725,12976
18726,12964
18727,12871
18728,12915
18729,12242
18730,12207
18731,12240
18732,
18733,12971
18735,
18736,12965
18737,10244
18738,12966
18739,12990
18740,12988
18741,12985
18742,12974
18743,12986
18744,12856
18745,12857
18746,12666
18747,12964
18748,12898
18749,12888
18750,12878
18751,12886
18752,12265
18753,12244
18754,12269
18755,12267
18756,12266
18757,12874
18758,12873
18759,12964
18760,12964
18761,12896
18762,12991
18763,12982
18764,12989
18765,12994
18766,12995
18767,10244
18768,12954
18769,12982
18770,5559
18774,12999
18775,13000
18776,13002
18777,13001
18778,12836
18779,12871
18780,
18781,10547
18782,12965
18783,
18784,
18785,4907
18786,11537
18787,
18788,
18789,
18790,
18791,12438
18792,13014
18793,12814
18794,13007
18796,12552
18797,12897
18798,12911
18800,12857
18801,12825
18802,12967
18803,12981
18805,13013
18806,13017
18807,13009
18808,13010
18809,11896
18810,11372
18811,12501
18812,12974
18813,13022
18814,
18815,13023
18816,13024
18817,13025
18818,13026
18819,12797
18820,12670
18821,12673
18822,12674
18823,12671
18824,12672
18825,12675
18826,12816
18827,13030
18828,13032
18829,13031
18830,13011
18831,13037
18832,12343
18833,13008
18834,12664
18835,4907
18836,12599
18837,
18838,11537
18839,
18840,12549
18841,12438
18842,12348
18843,10244
18844,11331
18845,12287
18846,12285
18847,11379
18848,11283
18849,12189
18850,12825
18851,13008
18852,13023
18853,12859
18854,12276
18855,12967
18856,5559
18857,
18858,
18859,
18860,10547
18861,11387
18862,7427
18863,
18864,12343
18865,12501
18866,
18867,13038
18868,13050
18869,13054
18870,13020
18871,11384
18872,13033
18873,12836
18874,
18875,
18876,
18877,
18879,
18880,
18881,
18882,
18883,
18884,
18885,
18886,
18887,
18888,
18889,12652
18890,
18891,12676
18892,12677
18893,12677
18894,12683
18895,12683
18896,12682
18897,12897
18898,12955
18899,12681
18900,12680
18901,12679
18902,12678
18903,10272
18904,13068
18905,13067
18906,13029
18907,13028
18908,13059
18911,13026
18912,13023
18914,13071
18915,10272
18916,13049
18917,13053
18918,12968
18919,12969
18921,13049
18922,12974
18923,
18924,5559
18925,
18926,5346
18927,
18928,
18929,13076
18930,13076
18931,13079
18932,13081
18933,12836
18934,13078
18935,12518
18936,13089
18937,13106
18938,13101
18939,13100
18940,13103
18941,
18942,10244
18943,
18944,12911
18945,12911
18946,12676
18947,
18948,
18949,
18950,
18951,
18952,12006
18953,
18954,12006
18955,12836
18956,10244
18957,13023
18958,4907
18959,6286
18960,13079
18961,
18962,
18963,
18964,
18965,11868
18966,5346
18967,4907
18968,11537
18969,
18970,
18971,
18972,12549
18973,12599
18974,12294
18976,13001
18977,12816
18978,13031
18979,13140
18980,13140
18981,13140
18982,12923
18983,13066
18984,13124
18985,13141
18986,12621
18988,13017
18989,10944
18990,13118
18991,13125
18992,13145
18993,13026
18994,13139
18995,12805
18997,13144
18998,12518
18999,12189
19000,10944
19001,13136
19002,13146
19003,12955
19004,13149
19005,13148
19006,13097
19007,13059
19008,13060
19009,13061
19010,13062
19011,13063
19012,13157
19013,13158
19015,13159
19017,13160
19018,13137
19019,12189
19020,13095
19021,13094
19022,13090
19023,13088
19024,13099
19025,13092
19026,13091
19027,13008
19028,13087
19029,13085
19030,13084
19031,12825
19032,13122
19033,13116
19034,13115
19035,13114
19036,12883
19037,13117
19038,13161
19039,13162
19040,13163
19041,13164
19042,13165
19043,13113
19044,13110
19045,13105
19046,13111
19047,13109
19048,13108
19049,12552
19050,
19051,13018
19052,13167
19053,13168
19055,13166
19057,13140
19058,13172
19059,13179
19060,13178
19061,12920
19062,13112
19063,13152
19064,
19065,
19066,10244
19067,
19068,12753
19069,13185
19070,13183
19072,13188
19073,12938
19074,13190
19075,8720
19076,13184
19077,13189
19078,13193
19079,13138
19080,13194
19081,13196
19082,13200
19083,13171
19084,11337
19085,11339
19086,13129
19087,12850
19088,13129
19089,13206
19090,13207
19091,13083
19092,13021
19093,13209
19095,7245
19096,12438
19098,
19099,10244
19100,
19101,
19102,
19103,
19104,
19105,
19106,
19107,12599
19108,
19109,
19110,6279
19111,
19112,13221
19113,13211
19114,13029
19115,13080
19116,13028
19117,13138
19118,13094
19119,13217
19120,13215
19121,13233
19122,13197
19123,13198
19124,13199
19125,13201
19126,13234
19127,13235
19128,13236
19129,
19130,13237
19131,11334
19132,13131
19133,13130
19134,12937
19135,13185
19136,12518
19137,13140
19138,13166
19139,13243
19140,
19141,4907
19142,11537
19143,
19144,
19145,12821
19146,
19147,
19148,8913
19149,
19150,12438
19151,13203
19152,13260
19153,13222
19154,13221
19155,13202
19156,13125
19157,13112
19158,13269
19159,13268
19160,12680
19161,13117
19162,13264
19163,12614
19164,12577
19165,12681
19166,13124
19167,13109
19168,13273
19169,13272
19170,13271
19171,13252
19172,13253
19173,13267
19174,13266
19175,12967
19176,13265
19177,13263
19178,13274
19179,13262
19180,13275
19181,13277
19182,13261
19183,13110
19184,13103
19185,13100
19186,13254
19187,13107
19188,13105
19189,13134
19190,13134
19191,11343
19192,11343
19193,13223
19194,13225
19195,13224
19196,13226
19197,13131
19199,13195
19200,12973
19201,13287
19202,13289
19203,13288
19204,
19205,983
19206,
19207,983
19208,10244
19209,12438
19210,8720
19211,13240
19212,13299
19213,13152
19214,13158
19215,13133
19216,11344
19217,11344
19218,12522
19219,13300
19220,10944
19221,10244
19222,
19223,
19224,
19225,7245
19226,10547
19227,12526
19228,12276
19229,12847
19230,983
19231,12348
19232,12142
19233,4907
19234,
19235,
19236,11537
19237,12577
19238,
19239,
19240,5992
19241,3310
19242,
19243,10244
19244,10244
19245,12955
19246,13139
19247,13320
19248,13063
19249,12189
19250,13298
19251,13274
19252,13321
19253,13275
19254,13319
19255,13277
19256,13278
19257,13296
19258,13373
19259,13372
19260,13366
19261,13139
19262,13369
19263,12265
19264,13287
19265,12266
19266,12873
19267,12825
19268,13054
19269,13163
19270,13164
19271,13165
19272,12616
19273,12615
19274,13158
19275,12577
19276,12614
19277,12575
19278,8512
19279,13377
19280,12576
19281,13378
19282,13317
19283,13117
19284,13268
19285,13380
19286,13221
19287,13252
19288,13371
19289,11329
19290,13325
19291,11895
19292,12915
19294,12712
19295,13201
19296,13234
19297,13292
19298,11352
19299,12549
19300,13315
19301,13166
19302,13166
19303,11537
19304,13291
19305,13368
19306,13375
19307,13374
19308,13392
19309,13296
19310,13399
19311,13168
19312,13018
19313,13401
19314,13181
19316,13117
19317,
19318,5559
19319,
19320,
19321,
19322,
19323,12549
19324,12294
19325,
19326,12614
19327,
19328,
19329,10244
19330,
19331,
19332,13404
19333,12912
19335,13135
19336,13403
19337,12495
19338,12494
19339,12493
19340,12492
19341,13220
19342,11334
19343,13405
19344,13408
19345,13411
19346,13407
19347,13414
19348,13322
19349,13386
19350,13387
19351,13145
19352,13397
19353,13258
19354,13422
19355,13410
19356,13413
19357,13423
19358,13420
19359,13399
19360,13412
19361,13152
19362,13409
19363,13109
19364,13228
19365,13131
19366,13321
19367,13418
19368,13416
19369,13424
19370,13425
19371,13426
19372,13427
19373,11941
19374,
19375,
19376,
19377,6279
19378,11537
19379,
19380,
19381,
19382,6272
19383,5992
19384,13430
19385,13439
19386,13431
19387,13432
19388,13298
19389,13437
19390,13436
19391,13435
19392,13433
19393,13419
19394,13370
19395,11335
19396,11339
19397,11337
19398,13181
19399,11352
19400,13441
19401,7137
19402,13168
19403,13167
19404,13456
19405,13453
19406,13024
19407,12398
19408,13465
19409,13231
19410,13369
19411,5992
19412,7245
19413,
19414,
19415,
19416,
19417,5992
19418,
19419,10244
19420,
19421,
19422,13479
19423,13370
19424,13230
19426,13422
19427,13018
19428,
19429,13497
19430,13496
19431,13506
19432,13455
19433,13507
19434,13472
19435,
19439,13245
19440,13238
19441,11149
19442,13208
19443,13244
19444,13246
19445,12624
19446,13188
19447,10547
19448,
19449,
19450,
19451,12532
19452,
19453,11537
19454,4907
19455,7095
19456,12494
19457,12203
19458,12576
19459,
19460,7245
19461,8100
19462,12348
19463,12006
19464,
19465,
19466,13476
19467,13475
19468,13474
19469,13470
19470,12189
19471,13441
19472,13460
19473,13528
19474,13501
19475,13529
19476,13533
19477,13534
19478,13535
19479,13536
19480,13397
19481,12714
19482,13234
19483,13298
19484,13509
19485,13281
19486,13458
19487,13318
19488,13464
19489,13478
19490,13163
19491,13163
19492,13164
19493,13167
19494,13166
19495,13168
19496,13166
19497,13552
19498,13426
19499,13547
19500,13440
19501,13024
19502,13541
19503,13457
19504,13145
19505,13544
19506,13548
19507,13531
19508,13538
19509,13133
19510,13549
19511,13549
19512,13547
19513,13143
19514,13322
19515,13220
19516,13258
19517,13543
19518,13542
19519,13540
19520,13498
19521,12825
19522,13304
19523,13303
19524,13503
19525,13216
19526,13216
19527,13034
19528,13035
19529,11942
19530,13190
19531,13306
19532,13422
19533,13189
19534,13202
19535,13196
19536,13235
19537,13236
19538,13452
19539,13152
19540,13545
19541,13546
19542,13560
19543,7245
19545,13388
19546,13561
19547,13562
19548,13563
19549,13568
19550,13565
19551,13564
19552,13570
19553,13559
19554,13572
19555,13571
19556,13286
19557,13573
19558,13451
19559,
19560,
19561,
19562,5559
19563,
19564,
19565,10244
19567,13583
19568,13566
19569,3310
19582,2563
19583,13577
19584,13576
19585,13227
19586,13584
19587,13586
19588,13585
19590,11344
19591,13019
19592,13590
19593,13591
19594,10244
19595,
19596,13287
19597,13506
19598,13588
19599,13166
19600,13558
19601,13393
19602,11334
19603,13478
19604,13505
19605,13131
19606,13396
19607,13592
19608,13321
19609,
19610,
19611,5559
19612,11537
19613,12532
19614,
19615,
19616,5111
19617,
19618,13602
19619,12640
19620,13603
19621,12643
19622,13481
19623,12638
19624,13235
19625,12915
19626,13604
19627,13605
19628,13189
19629,13189
19630,13189
19631,12850
19632,12611
19633,12576
19634,12825
19635,13551
19636,12493
19637,12494
19638,13219
19639,13417
19640,11816
19641,13587
19642,13613
19643,13622
19644,13615
19645,13614
19646,13613
19647,13615
19648,13614
19649,13616
19650,13619
19651,13618
19652,13166
19653,13612
19654,12637
19655,13623
19656,13469
19657,12438
19658,13369
19659,13619
19660,13619
19661,13619
19662,13619
19663,13619
19664,13619
19665,13619
19666,13619
19667,13619
19668,13619
19669,13619
19670,13619
19671,3310
19672,13627
19673,
19674,
19675,12532
19676,
19677,5111
19678,
19679,10547
19680,5559
19681,10520
19682,
19683,
19684,12087
19685,7245
19686,13537
19687,13635
19688,13281
19689,13638
19690,13641
19691,13643
19692,13640
19693,13644
19694,13634
19695,13632
19696,13642
19697,12915
19699,13648
19700,13633
19701,13625
19702,13223
19703,13226
19704,13558
19705,13558
19706,13224
19707,11339
19708,13649
19709,13650
19710,11352
19711,
19712,13168
19713,13651
19714,13556
19715,13551
19716,11387
19717,13652
19718,13627
19719,8913
19720,
19721,
19723,7245
19724,
19725,12294
19726,13505
19727,
19728,13405
19729,13408
19730,13408
19731,13636
19732,13653
19733,13640
19734,13656
19735,13647
19736,13576
19737,13685
19738,13590
19739,13686
19740,13688
19741,11337
19742,11339
19743,13563
19744,11352
19745,
19746,13595
19747,13689
19748,13650
19749,13649
19750,13561
19751,13109
19752,13609
19753,13608
19754,13610
19755,13710
19756,13704
19757,11344
19758,13627
19759,
19760,
19761,
19762,
19763,12532
19764,
19765,12664
19766,
19767,13149
19768,
19769,13727
19770,13725
19771,13571
19772,13426
19773,13691
19774,13693
19776,13728
19778,13714
19779,13679
19780,13730
19781,13715
19782,13730
19783,13236
19784,13678
19785,13717
19786,13240
19787,13189
19788,13716
19789,13718
19790,13719
19791,13712
19792,13720
19793,13634
19794,13726
19795,13590
19796,13699
19797,13602
19798,13643
19799,12825
19800,13639
19801,13637
19802,865
19803,13220
19804,13070
19805,13369
19806,13595
19807,13594
19808,13687
19809,13477
19810,13429
19812,13407
19813,13708
19814,13661
19815,13707
19816,13711
19817,13709
19818,13532
19819,13531
19820,13538
19821,13537
19822,13539
19823,13658
19824,13145
19825,13145
19826,13587
19827,12189
19828,
19829,
19830,13620
19831,13615
19832,
19833,13614
19835,13613
19837,13615
19842,13614
19844,
19845,13616
19848,13617
19849,13735
19850,13736
19851,13834
19852,13722
19853,13721
19854,12955
19856,13631
19857,13393
19858,13738
19859,13558
19860,13739
19861,13740
19862,13741
19863,13742
19864,13590
19865,13743
19867,13625
19868,11337
19869,11339
19870,11352
19871,13685
19872,13689
19873,13759
19874,13763
19875,13764
19876,13765
19877,13748
19878,13708
19879,13501
19880,13766
19881,13771
19882,13767
19883,13587
19884,13768
19885,13769
19886,13770
19887,13223
19889,13414
19890,13408
19891,13281
19892,13165
19893,12624
19894,13738
19895,13772
19896,13773
19898,
19899,
19900,
19901,
19902,5403
19903,7245
19904,
19905,
19906,13300
19907,12087
19908,13256
19909,
19910,
19911,
19912,
19913,12532
19914,
19915,
19916,12549
19917,
19918,13429
19919,13751
19920,13752
19921,13753
19922,13775
19923,13381
19924,13776
19925,13382
19926,13789
19927,13781
19928,13785
19929,13383
19930,13680
19931,13230
19932,13292
19933,13109
19934,11337
19935,13563
19936,12683
19937,13680
19938,13794
19939,13795
19941,13730
19942,13796
19943,13100
19944,13790
19945,13657
19946,13611
19947,13798
19948,13801
19949,13800
19950,13760
19951,13318
19952,
19953,13805
19954,13559
19955,13806
19956,13807
19957,13765
19958,13808
19959,13790
19960,12909
19961,12909
19962,3310
19963,13834
19964,13627
19965,
19966,
19967,10547
19968,4907
19969,
19970,
19971,12490
19972,
19973,13300
19974,
19975,12532
19976,
19977,5111
19978,
19979,6279
19980,8720
19981,
19982,7245
19983,13804
19984,13810
19985,13826
19986,13827
19987,13216
19988,13169
19989,13829
19990,13829
19991,13811
19992,13813
19994,13832
19995,13792
19996,13738
19997,10244
19998,7427
19999,13596
20001,5559
20002,
20003,
20004,5559
20005,
20006,
20007,
20008,
20009,
20010,12532
20011,6279
20012,
20013,
20014,
20015,
20016,13850
20017,13851
20018,13849
20019,8321
20020,13848
20021,
20022,2563
20023,12348
20024,13770
20025,12664
20026,13768
20027,13785
20028,13845
20029,13833
20030,13840
20031,13833
20032,13746
20034,13841
20035,13836
20036,13853
20037,13189
20038,13857
20039,13836
20040,13861
20041,13855
20042,13859
20043,13856
20044,13860
20045,13842
20046,13862
20047,13862
20048,13837
20050,13774
20051,13542
20052,12493
20053,12494
20054,13501
20055,13865
20056,13846
20057,13657
20058,13866
20059,13810
20060,13810
20061,13224
20063,13863
20064,13864
20065,13872
20066,13838
20067,13713
20068,13718
20069,13854
20070,13460
20071,13692
20072,13799
20073,8720
20074,13596
20075,12664
20076,9277
20077,7245
20078,13534
20079,13858
20080,13875
20081,13869
20082,13869
20083,13618
20084,
20085,
20086,
20087,12821
20088,6272
20089,13606
20090,13326
20091,
20092,
20093,1358
20094,4907
20095,
20096,
20097,13877
20098,13516
20099,13844
20100,13902
20101,13903
20102,13583
20103,13870
20104,11921
20105,12883
20106,13323
20107,7245
20108,13839
20109,13812
20110,13858
20111,
20112,
20113,
20114,13596
20115,12532
20116,
20117,12532
20118,13499
20119,
20120,13596
20121,12348
20122,12549
20123,12294
20124,11082
20125,7427
20126,10624
20127,13808
20128,13790
20129,13852
20130,
20131,13145
20132,13844
20133,13931
20134,13932
20135,13935
20136,13936
20137,13934
20138,13933
20139,13851
20140,13937
20141,13005
20142,13944
20143,13810
20144,13908
20145,13909
20146,13938
20148,13869
20149,13869
20150,13869
20151,13240
20152,13913
20153,13834
20154,13914
20155,13615
20156,13614
20157,13862
20158,13613
20159,13615
20160,13614
20161,13516
20162,13915
20163,13227
20164,13990
20165,13917
20166,13916
20167,13918
20168,13919
20169,13920
20170,13923
20171,13922
20172,13921
20173,13939
20174,13411
20175,13904
20176,13414
20177,
20178,13840
20179,13870
20180,13940
20181,
20182,13942
20183,13678
20184,13679
20185,12599
20186,12599
20187,12549
20188,13256
20189,12189
20190,13997
20191,13996
20193,13998
20195,13833
20196,13833
20197,14000
20198,12883
20199,12883
20200,14001
20201,14006
20202,13994
20203,14002
20204,14003
20205,14004
20206,14012
20207,14013
20208,14005
20209,14007
20210,14009
20211,14011
20212,14008
20213,14017
20214,14016
20215,14015
20216,14010
20217,5992
20218,
20220,
20221,12438
20222,
20223,12532
20224,4907
20225,14020
20226,14019
20227,13869
20228,14023
20229,13878
20230,14024
20231,13760
20233,13214
20235,13216
20236,13220
20237,13312
20240,13901
20242,13004
20243,13290
20245,13941
20246,14025
20247,14026
20248,13986
20249,13965
20250,13971
20251,14027
20252,14021
20253,13993
20254,13991
20255,14028
20256,14029
20257,14031
20258,14032
20259,14034
20260,14035
20261,
20262,10244
20263,13860
20264,13587
20265,13745
20266,13627
20267,
20268,
20269,12532
20270,
20271,5111
20272,12438
20273,2563
20274,13005
20275,
20276,
20277,
20278,11473
20279,13999
20280,14045
20281,14046
20282,13799
20283,14047
20284,12829
20285,14037
20286,14036
20287,13034
20288,13035
20289,13478
20290,13477
20291,11784
20292,13620
20293,13615
20294,13614
20295,13785
20296,14041
20297,14056
20298,14056
20299,13869
20300,13869
20301,
20302,5111
20303,6279
20304,13286
20305,14072
20306,
20307,14075
20308,14074
20309,14076
20310,13795
20311,
20312,
20313,12664
20314,
20315,10708
20316,12664
20317,
20318,10244
20319,9277
20320,14094
20321,14093
20322,14092
20323,14093
20324,14100
20325,14044
20326,14067
20327,14088
20328,1195
20329,14097
20330,13938
20331,14104
20332,14095
20333,14080
20335,14078
20336,13582
20337,13384
20338,12398
20339,14099
20340,13587
20341,13769
20342,14065
20343,13124
20344,14064
20345,14063
20346,14077
20347,14101
20348,13937
20349,14068
20350,14061
20351,14062
20352,14063
20353,13869
20354,13862
20355,14106
20356,13942
20357,14098
20358,14108
20359,14107
20360,14096
20361,14039
20362,11081
20363,14116
20364,14112
20365,14087
20366,14084
20367,14083
20368,14082
20369,14081
20370,14058
20371,14028
20372,13995
20373,10520
20374,10244
20375,
20376,7245
20377,
20378,5111
20379,6286
20380,14122
20381,14119
20382,14130
20383,14133
20384,14086
20385,14041
20386,14134
20387,14135
20389,14109
20390,14053
20391,13220
20392,13582
20393,13780
20394,14123
20395,14085
20396,14138
20397,13869
20398,
20399,
20400,13627
20401,
20402,13005
20403,13004
20404,13924
20405,
20407,12490
20408,
20409,12438
20410,7245
20411,2563
20412,12599
20413,7427
20414,12664
20415,4269
20416,5111
20417,
20418,12532
20419,12664
20420,
20421,10944
20422,12438
20423,12438
20424,13627
20425,2563
20426,
20427,
20428,
20429,983
20430,
20431,327
20432,
20433,12599
20434,4269
20435,13499
20436,
20437,5992
20438,
20439,6279
20440,
20441,11387
20442,2563
20443,11387
20444,10041
20445,
20446,13627
20447,
20448,
20449,
20450,
20451,5403
20452,3515
20453,14028
20454,14182
20455,13997
20456,13408
20457,13411
20458,13405
20459,13414
20460,13414
20461,13414
20462,12553
20463,14145
20464,14109
20467,14136
20472,13792
20476,14098
20478,12438
20479,10244
20480,13784
20481,13924
20482,
20483,14074
20484,14107
20485,
20486,14089
20487,13683
20488,14194
20489,4269
20490,5111
20491,
20492,12348
20493,
20494,12341
20495,12493
20496,12549
20497,14074
20500,14101
20501,14012
20504,14009
20505,14011
20506,14004
20507,14007
20508,14013
20510,14010
20511,14008
20514,12664
20515,
20516,5992
20517,13143
20518,13795
20519,5992
20520,14199
20521,14100
20522,14188
20523,14165
20524,14154
20525,14190
20526,14152
20527,14153
20529,10624
20530,14196
20532,13943
20533,14204
20534,14191
20535,14198
20536,14181
20537,14180
20538,14178
20539,14183
20540,14203
20541,14184
20542,14171
20543,12909
20544,14172
20545,14163
20546,14206
20547,14023
20548,13808
20549,14145
20550,13942
20551,14148
20552,14127
20553,14126
20554,13866
20555,13795
20557,13478
20558,13869
20559,13869
20560,14167
20561,14139
20562,14140
20564,13901
20565,14212
20566,14216
20567,14217
20568,14218
20569,13891
20570,13891
20571,13885
20572,13888
20573,14218
20574,13895
20575,14216
20576,13898
20578,14219
20579,14220
20580,14221
20581,14221
20582,14222
20583,14223
20586,14224
20587,14224
20588,11348
20589,11348
20591,14225
20592,13880
20593,13884
20594,13884
20595,13887
20596,14226
20597,14227
20600,14228
20602,13899
20604,14229
20605,14229
20606,14230
20607,13890
20608,13890
20609,13893
20613,14221
20616,14155
20618,12495
20619,12494
20620,13878
20621,13810
20622,13834
20623,13627
20624,2563
20625,
20626,12493
20627,5403
20628,12494
20629,13878
20630,5111
20631,13784
20632,13499
20633,
20634,
20635,12348
20636,12549
20637,11537
20638,14186
20639,14209
20640,14151
20641,14134
20642,14108
20643,14238
20645,14237
20646,14208
20647,14146
20648,13942
20649,13220
20650,14211
20651,13810
20652,13511
20653,13512
20654,8106
20655,8109
20656,14149
20657,14153
20658,14246
20659,14068
20660,14200
20661,14193
20662,14247
20663,
20664,13746
20665,13885
20666,13898
20667,11348
20668,14250
20669,13832
20670,12972
20671,12972
20672,12972
20673,14251
20674,14244
20675,14244
20676,14201
20677,13627
20678,
20679,
20680,12965
20681,11537
20682,12532
20683,5111
20684,
20685,6279
20686,
20687,
20688,13866
20689,14252
20690,14195
20691,14168
20692,13694
20693,14254
20694,13312
20695,14148
20696,12189
20698,14176
20699,14129
20700,14175
20701,14258
20702,
20703,13868
20704,14263
20705,14110
20706,14071
20707,14260
20708,12992
20709,14128
20710,13558
20711,14264
20712,12972
20713,13933
20714,14024
20715,14267
20716,14266
20717,14196
20718,13988
20719,13834
20720,
20721,13627
20722,
20723,
20724,12348
20725,12664
20726,13784
20727,14030
20728,
20729,13596
20730,14168
20731,12438
20732,2563
20733,
20734,12087
20735,11537
20736,12532
20737,5111
20738,
20739,13683
20740,
20741,14095
20742,14085
20743,14244
20744,13558
20745,14275
20746,14152
20747,14152
20748,14274
20749,14207
20750,14189
20751,14240
20752,14284
20753,14283
20754,14175
20755,14213
20756,14214
20757,14277
20758,14278
20759,14023
20760,14261
20761,13868
20762,11453
20763,14280
20764,14279
20765,14110
20766,13478
20767,14070
20768,14286
20769,14285
20770,14268
20771,14248
20772,14075
20773,14200
20774,12189
20775,14128
20776,13934
20777,14269
20778,13768
20779,14148
20780,14282
20781,13227
20782,14223
20783,14208
20784,14006
20785,14001
20787,13896
20788,13608
20789,13657
20790,13596
20792,13598
20793,13597
20794,14289
20795,9971
20796,14192
20797,14288
20798,14132
20799,14294
20800,12955
20801,13834
20802,4269
20803,12532
20804,
20805,
20806,12438
20807,
20808,
20809,6279
20810,
20811,13326
20812,5111
20813,14295
20814,13905
20815,14306
20816,14303
20817,14310
20818,14313
20819,14300
20820,14308
20821,14312
20822,14311
20823,14307
20824,14309
20825,14248
20826,14285
20827,14262
20828,14257
20829,14257
20830,14314
20831,14272
20832,14315
20833,13885
20834,14319
20835,14297
20837,14006
20838,14132
20839,14321
20840,13631
20841,13870
20842,14021
20843,14213
20844,14277
20845,14333
20846,14334
20847,14137
20848,14316
20849,14329
20850,14330
20851,14331
20852,14327
20853,13335
20854,13477
20855,14317
20856,10244
20857,
20858,2563
20859,
20860,12438
20861,9551
20862,7427
20863,10244
20864,
20865,
20866,13627
20867,
20868,4269
20869,
20870,
20871,12532
20872,12490
20873,13924
20874,
20875,
20876,13888
20877,14340
20878,14241
20879,14341
20880,14303
20881,14343
20882,14268
20883,14310
20884,14256
20885,14154
20886,14293
20887,14328
20888,14189
20889,14325
20890,14345
20891,14344
20892,14006
20893,14095
20895,14353
20896,14339
20898,14355
20899,14356
20900,13143
20901,14338
20902,14123
20903,14252
20904,14350
20906,14363
20907,14365
20910,14366
20911,13227
20912,13228
20913,13747
20914,14367
20915,14368
20916,14052
20917,14066
20918,14049
20919,14059
20920,14054
20921,4269
20922,4907
20923,
20924,12532
20925,
20926,12664
20927,12664
20928,13596
20929,10244
20930,9277
20931,12438
20932,
20933,7245
20934,13924
20935,13784
20936,11941
20937,327
20938,
20939,12549
20940,14298
20941,
20942,7245
20943,10244
20944,14373
20945,14406
20946,14410
20947,14332
20948,14332
20949,14369
20950,14061
20951,14175
20952,14421
20953,12987
20954,14396
20955,9971
20956,14422
20957,13965
20958,14396
20959,14408
20960,13596
20961,14385
20962,14370
20963,12010
20964,13312
20965,10943
20966,14426
20967,14287
20968,13290
20969,14152
20970,14326
20971,14374
20972,14085
20973,14429
20974,14346
20975,14328
20976,14207
20977,14189
20978,14428
20979,14428
20980,12313
20982,
20983,
20984,10244
20985,
20986,3581
20987,
20988,12348
20989,11191
20990,14438
20991,14437
20992,14442
20993,13408
20994,9971
20995,14439
20996,14298
20997,14245
20998,14150
20999,14214
21000,14443
21001,14396
21002,14396
21003,14441
21004,14357
21005,14192
21006,14410
21007,14332
21008,14332
21009,14056
21010,14056
21011,14369
21012,
21013,14451
21014,14377
21015,14381
21016,14448
21017,14376
21018,14387
21019,13225
21020,14378
21021,14379
21022,14386
21023,14388
21024,13282
21025,14371
21026,14380
21027,14382
21028,14384
21029,12972
21030,14459
21031,14399
21032,14403
21033,14456
21034,14458
21035,13613
21036,13615
21037,13614
21038,
21039,
21040,
21042,
21043,13784
21044,10244
21045,10708
21046,13924
21047,7245
21048,
21049,12599
21050,12664
21051,12549
21052,14298
21054,12532
21055,
21056,5111
21057,
21058,
21059,
21060,
21061,12438
21062,14172
21063,14442
21064,14157
21065,14469
21066,14471
21067,14214
21069,14363
21070,14362
21071,14277
21072,12495
21073,13143
21074,14137
21075,13683
21076,14162
21077,14436
21078,12987
21079,13580
21080,13581
21081,14452
21082,13353
21083,14268
21084,11794
21085,14202
21086,14443
21087,14443
21088,14414
21089,14411
21090,14420
21091,14418
21092,14416
21093,14413
21094,14412
21095,14419
21096,12909
21097,12909
21098,14417
21099,14339
21100,14461
21101,14394
21102,14392
21103,12189
21105,14390
21108,14473
21109,14415
21110,14391
21111,14389
21112,14472
21113,14472
21114,14068
21115,14068
21116,14470
21117,14475
21118,14476
21119,13834
21120,13810
21121,13512
21122,13513
21123,13614
21124,14478
21125,14291
21126,12549
21127,14312
21128,14491
21129,13334
21130,13364
21134,12115
21135,12955
21136,14326
21137,
21138,
21139,
21140,
21141,
21142,
21143,
21144,
21145,14147
21146,12532
21147,
21148,13924
21149,14252
21150,
21151,
21152,10708
21153,14214
21154,14520
21155,14472
21156,14472
21157,14068
21158,14505
21159,10624
21160,14506
21161,14507
21164,14068
21165,14518
21166,13143
21167,14474
21168,14517
21170,14510
21171,14137
21172,14499
21173,14440
21174,14177
21175,14340
21178,14500
21179,14310
21180,14524
21181,14443
21184,14529
21185,14152
21186,14533
21187,14425
21188,13414
21190,12006
21191,
21193,14546
21194,14461
21195,13751
21196,13661
21202,11454
21203,12553
21204,14543
21205,14010
21206,14009
21207,14353
21209,3515
21210,13326
21211,
21212,10244
21213,
21214,12087
21215,14142
21216,7245
21217,
21218,
21219,
21220,14298
21221,12549
21222,14526
21223,14525
21224,14455
21225,14557
21226,14560
21227,14421
21228,14421
21229,14278
21230,14467
21231,14563
21232,14548
21233,14564
21234,14549
21235,13703
21239,14558
21240,13834
21241,13613
21242,13810
21243,13166
21244,14496
21245,14497
21246,11191
21247,14547
21248,14214
21249,14520
21250,14565
21251,14472
21252,14566
21253,14466
21254,14137
21255,14569
21256,
21257,12438
21258,10244
21259,
21260,
21261,
21262,
21263,10244
21264,10467
21265,14570
21266,14517
21267,14508
21268,14582
21269,14523
21270,14523
21271,14506
21272,14591
21273,
21274,
21275,14580
21276,14579
21277,14578
21278,14577
21279,14576
21280,14575
21281,14582
21282,9971
21283,14528
21284,14562
21285,14573
21286,14415
21287,14436
21288,14152
21289,14255
21290,3310
21291,3310
21292,3310
21293,3310
21294,3310
21295,3310
21296,3310
21297,3310
21298,3310
21299,3310
21300,3310
21301,3310
21302,3310
21303,3310
21304,3310
21305,3310
21306,3310
21307,3310
21308,3310
21309,3310
21310,3310
21311,3310
21312,3310
21313,3310
21314,3310
21315,3310
21316,3310
21317,3310
21318,3310
21319,3310
21320,3310
21321,3310
21322,3310
21323,3310
21324,3310
21325,3310
21326,3310
21327,3310
21328,3310
21329,3310
21330,3310
21331,3310
21332,3310
21333,3310
21334,3310
21335,3310
21336,3310
21337,3310
21338,3310
21339,3310
21340,3310
21341,3310
21342,3310
21343,3310
21344,3310
21345,3310
21346,3310
21347,3310
21348,3310
21349,3310
21350,3310
21351,3310
21352,3310
21353,3310
21354,3310
21355,3310
21356,3310
21357,3310
21358,3310
21359,3310
21360,3310
21361,3310
21362,3310
21363,3310
21364,3310
21365,3310
21366,3310
21367,3310
21368,3310
21369,13834
21370,13834
21371,13834
21372,13834
21373,13834
21374,13834
21375,3310
21376,13834
21377,13834
21381,3985
21382,3985
21383,3985
21384,3985
21385,3985
21386,3985
21387,3985
21388,3985
21389,3985
21390,3985
21391,3985
21392,3985
21393,3985
21394,3985
21395,3985
21396,3985
21397,3985
21398,3985
21399,3985
21400,3985
21401,3985
21402,3985
21403,3985
21404,3985
21405,3985
21406,3985
21407,3985
21408,3985
21409,3985
21410,3985
21411,3985
21412,3985
21413,3985
21414,3985
21415,3985
21416,3985
21417,3985
21418,3985
21419,3985
21420,3985
21421,3985
21422,3985
21423,3985
21424,3985
21425,3985
21426,3985
21427,3985
21428,3985
21429,3985
21430,3985
21431,3985
21432,3985
21433,3985
21434,3985
21435,3985
21436,3985
21437,3985
21438,3985
21439,3985
21440,3985
21441,3985
21442,3985
21443,3985
21444,3985
21445,3985
21446,3985
21447,3985
21448,3985
21449,3985
21450,3985
21451,3985
21452,3985
21467,4558
21468,4558
21469,4558
21470,4558
21471,4558
21472,4558
21473,4558
21474,4558
21475,4558
21476,4558
21477,4558
21478,4558
21479,4558
21480,4558
21481,4558
21482,4558
21483,4558
21484,4558
21485,4558
21486,4558
21487,4558
21488,4558
21489,4558
21495,4001
21496,4001
21497,4001
21498,4001
21499,4001
21500,4001
21501,4001
21502,4001
21503,4001
21504,4001
21505,4001
21506,4001
21507,4001
21508,4001
21509,4001
21510,4001
21511,4001
21512,4001
21513,4001
21514,4001
21515,4001
21516,4001
21517,4001
21522,4058
21523,4058
21524,4058
21525,4058
21526,4058
21527,4058
21528,4058
21529,4058
21530,4058
21531,4058
21532,4058
21533,4058
21534,4058
21535,4058
21536,4058
21537,4058
21538,4058
21539,4058
21540,4058
21546,4558
21547,4558
21548,4558
21549,4558
21550,4558
21551,4558
21552,4558
21553,4558
21554,4558
21555,4558
21556,4558
21557,4558
21558,4558
21559,4558
21560,4558
21561,4558
21562,4558
21563,4558
21564,4558
21570,4247
21571,4247
21572,4247
21573,4247
21574,4247
21575,4247
21576,4247
21577,4247
21578,4247
21579,4247
21580,4247
21581,4247
21582,4247
21583,4247
21584,4247
21585,4247
21586,4247
21587,4247
21588,4247
21594,3985
21595,3985
21596,3985
21597,3985
21598,3985
21599,3985
21600,3985
21601,3985
21602,3985
21603,3985
21604,3985
21605,3985
21606,3985
21607,3985
21608,3985
21609,3985
21610,3985
21611,3985
21612,3985
21613,3985
21614,3985
21615,3985
21616,3985
21617,3985
21618,3985
21619,3985
21620,3985
21621,3985
21622,3985
21623,3985
21624,3985
21625,3985
21626,3985
21627,3985
21628,3985
21629,3985
21630,3985
21631,3985
21632,3985
21633,3985
21634,3985
21635,3985
21636,3985
21637,3985
21638,3985
21639,3985
21640,3985
21641,3985
21642,3985
21643,3985
21644,3985
21645,3985
21646,3985
21647,3985
21648,3985
21649,3985
21650,3985
21651,3985
21652,3985
21666,4458
21667,4458
21668,4458
21669,4458
21670,4458
21671,4458
21672,4458
21673,4458
21674,4458
21675,4458
21676,4458
21677,4458
21678,4458
21679,4458
21680,4458
21681,4458
21682,4458
21683,4458
21684,4458
21685,4458
21686,4458
21687,4458
21688,4458
21689,4458
21690,4458
21691,4458
21692,4458
21693,4458
21694,4458
21695,4458
21696,4458
21697,4458
21698,4458
21699,4458
21700,4458
21701,4458
21702,4458
21703,4458
21704,4458
21705,4458
21706,4458
21707,4458
21708,4458
21709,4458
21710,4458
21711,4458
21712,4458
21713,4458
21714,4458
21715,4458
21716,4458
21717,4458
21718,4458
21719,4458
21720,4458
21721,4458
21722,4458
21723,4458
21724,4458
21738,3985
21739,3985
21740,3985
21741,3985
21742,3985
21743,3985
21744,3985
21745,3985
21746,3985
21747,3985
21748,3985
21749,3985
21750,3985
21751,3985
21752,3985
21753,3985
21754,3985
21755,3985
21756,3985
21757,3985
21758,3985
21759,3985
21760,3985
21761,3985
21762,3985
21763,3985
21764,3985
21765,3985
21766,3985
21767,3985
21768,3985
21769,3985
21770,3985
21771,3985
21772,3985
21773,3985
21774,3985
21775,3985
21776,3985
21777,3985
21778,3985
21779,3985
21780,3985
21781,3985
21795,3310
21796,3310
21797,3310
21798,3310
21799,3310
21800,3310
21801,3310
21802,3310
21803,3310
21804,3310
21805,3310
21806,3310
21807,3310
21808,3310
21809,3310
21810,3310
21811,3310
21812,3310
21813,3310
21814,3310
21815,3310
21816,3310
21817,3310
21818,3310
21819,3310
21820,3310
21821,3310
21822,3310
21823,3310
21824,3310
21825,3310
21826,3310
21827,3310
21828,3310
21829,3310
21830,3310
21831,3310
21832,3310
21833,3310
21834,3310
21835,3310
21836,3310
21837,3310
21838,3310
21839,13834
21851,3310
21852,3310
21853,3310
21854,3310
21855,3310
21856,3310
21857,3310
21858,3310
21859,3310
21860,13596
21872,13619
21873,13619
21874,13619
21875,13619
21876,13619
21877,14320
21878,14443
21879,14322
21880,14589
21881,14397
21883,14521
21884,14522
21885,14603
21886,14600
21887,14491
21888,14593
21889,14593
21890,14401
21893,14513
21894,14594
21895,12438
21896,10244
21897,11191
21898,14535
21899,
21900,
21901,
21902,
21903,
21905,
21906,14606
21907,14608
21908,14609
21909,13225
21910,13225
21911,14380
21912,14377
21913,14612
21915,14613
21916,14381
21917,14376
21918,14619
21919,14382
21920,14457
21921,14604
21922,14604
21923,14541
21924,14577
21925,14524
21926,14421
21927,14421
21928,14510
21929,14497
21930,14625
21931,
21932,12006
21934,14617
21935,14466
21936,14561
21937,
21939,14450
21940,14268
21941,14559
21942,13175
21943,14641
21944,13993
21945,14615
21946,14614
21947,14046
21952,
21953,14535
21954,
21955,
21956,324
21957,12438
21958,2687
21959,
21960,14407
21961,14120
21962,14592
21963,14494
21964,
21967,14298
21969,12549
21970,
21971,
21972,3515
21973,14466
21974,14520
21975,12909
21976,14448
21977,14255
21978,14198
21979,14644
21980,14507
21981,14506
21982,14510
21983,14051
21984,14503
21985,12955
21986,14660
21987,14660
21988,14419
21989,14594
21990,14487
21991,14436
21992,14594
21993,14287
21995,14657
21996,14646
21997,14647
21998,14648
21999,13175
22000,14649
22001,13601
22002,14656
22003,14643
22004,10502
22005,10467
22006,10501
22007,14534
22008,10503
22009,12415
22010,10502
22011,14666
22012,14665
22013,14663
22014,14668
22015,14375
22016,14623
22017,14040
22018,13696
22019,13175
22020,14621
22021,14618
22022,12207
22024,14658
22025,14651
22026,14500
22028,14670
22029,14670
22030,14532
22031,14530
22032,14531
22033,14595
22036,14486
22037,14482
22038,14488
22039,12972
22040,14485
22041,14481
22042,14489
22043,14490
22044,14492
22045,14493
22046,14620
22047,14589
22048,14626
22049,14669
22050,14351
22052,12309
22053,14678
22054,14352
22056,14674
22057,14664
22058,14268
22059,14679
22060,14676
22061,12874
22062,14675
22063,14681
22064,14682
22065,14620
22066,
22067,
22068,
22069,13737
22070,13627
22071,10244
22072,14494
22073,14535
22074,
22075,12438
22076,
22077,14030
22078,14455
22079,14401
22080,
22081,11537
22082,5111
22083,
22084,
22085,14494
22086,14671
22087,14298
22088,12549
22089,
22090,
22091,14659
22092,14162
22093,14577
22094,12918
22095,12918
22096,14728
22097,14727
22098,14726
22099,14730
22100,14370
22101,14070
22102,13414
22103,14348
22104,14189
22105,14436
22106,14551
22107,13408
22108,14601
22109,14620
22110,14670
22111,14670
22112,14670
22113,10933
22114,14376
22115,14382
22116,14377
22117,14725
22118,14568
22119,14682
22120,14681
22121,14361
22122,14738
22123,14729
22124,14327
22125,13208
22126,14468
22127,14361
22128,12965
22129,
22130,12438
22132,14120
22133,
22134,14535
22135,14759
22136,14164
22137,12909
22138,14737
22139,14768
22140,14732
22141,14769
22142,14771
22143,14770
22144,11348
22145,14773
22146,14741
22147,11347
22148,14782
22149,14763
22150,14595
22151,14531
22152,14532
22153,14789
22154,14788
22155,14785
22156,14642
22157,14786
22158,14780
22159,14783
22160,14783
22161,14774
22162,14777
22163,14779
22164,14779
22165,14781
22166,14781
22167,14626
22168,14351
22169,14790
22170,14614
22171,12918
22172,9460
22173,14787
22174,14207
22175,14287
22176,14152
22177,14375
22178,13839
22179,14240
22180,14202
22181,14565
22182,14748
22183,14670
22184,14670
22185,14670
22186,14670
22187,14535
22188,14535
22189,14743
22190,14681
22191,14736
22192,14461
22193,14676
22194,14326
22195,14776
22196,14455
22197,14520
22199,10547
22200,14795
22201,14795
22202,14797
22203,14553
22204,14800
22205,14800
22206,14799
22207,14799
22208,14792
22209,14794
22210,14568
22211,14791
22212,409
22213,409
22214,
22215,14734
22216,
22217,12532
22218,
22219,14776
22220,
22221,
22222,
22223,14737
22224,14214
22225,14811
22226,14782
22227,13414
22228,14808
22229,14747
22230,14758
22231,14757
22232,14791
22233,14257
22234,14793
22235,14796
22236,14741
22240,13619
22241,14813
22242,14807
22243,14820
22244,14819
22245,14824
22246,14508
22247,14731
22248,12874
22249,14468
22250,14805
22251,13925
22252,14317
22253,14812
22255,12310
22256,14826
22257,14040
22258,14821
22259,14827
22261,14823
22262,14825
22264,13627
22265,3515
22266,
22267,12006
22268,13628
22269,
22270,
22271,14741
22272,14520
22273,14348
22274,14802
22275,14802
22276,14831
22277,14849
22278,14849
22279,14848
22280,12006
22281,
22282,14626
22283,14351
22284,14852
22285,14352
22292,13665
22293,13667
22301,14854
22302,14152
22303,14152
22304,14573
22305,14856
22306,14858
22307,14859
22308,14857
22309,14601
22310,14630
22311,14631
22314,14843
22315,14843
22316,10502
22317,10501
22318,10503
22319,14662
22321,14663
22324,14741
22325,14663
22326,12415
22327,14361
22328,
22329,
22330,
22331,12780
22332,
22333,
22334,14120
22335,12438
22336,10244
22337,
22338,
22339,
22340,
22341,
22342,
22343,
22345,
22346,12955
22347,14795
22348,14376
22349,14777
22350,9629
22351,14772
22352,14781
22353,14382
22354,14803
22355,14626
22356,14805
22357,14846
22358,14844
22359,14807
22360,14885
22361,14878
22362,14880
22363,12310
22364,14883
22365,14189
22367,14747
22368,14152
22369,13598
22370,12965
22371,14835
22372,14870
22373,14875
22375,14802
22376,14817
22377,14816
22378,14815
22379,14810
22380,14626
22381,12640
22382,14630
22383,14887
22384,14845
22385,12189
22386,12189
22387,14845
22388,14888
22389,14322
22390,14202
22391,14874
22392,14879
22393,14881
22394,14808
22395,14658
22396,14835
22397,14836
22400,14851
22401,14189
22402,14786
22403,14040
22404,14120
22405,
22406,
22407,14535
22408,
22409,
22410,
22411,12549
22412,14494
22413,324
22414,324
22415,14734
22416,
22417,
22419,9629
22420,14375
22421,14409
22422,14902
22423,14857
22424,
22425,14632
22426,14865
22427,14812
22428,14906
22429,14906
22430,14904
22431,14900
22432,14867
22433,14869
22434,14802
22435,14013
22436,14894
22437,14901
22438,14844
22439,14915
22440,14791
22441,14928
22442,13871
22443,12965
22444,
22445,
22446,14407
22447,14886
22448,14741
22450,14930
22451,14559
22452,14809
22453,14455
22455,14240
22456,14796
22457,14794
22458,14793
22459,14814
22460,14939
22461,14939
22462,14823
22463,12965
22464,14364
22465,14895
22466,14895
22467,11390
22468,14871
22469,14873
22470,14872
22471,14931
22472,14152
22473,14883
22474,14892
22475,14893
22476,14929
22477,13884
22479,14847
22480,14940
22482,14581
22483,14270
22484,13834
22485,8108
22486,8106
22487,
22488,14535
22489,
22490,14120
22491,
22492,
22493,12532
22494,14773
22495,14162
22496,14952
22497,14891
22498,12965
22499,14946
22500,14944
22501,14957
22502,14945
22503,14945
22504,14633
22505,14933
22506,14936
22507,14934
22508,12972
22509,14936
22510,14934
22511,12965
22512,12965
22513,13824
22514,
22515,14947
22516,13283
22517,14905
22518,14935
22519,14935
22520,14937
22521,14937
22522,14938
22523,14938
22524,14606
22525,14606
22532,14361
22533,14950
22534,14951
22535,14974
22536,14189
22537,14955
22538,14955
22539,14975
22540,14816
22541,14976
22542,14932
22543,14488
22544,14486
22545,14485
22546,14481
22547,14457
22548,13737
22550,
22551,13627
22552,12532
22553,13499
22554,13501
22555,
22557,14978
22558,14936
22559,14791
22562,14749
22563,14755
22564,14980
22565,14937
22566,14937
22567,14964
22568,14964
22569,14989
22570,14982
22571,14672
22574,13619
22575,14986
22576,14965
22577,14965
22578,14970
22579,14971
22580,14983
22581,14987
22582,14972
22583,14972
22584,14985
22585,14988
22586,14981
22587,14991
22588,14896
22589,14992
22590,
22591,9971
22592,15006
22593,14673
22594,14993
22595,14994
22596,14674
22597,14240
22598,15004
22599,14568
22600,14568
22601,15005
22602,10641
22603,14448
22604,14528
22605,15007
22606,15003
22607,15003
22608,14955
22609,14955
22610,
22611,
22612,14407
22613,
22614,3673
22615,
22616,14871
22617,15006
22618,14786
22619,14788
22620,14789
22621,14940
22622,8109
22623,15020
22624,14401
22625,15028
22626,14857
22627,
22628,12874
22629,15035
22630,14988
22631,14916
22632,13353
22633,15036
22634,15031
22635,15030
22636,15029
22637,14989
22638,15027
22639,14997
22640,14996
22641,14998
22642,14983
22643,14994
22644,14999
22645,15000
22646,15001
22647,14375
22648,15039
22649,14940
22650,15017
22651,12310
22652,15013
22653,15034
22654,15033
22655,15032
22656,15014
22657,15015
22658,15016
22659,15018
22660,14725
22661,12010
22662,12010
22663,14991
22664,14991
22665,14662
22666,11798
22667,14661
22668,14661
22669,14559
22670,328
22671,
22673,14827
22674,
22675,
22676,
22677,5559
22678,13627
22679,
22680,
22681,
22682,
22683,14252
22684,
22685,15041
22686,12549
22687,14494
22688,14898
22689,14903
22690,14141
22691,12532
22692,
22693,14744
22694,15047
22695,14749
22696,15049
22697,15048
22698,14798
22699,14863
22700,15019
22701,14959
22702,14401
22703,14793
22704,14900
22705,15050
22706,12980
22707,14948
22708,15012
22709,15011
22710,12955
22711,14429
22712,15045
22713,15046
22714,14983
22715,14744
22716,14298
22717,14931
22718,15051
22719,13598
22720,13598
22721,14673
22722,15029
22723,14214
22724,15021
22725,15066
22726,15066
22728,15060
22729,15061
22730,15062
22731,15062
22732,14662
22733,15100
22734,
22735,14486
22736,
22737,14859
22738,14948
22739,15092
22740,14848
22741,14857
22742,14856
22743,14858
22744,15090
22745,15088
22746,15086
22747,12310
22748,15017
22749,4327
22750,14831
22751,14749
22754,14521
22755,
22756,
22757,
22758,13596
22759,15089
22760,14568
22761,14863
22762,13283
22763,14781
22764,14229
22765,13893
22766,14390
22767,14392
22768,14394
22769,15099
22770,15098
22771,14931
22772,14987
22773,15085
22774,15085
22775,15085
22776,15115
22777,14937
22778,14964
22779,13892
22780,14013
22781,14616
22782,14973
22783,14673
22784,14776
22785,14751
22788,12553
22789,12553
22790,12553
22791,14540
22792,14540
22793,14540
22795,15074
22796,15082
22797,15091
22798,14989
22799,15087
22800,15114
22801,15084
22802,15084
22803,15071
22804,14859
22805,14661
22807,14559
22808,
22809,
22810,14535
22811,
22812,14407
22813,
22814,14859
22815,14859
22816,14661
22817,14610
22818,14215
22819,14215
22820,15072
22821,15041
22822,15120
22823,15121
22824,14889
22825,14776
22826,15119
22827,15161
22828,15161
22829,15043
22830,14893
22831,14893
22832,15019
22834,14755
22835,14448
22837,14756
22838,14751
22839,14752
22840,15162
22841,15162
22842,13905
22843,14606
22844,14606
22845,14803
22846,14382
22847,14223
22848,14226
22849,14368
22850,14367
22852,13905
22853,14867
22855,15123
22857,14777
22858,13895
22859,13880
22860,11348
22861,11347
22862,13890
22863,13890
22864,14368
22865,14367
22867,15165
22868,15164
22875,14868
22876,14868
22878,14868
22879,12980
22880,
22881,
22882,5407
22883,
22884,12874
22885,15157
22886,14808
22887,14879
22888,14874
22889,15181
22890,14930
22891,15072
22892,14873
22893,8108
22894,14872
22896,15100
22897,15126
22898,14535
22899,14858
22900,9971
22901,14865
22902,15053
22903,15178
22904,15179
22905,15177
22906,15177
22907,15100
22908,15182
22910,13619
22911,15183
22912,15083
22913,15104
22914,14637
22915,14637
22916,14634
22917,14749
22918,14856
22919,14521
22920,6279
22921,14896
22922,14896
22923,14896
22924,14731
22925,14653
22926,15171
22927,15170
22928,14892
22929,15185
22930,15187
22931,15200
22932,14189
22933,15091
22934,15124
22935,14973
22936,15125
22937,15017
22938,14859
22939,15093
22940,15094
22941,14581
22942,15186
22943,15196
22944,15163
22945,14454
22947,
22948,
22949,
22950,
22951,
22952,
22953,13627
22954,12171
22955,4907
22956,11537
22957,
22958,12532
22959,13596
22960,12438
22961,15211
22962,15212
22963,14559
22964,15207
22965,15214
22966,14848
22967,15188
22968,15189
22969,15189
22970,
22971,14454
22972,14916
22973,15194
22975,15194
22976,14930
22977,14889
22978,14639
22979,13598
22980,15115
22981,15177
22982,14776
22983,15213
22984,14500
22985,15191
22986,15191
22987,15198
22988,15201
22989,15199
22991,15199
22992,5403
22993,
22994,
22995,
22996,13627
22997,14172
22998,12965
23000,14164
23001,15226
23002,14146
23003,14809
23004,12965
23005,15114
23006,15245
23007,15245
23008,15245
23009,15244
23010,15244
23011,15244
23012,14989
23013,15194
23014,14226
23015,15163
23016,15037
23017,15013
23018,15219
23019,15247
23020,14196
23021,14520
23022,14520
23023,14741
23024,14858
23025,14857
23026,14859
23027,15248
23028,15197
23029,14393
23030,15166
23031,15166
23033,15115
23034,15249
23035,14834
23038,15215
23039,15202
23040,15202
23041,14540
23042,15053
23043,14916
23044,15206
23045,14916
23046,15257
23047,15093
23048,14868
23049,15203
23050,15203
23051,15220
23052,15220
23054,15110
23055,15108
23056,15109
23057,15109
23058,15002
23059,15111
23060,15111
23061,15107
23062,15106
23063,15106
23064,15001
23065,15161
23066,15161
23067,15043
23069,15167
23070,15167
23071,15259
23072,15190
23073,15112
23074,15255
23076,15216
23077,15216
23078,15253
23079,13208
23080,12955
23081,14673
23082,14989
23083,7245
23084,15290
23085,14162
23086,15291
23087,15292
23088,14808
23089,15294
23090,15279
23091,15281
23092,15079
23093,15122
23094,15283
23095,15284
23096,12189
23097,12965
23098,15278
23099,15252
23100,14836
23102,13596
23103,7245
23104,5992
23105,4327
23106,15277
23107,15289
23108,15195
23109,15115
23110,15287
23111,15256
23113,14013
23114,12310
23115,14831
23125,15222
23126,15221
23127,15313
23128,15313
23129,15295
23130,15295
23131,15314
23132,15314
23133,15314
23134,14196
23135,15315
23136,15315
23137,14162
23138,14278
23139,15322
23140,15304
23141,15282
23142,15002
23145,15307
23146,15306
23147,15305
23148,15303
23149,15301
23150,15309
23151,15300
23152,15299
23153,15298
23154,15297
23155,15325
23156,14989
23157,15326
23158,14903
23159,14494
23160,12549
23161,12553
23162,865
23163,865
23164,865
23165,865
23166,865
23167,865
23168,865
23169,15328
23170,15329
23171,865
23172,865
23173,13597
23174,14616
23175,14616
23176,865
23177,865
23178,865
23179,865
23180,14989
23181,865
23182,865
23183,15087
23184,15254
23185,15311
23186,
23188,14162
23189,15348
23190,15350
23191,15351
23192,15225
23193,15059
23194,15328
23195,15343
23196,15347
23197,15070
23198,15262
23199,14822
23200,15069
23201,15342
23202,15341
23204,15349
23206,14142
23207,15361
23209,13619
23210,15362
23211,15360
23212,15339
23213,15365
23214,15356
23215,15357
23216,15358
23218,15354
23219,15353
23220,15353
23221,15355
23224,15366
23225,15352
23226,12553
23227,15084
23228,15124
23229,15345
23230,15346
23231,15346
23232,14540
23233,15044
23234,15044
23235,15044
23236,15044
23237,15255
23238,14833
23239,15308
23240,14850
23241,14850
23242,15245
23243,15244
23244,15244
23245,12782
23246,12782
23247,12782
23248,15321
23251,15199
23252,15199
23253,15199
23254,15327
23255,15053
23256,14454
23257,15184
23258,14725
23259,15320
23260,15321
23261,15321
23262,14796
23263,12955
23264,
23265,
23266,
23267,
23268,12532
23269,13596
23270,
23271,10244
23272,5992
23273,15371
23274,15369
23275,14162
23276,15122
23277,14868
23278,15322
23279,14196
23280,10624
23281,14278
23282,14663
23283,14663
23284,15359
23285,15358
23286,15354
23287,13667
23288,15355
23289,14859
23290,15093
23291,14796
23292,14793
23293,13851
23294,13637
23295,15288
23296,13596
23297,13596
23298,15373
23299,15223
23300,13817
23302,13822
23303,13666
23304,13824
23305,13905
23306,13905
23307,15380
23308,15379
23309,15378
23310,15377
23311,15013
23312,15219
23313,15106
23314,15330
23315,
23316,15375
23317,15374
23319,10547
23320,326
23323,324
23324,13627
23325,10244
23326,14535
23327,2360
23328,12142
23329,
23330,5559
23331,10244
23332,14142
23333,
23334,13326
23335,15397
23336,15397
23337,15395
23338,15383
23340,11454
23341,15401
23342,15403
23343,15403
23344,15386
23345,14868
23346,15344
23347,15344
23348,15404
23356,14907
23358,15398
23359,15399
23360,15115
23363,15244
23366,15222
23367,15388
23370,14013
23371,15400
23372,15381
23374,15406
23375,15406
23376,15203
23377,15368
23378,15367
23379,15093
23380,15355
23381,14971
23382,15220
23383,14964
23384,15189
23385,14189
23386,14223
23387,14223
23388,15043
23389,12782
23390,15423
23391,15382
23397,15414
23398,15413
23399,15412
23400,15410
23401,15409
23402,15408
23403,14937
23404,14970
23405,15393
23406,15421
23407,14367
23408,14606
23409,14368
23410,13627
23411,5403
23412,10244
23413,355
23414,14535
23415,
23416,14972
23417,15451
23418,14802
23419,15167
23420,15201
23421,15198
23422,14228
23424,
23425,15453
23426,15322
23427,15391
23428,12553
23429,15443
23430,15362
23431,15426
23432,15450
23433,15425
23434,15429
23435,15429
23436,15447
23437,15433
23438,15448
23439,15374
23440,15444
23441,15446
23442,15424
23444,15406
23445,15405
23446,15322
23447,15452
23448,15452
23449,14859
23450,14859
23451,15454
23452,13154
23453,13155
23454,13151
23455,13150
23456,13153
23457,14521
23458,15245
23459,14616
23460,15456
23461,15455
23462,15122
23463,15123
23465,13619
23466,15457
23467,13662
23472,15044
23473,14454
23474,15457
23475,15467
23476,14454
23477,14454
23478,14454
23479,15460
23480,15043
23481,14229
23482,13893
23483,14781
23484,14367
23485,13888
23486,13887
23487,13890
23488,11347
23489,11348
23490,13880
23491,13895
23492,13894
23493,14973
23494,14408
23495,13890
23496,14973
23497,13891
23498,14867
23499,14781
23500,14965
23502,15190
23503,14802
23504,14802
23505,15203
23506,15203
23507,14972
23508,14972
23509,15194
23510,15194
23512,4908
23513,13627
23514,14903
23515,12549
23516,15419
23517,15205
23518,14916
23520,
23521,15490
23538,12553
23541,15488
23542,15405
23543,15489
23544,15487
23545,15500
23546,15485
23547,15485
23548,15475
23549,15447
23550,15498
23551,15505
23553,15509
23554,15522
23555,15520
23558,15122
23559,14979
23560,14979
23562,15558
23563,15558
23564,15558
23565,15558
23566,15558
23567,15558
23568,15558
23569,15555
23570,15396
23571,14851
23572,14937
23573,14937
23574,15201
23575,14965
23576,14965
23577,15166
23578,15166
23579,15323
23580,15323
23581,15323
23582,14781
23583,14781
23584,14781
23585,15198
23586,15193
23587,14973
23589,15512
23590,15512
23591,15512
23592,15512
23593,15512
23594,15514
23595,15514
23596,15253
23597,14013
23598,15521
23599,15521
23600,15445
23601,15387
23602,14444
23603,15481
23604,14851
23605,15517
23606,14408
23607,15321
23608,14777
23609,14803
23610,14224
23611,14970
23612,14227
23613,14606
23614,15525
23615,15195
23616,15220
23617,14606
23618,14223
23619,14227
23620,14971
23621,14971
23623,15321
23624,15199
23625,15512
23626,15514
23627,13905
23628,13905
23629,
23630,
23631,13627
23632,14494
23633,15419
23634,14903
23635,15097
23636,
23637,15253
23638,15523
23639,15318
23640,15429
23641,14278
23642,15520
23643,
23644,15323
23645,15535
23646,15541
23647,14540
23648,15322
23649,15073
23650,15508
23651,15547
23652,15477
23653,15477
23654,14749
23655,14752
23656,12965
23657,13156
23658,13156
23659,13851
23661,15367
23662,15367
23663,15409
23664,15423
23665,15192
23666,15526
23667,15469
23668,15470
23669,15466
23671,15471
23672,15472
23674,15473
23675,15474
23676,15476
23677,15476
23680,15479
23681,15479
23682,15482
23684,15480
23685,15480
23686,15539
23687,15384
23688,15453
23689,865
23690,324
23692,15501
23693,15425
23694,15044
23695,15389
23696,15502
23697,15504
23698,14539
23699,15093
23700,12955
23701,15545
23702,15492
23703,15495
23704,15496
23705,15497
23706,15543
23707,15393
23708,15527
23709,15528
23710,15529
23712,15537
23713,15311
23714,15550
23715,15552
23716,15548
23717,
23718,14916
23719,
23720,6279
23721,
23722,14941
23723,
23724,
23725,
23726,
23727,15422
23728,
23729,15097
23730,14494
23731,14744
23732,15403
23733,15434
23734,15546
23735,15560
23736,15327
23737,15488
23738,15434
23739,13153
23740,14741
23741,15245
23742,14444
23743,14540
23744,15459
23745,15458
23746,15411
23747,15551
23748,15562
23749,15124
23750,6280
23754,15503
23756,14189
23757,14749
23758,14752
23759,15522
23760,14454
23761,15079
23762,15076
23763,15575
23764,14408
23766,14979
23767,15506
23768,15577
23774,15555
23775,15555
23780,15573
23781,15574
23782,15576
23783,15341
23784,15289
23785,15572
23786,15565
23787,15564
23788,15566
23789,10244
23790,
23791,5992
23792,15205
23793,15097
23794,14903
23795,
23796,326
23797,5559
23798,
23799,14741
23800,15544
23801,15501
23804,15583
23805,14866
23806,15093
23807,13156
23808,15259
23809,15543
23810,15007
23811,15584
23812,14013
23813,14781
23814,15289
23815,15445
23816,15580
23817,15449
23818,14451
23819,15588
23820,15044
23821,14539
23822,15043
23823,15589
23824,15590
23825,15596
23826,12782
23827,15599
23828,15597
23829,15598
23830,15591
23831,15602
23832,15601
23833,15600
23834,15603
23835,15605
23836,15606
23837,15607
23838,15608
23839,15559
23840,15559
23841,15609
23842,15604
23843,15637
23844,13598
23846,13598
23847,13598
23848,13598
23849,
23850,12549
23851,14903
23852,15205
23853,15419
23854,15565
23855,15566
23856,15435
23857,15582
23858,15610
23859,15612
23860,15629
23861,14749
23862,15512
23863,15633
23864,15635
23865,15630
23866,15563
23867,15543
23868,15259
23869,15622
23870,14835
23871,15548
23872,14753
23873,15586
23874,15628
23875,15562
23876,15076
23877,15504
23878,15532
23879,13597
23880,15638
23882,13619
23883,15623
23884,14837
23885,14837
23887,15621
23888,15639
23889,15643
23890,15643
23892,15515
23893,15515
23894,15399
23895,12874
23896,15636
23897,15627
23898,15611
23899,15645
23900,15613
23901,14850
23902,15514
23903,14444
23904,15195
23905,15194
23906,15193
23907,14964
23908,15321
23909,14937
23910,15201
23911,15198
23912,14972
23913,14973
23914,14965
23915,14802
23916,14781
23917,14013
23918,14971
23919,14916
23920,328
23921,
23922,5992
23923,10244
23924,13596
23925,13596
23926,2563
23927,3486
23928,15530
23929,15587
23930,15570
23931,15569
23932,15568
23933,15567
23934,15512
23935,15515
23936,15391
23937,15637
23938,13815
23939,15662
23940,15514
23941,15515
23942,15668
23943,15658
23944,9257
23945,15666
23946,15663
23947,14810
23948,15060
23949,15060
23950,15259
23951,15646
23952,15198
23953,15669
23955,13816
23956,13664
23958,15166
23959,14803
23960,15323
23961,15193
23962,15535
23963,13666
23964,15515
23966,15657
23967,15656
23968,15654
23969,15652
23970,15651
23971,15673
23972,15673
23973,15389
23974,15043
23975,15672
23976,15644
23977,8912
23978,324
23979,
23980,983
23981,13627
23982,10244
23983,11537
23984,14916
23985,6279
23986,
23987,10244
23988,14535
23989,9277
23990,15205
23991,15205
23992,15205
23993,15205
23994,15205
23995,15564
23996,15675
23997,15701
23998,15566
23999,15253
24000,15435
24001,15058
24002,15061
24003,15066
24004,15693
24005,15687
24006,15684
24007,15683
24008,15693
24009,15702
24010,15704
24011,15512
24012,15643
24013,15707
24014,15705
24015,15708
24016,14930
24017,15706
24018,13905
24019,15656
24020,15657
24021,15526
24022,15212
24024,15462
24025,15464
24026,15559
24027,14835
24028,14835
24029,15504
24030,15502
24031,15124
24032,15679
24034,15698
24035,15699
24036,15700
24037,15665
24038,15333
24039,15680
24040,15690
24041,15685
24042,15678
24043,15632
24044,15715
24045,15478
24046,15647
24047,15277
24048,14540
24049,15533
24050,15534
24051,14969
24052,14967
24053,15716
24054,14773
24055,15717
24056,15709
24057,15709
24058,12955
24059,15434
24060,15718
24061,11798
24062,15582
24063,983
24064,327
24066,324
24067,983
24068,10944
24069,12549
24070,15419
24071,14741
24072,
24073,
24074,6279
24075,
24081,14120
24082,15097
24083,11941
24084,15706
24085,15694
24086,15682
24088,13598
24089,15275
24090,15691
24091,15274
24092,15686
24093,15696
24094,15631
24095,15648
24096,15695
24097,14454
24098,14741
24099,15737
24100,15731
24101,15722
24102,15445
24103,15736
24104,15735
24105,15734
24106,15732
24107,15745
24108,15744
24109,15722
24110,14751
24111,15741
24112,15748
24113,14837
24114,15512
24115,13905
24116,15660
24117,15655
24118,15624
24119,15742
24120,14916
24121,12189
24122,
24123,14120
24124,
24125,
24126,
24127,
24128,
24129,
24130,13596
24131,14741
24132,15435
24133,15564
24134,15755
24135,15530
24136,15643
24137,15698
24138,15743
24139,15058
24140,15760
24141,14837
24142,15750
24143,15759
24144,15749
24145,15752
24147,15746
24148,15710
24149,15748
24152,15754
24153,15758
24154,15748
24155,15453
24157,15768
24158,15764
24159,15763
24160,12189
24161,12189
24162,12189
24163,15767
24164,13494
24165,13484
24166,14803
24167,15203
24168,15203
24169,15719
24170,14972
24171,14972
24172,14013
24173,14013
24174,14965
24175,15765
24180,15478
24181,15539
24182,15538
24183,15536
24184,15762
24185,15076
24186,15706
24187,14276
24188,15680
24189,14189
24191,15643
24192,15766
24193,15756
24194,15769
24195,11391
24196,11798
24197,
24198,
24199,409
24200,
24201,
24202,
24203,
24204,14535
24205,10244
24206,14960
24207,14454
24208,15639
24209,15706
24210,13905
24211,15515
24212,14803
24213,15719
24214,15203
24215,15643
24216,15788
24217,15787
24218,14837
24219,15772
24221,15757
24222,15757
24223,14859
24225,15761
24226,15687
24227,15798
24228,14741
24229,15318
24230,15658
24231,15770
24232,15771
24233,15717
24234,15429
24235,15797
24236,15824
24237,15822
24238,15822
24239,15780
24240,15704
24241,15462
24242,15566
24243,15677
24244,15823
24246,13619
24247,15676
24248,15512
24249,15651
24250,15825
24251,15835
24252,15518
24253,15518
24254,14389
24255,14393
24256,14391
24257,15659
24258,15659
24259,15828
24260,15746
24262,15773
24263,15774
24264,15774
24265,15774
24266,15774
24270,15776
24271,
24272,15850
24273,15849
24274,15767
24275,15830
24276,15851
24277,15852
24278,15775
24279,14837
24280,14837
24281,15854
24282,15317
24283,15857
24284,15846
24285,15847
24286,15853
24287,15855
24288,15826
24289,15856
24290,15690
24292,15678
24293,15135
24294,15135
24296,15829
24297,13731
24298,13487
24299,14850
24300,14968
24301,15733
24302,15699
24303,15698
24304,15859
24305,15531
24306,15777
24308,15777
24309,15777
24310,15777
24312,15777
24313,15777
24316,15778
24327,15781
24332,14965
24337,15653
24350,14765
24351,14765
24352,15845
24353,15083
24354,12310
24358,8109
24359,15192
24360,15066
24361,15059
24363,15037
24364,15114
24365,15389
24366,14454
24367,15860
24368,15861
24369,15862
24370,15863
24371,15864
24372,5403
24374,10244
24375,10244
24376,12532
24377,
24378,15153
24379,
24380,13596
24381,15857
24382,15881
24383,15871
24384,15871
24385,15651
24386,15866
24387,15880
24388,15824
24389,15694
24390,15271
24391,15692
24392,13905
24394,15751
24395,15842
24396,15887
24397,15503
24398,15503
24399,15503
24400,15482
24401,15013
24402,15287
24403,15878
24404,15876
24405,15874
24406,15885
24407,15695
24408,14535
24409,3486
24410,15869
24411,15868
24412,15867
24413,15389
24414,15503
24415,15890
24416,15891
24417,15756
24418,15750
24419,15124
24420,14810
24421,15277
24422,15852
24423,15892
24424,15843
24425,15844
24426,15865
24427,15873
24428,15875
24429,15894
24430,15872
24431,13494
24432,15828
24433,12955
24434,8913
24435,8913
24436,15096
24437,15882
24438,12030
24439,
24440,
24441,12780
24442,6279
24443,14916
24444,
24445,15096
24446,
24447,324
24448,15317
24449,328
24450,14535
24451,
24452,326
24453,10244
24454,
24455,2224
24456,
24457,11537
24458,
24459,
24460,15434
24461,15888
24462,15737
24463,15919
24464,15857
24465,15938
24466,15938
24467,15932
24468,15932
24469,15929
24470,15930
24471,15944
24472,15767
24473,15897
24474,15897
24475,13703
24476,15898
24477,15900
24478,15915
24479,15917
24480,15532
24481,15624
24482,15928
24483,15878
24484,15896
24485,15899
24486,15948
24487,15830
24488,15956
24489,14389
24490,14972
24493,15954
24494,15947
24495,15949
24496,15860
24497,15687
24498,15254
24499,15641
24500,15640
24501,14831
24502,15877
24503,15955
24504,15065
24505,15913
24506,14837
24508,15272
24509,15276
24511,14753
24512,15952
24513,15950
24514,15914
24515,4907
24516,
24517,15958
24518,
24519,14535
24520,
24521,14535
24522,3486
24523,10244
24524,15317
24525,9277
24526,13484
24527,15968
24528,15949
24529,12189
24530,13597
24531,13598
24532,15964
24533,15692
24534,14276
24535,15737
24536,15944
24537,15868
24538,15867
24539,14837
24540,15974
24541,15826
24542,15826
24543,15826
24544,15826
24545,15826
24546,15759
24548,14837
24549,15920
24551,13619
24552,15921
24553,15919
24554,15923
24555,15924
24556,14390
24558,
24559,15938
24560,15921
24561,15922
24562,15926
24563,14462
24564,15518
24565,11332
24566,15923
24567,15925
24568,13905
24569,15977
24571,14773
24572,15434
24573,15938
24575,
24576,
24577,
24578,15317
24579,10244
24580,12438
24581,15981
24582,15980
24583,15980
24584,15921
24585,15480
24586,12782
24587,15923
24588,13905
24589,15880
24591,15998
24592,15998
24593,15998
24594,
24595,
24596,
24597,15976
24598,15872
24599,15271
24600,15978
24601,14454
24602,16002
24603,16000
24604,16005
24605,15997
24606,15999
24607,13598
24608,15970
24609,15970
24610,15964
24611,15691
24612,15984
24613,15327
24614,15857
24616,15916
24617,15538
24618,15994
24619,15327
24620,15972
24621,15973
24622,15056
24623,15983
24624,15985
24625,15987
24626,15988
24627,15992
24628,15989
24629,15845
24630,16006
24632,16007
24633,16010
24635,16012
24636,16013
24637,15964
24638,15964
24639,15507
24640,16003
24641,15434
24642,14535
24643,12229
24644,324
24645,
24646,14535
24647,15431
24648,14535
24649,
24650,14144
24651,15789
24652,15589
24653,15419
24654,15205
24655,14494
24656,12532
24657,
24658,14916
24659,
24660,15958
24661,
24662,15932
24663,16076
24664,15434
24665,16004
24666,14509
24667,13905
24669,16081
24670,16082
24671,16083
24672,16084
24681,15980
24682,15064
24685,12965
24686,15919
24687,15518
24688,16017
24689,14509
24690,15966
24691,15967
24692,15933
24696,15935
24697,15935
24698,15935
24702,15969
24704,15969
24705,15642
24706,15642
24707,15642
24708,15642
24709,12030
24710,15642
24711,
24712,15642
24713,15642
24714,15642
24715,
24716,
24717,16103
24718,16106
24719,16107
24720,16108
24721,16109
24722,16111
24723,15927
24724,16098
24725,13703
24726,15917
24727,16117
24728,16059
24729,16074
24730,16063
24731,16064
24732,16065
24733,16066
24734,16068
24735,16071
24736,16078
24737,16074
24738,16059
24739,16060
24740,16061
24741,16063
24742,16064
24743,16065
24744,16066
24745,16068
24746,16069
24747,16070
24748,16071
24749,16061
24750,16069
24751,16070
24752,15982
24753,16119
24754,12955
24755,327
24756,
24757,8913
24758,324
24759,10933
24760,12965
24761,15958
24762,12549
24763,10244
24764,14535
24765,12438
24766,13596
24767,
24768,16112
24769,16113
24770,16114
24771,
24772,16115
24773,16128
24774,15737
24775,16015
24776,16130
24777,15759
24778,16131
24779,15503
24780,16105
24781,16069
24782,16061
24783,13905
24785,16057
24786,16058
24788,15694
24789,16054
24791,16121
24792,15873
24793,16019
24794,16100
24795,16100
24796,15479
24797,15999
24798,15984
24799,16120
24800,15875
24801,15135
24802,15994
24803,16132
24804,16099
24805,16125
24806,16134
24807,16135
24809,15968
24810,15991
24811,15995
24812,16145
24813,16147
24814,15990
24815,15977
24816,16149
24817,15503
24818,16138
24819,16143
24820,16141
24821,15114
24822,16146
24823,16148
24824,15863
24825,15861
24826,15860
24827,15104
24828,15083
24830,
24831,13596
24832,14535
24833,12438
24835,12549
24836,328
24837,15958
24838,14494
24839,
24840,16167
24841,15994
24842,16170
24843,16170
24847,8109
24848,16175
24849,16176
24850,16171
24851,15968
24852,15643
24853,16016
24854,15757
24855,16178
24856,16179
24858,16181
24859,16180
24860,16182
24861,15692
24862,15692
24863,16139
24864,16165
24865,16166
24866,16164
24867,15059
24868,15065
24869,14831
24870,15137
24871,15900
24872,15963
24873,15975
24874,16002
24875,14454
24876,
24877,15096
24878,15751
24879,15842
24880,
24881,15844
24882,15843
24883,16201
24884,16162
24885,16172
24886,16189
24887,16104
24888,16184
24889,16185
24890,16186
24891,16186
24892,16187
24893,16187
24894,16188
24895,16188
24896,16194
24897,16194
24898,15072
24899,15072
24900,16158
24901,16183
24902,16193
24903,16193
24904,16193
24905,16193
24907,16195
24909,15925
24910,14391
24911,14393
24912,14390
24913,16059
24914,16072
24915,16196
24916,16200
24917,13905
24918,15918
24919,16070
24920,15774
24921,16064
24922,16063
24923,16072
24924,16072
24925,16196
24926,16200
24927,16206
24928,16207
24929,16208
24930,16208
24931,16208
24932,16209
24934,16210
24935,16211
24936,16212
24937,16213
24938,328
24939,13627
24940,328
24941,324
24942,5407
24943,14535
24944,7427
24945,
24946,14494
24947,13596
24948,10244
24949,15153
24950,12532
24951,14916
24952,15434
24953,15990
24954,16281
24955,16281
24956,16264
24957,16143
24958,16100
24959,16149
24960,15867
24961,16265
24962,15503
24963,13905
24964,15135
24965,15059
24966,16220
24967,16226
24968,16134
24969,16135
24971,15968
24972,15968
24973,16221
24974,16217
24975,16225
24976,16219
24977,16261
24978,14971
24979,14228
24980,14228
24981,16283
24983,13619
24984,15288
24985,16333
24986,16333
24987,16134
24991,16139
24992,16130
24993,16130
24994,16174
24995,16174
24996,16130
24997,16336
24998,15643
24999,16065
25000,12310
25001,16280
25003,16242
25004,15696
25005,16335
25006,16280
25007,16103
25008,16106
25009,16245
25010,15136
25011,15138
25012,15140
25013,15139
25014,16172
25015,
25016,14741
25017,14741
25018,15006
25019,16214
25020,16214
25021,16370
25022,15880
25023,6279
25024,16354
25025,
25026,16369
25027,16368
25028,16341
25029,16367
25030,16366
25031,16365
25032,14535
25033,16353
25034,16340
25035,16339
25036,16338
25037,16352
25038,16351
25039,16350
25040,16349
25041,16347
25042,16356
25043,
25044,
25045,16337
25046,16202
25047,16131
25048,16141
25049,16141
25050,16144
25051,16104
25052,16105
25053,16355
25054,16355
25055,16227
25058,15918
25059,16342
25060,16342
25061,16344
25062,16344
25063,16348
25064,16345
25065,16345
25066,16345
25067,13905
25068,16346
25069,16346
25070,16343
25071,16291
25073,15757
25074,15952
25075,16364
25076,16130
25077,16113
25078,16002
25079,16005
25080,16229
25081,16230
25082,16231
25083,16234
25084,16235
25085,16236
25086,16238
25087,16237
25088,16239
25089,16240
25090,16241
25091,16243
25093,16250
25094,15434
25095,14741
25096,15990
25097,16177
25098,16284
25099,15317
25100,16216
25101,16215
25102,16215
25105,16271
25106,16271
25107,16156
25108,16148
25109,16400
25110,15963
25111,15975
25112,16335
25113,16379
25114,15727
25115,15727
25116,16403
25117,16403
25118,15936
25119,15939
25120,15943
25123,16368
25124,16365
25125,16380
25126,16404
25127,16404
25128,16405
25129,16405
25130,16365
25131,15577
25133,16376
25134,15966
25146,15965
25147,16382
25148,16382
25149,16386
25150,16399
25151,16402
25152,16398
25153,16396
25154,16397
25155,16388
25156,16387
25157,15288
25158,16291
25159,16342
25160,14971
25161,15642
25162,15642
25164,15642
25165,15642
25166,15642
25167,15642
25168,15642
25169,12955
25170,12955
25171,16071
25172,16068
25173,15926
25174,16408
25175,16228
25176,16246
25177,16248
25178,16251
25179,16256
25180,16257
25181,16258
25182,16260
25183,16263
25184,16269
25185,12030
25186,
25187,2224
25188,16270
25189,16272
25190,16273
25191,16274
25192,16275
25193,16288
25194,16290
25195,16292
25196,16293
25197,16295
25198,16297
25199,16415
25200,16299
25201,16277
25202,16232
25203,16268
25204,16266
25205,16233
25206,16218
25208,16401
25209,16378
25210,16372
25211,16376
25212,16334
25213,16395
25216,16390
25217,15503
25219,15937
25220,15937
25222,14454
25223,15434
25226,2434
25227,12549
25228,324
25229,
25230,13627
25231,12965
25232,12549
25233,15958
25234,15205
25235,14535
25236,10244
25237,2224
25238,14941
25239,13596
25241,16414
25242,16411
25243,16411
25244,16417
25245,14971
25246,16131
25248,16412
25249,16413
25250,16418
25251,16419
25252,16104
25253,16383
25254,16384
25255,16385
25256,16406
25257,16381
25258,16440
25259,15643
25260,15643
25261,15449
25262,15515
25263,15512
25264,16432
25265,14393
25266,15922
25267,15515
25268,15512
25269,16432
25270,16065
25271,14393
25273,16071
25274,16338
25275,16374
25276,16375
25277,16130
25278,15419
25279,324
25280,324
25281,15958
25282,12583
25283,12583
25284,10944
25285,16444
25286,14916
25287,16355
25288,15935
25289,16185
25290,15935
25292,15945
25293,15945
25297,15946
25298,15946
25299,15946
25300,15946
25301,16440
25302,16008
25304,16410
25306,15946
25310,15826
25311,16420
25312,16427
25314,16407
25318,15971
25322,16429
25323,13356
25325,15434
25326,15435
25327,10632
25328,14535
25329,10547
25330,
25331,
25332,15751
25333,16126
25334,10944
25335,13627
25336,
25337,15317
25338,10244
25339,14972
25340,16200
25341,16414
25342,16128
25343,16156
25344,15582
25345,16450
25346,16433
25347,14754
25348,14754
25349,13834
25350,16161
25351,16141
25352,16370
25353,15751
25354,16430
25355,16430
25356,15757
25357,15692
25358,16333
25359,15503
25360,15968
25361,16335
25362,15727
25363,14753
25364,16382
25365,15068
25366,15024
25367,16130
25368,16454
25369,15532
25370,15647
25371,15963
25372,15710
25373,16244
25374,16458
25375,14535
25376,
25377,15942
25379,16139
25380,16421
25381,16461
25382,16401
25383,16462
25384,15432
25385,16460
25386,15104
25387,15083
25388,16456
25389,16455
25390,15581
25391,16442
25392,13596
25393,14909
25394,16464
25395,14910
25396,16330
25397,14912
25398,16098
25399,328
25400,327
25401,
25402,
25403,15789
25404,14535
25405,11941
25406,
25407,
25408,
25409,13596
25410,
25411,10244
25412,12438
25413,15434
25414,16233
25415,16469
25416,16411
25418,16421
25419,16405
25420,16395
25421,16391
25422,16428
25424,16134
25425,16345
25426,16233
25427,15934
25429,16472
25430,13619
25432,16371
25433,16471
25434,16474
25435,16130
25436,16056
25437,6279
25438,16434
25439,14913
25440,16451
25441,16452
25442,16453
25443,16452
25444,16478
25445,16479
25446,16473
25447,16158
25448,15139
25449,15138
25450,16151
25451,16154
25452,16351
25453,16365
25454,16479
25455,16479
25456,16479
25457,16479
25458,16478
25459,16478
25460,16478
25461,16478
25462,15940
25463,15940
25464,16480
25465,14214
25466,15434
25467,10944
25468,15553
25469,10944
25470,13627
25471,12438
25472,10244
25473,15176
25474,12793
25475,12792
25476,16148
25477,16500
25478,16404
25479,16405
25480,16079
25481,16482
25482,16392
25483,16501
25484,16411
25485,16489
25486,16489
25487,16498
25488,16497
25489,16496
25491,16490
25493,16491
25494,16378
25495,16484
25496,15024
25497,16492
25498,15068
25499,15900
25500,16459
25501,16469
25502,16481
25503,15757
25504,14276
25505,16495
25506,16390
25507,15692
25508,13597
25509,8106
25510,8109
25511,16463
25512,16465
25513,16488
25514,16438
25515,13355
25516,16470
25517,16494
25518,15434
25519,327
25520,324
25521,10244
25522,15317
25523,14535
25524,16500
25525,15751
25526,16140
25527,12793
25528,12792
25529,16271
25530,16156
25531,16143
25532,
25533,11537
25534,12532
25535,14916
25536,13501
25537,16456
25538,16346
25539,16462
25540,14810
25541,15940
25542,16392
25543,16481
25544,15965
25545,16395
25546,16333
25547,16506
25548,14804
25550,16289
25551,16130
25552,15024
25553,16504
25554,16437
25555,16104
25556,16509
25557,16537
25558,16505
25559,16516
25560,16543
25561,16507
25562,
25563,16079
25564,12792
25565,16141
25566,16545
25567,16540
25569,16529
25570,16144
25571,15826
25572,15642
25573,15642
25574,15642
25575,15642
25576,15642
25577,16543
25578,2224
25579,16544
25580,16257
25581,15759
25582,16410
25583,15647
25584,16372
25585,15653
25586,15653
25587,15653
25589,16548
25590,15104
25591,14968
25592,15082
25593,16430
25594,16397
25595,16396
25596,16399
25597,16542
25598,16433
25599,16387
25600,15585
25601,16531
25602,16547
25604,324
25605,
25606,16142
25607,10944
25608,983
25609,13627
25610,16141
25611,15453
25612,16403
25613,16403
25614,16604
25615,16597
25616,16597
25617,14451
25618,14451
25619,14451
25620,14451
25621,16551
25622,16134
25623,16429
25624,16613
25625,16613
25626,16480
25627,14810
25629,16614
25630,
25631,16614
25632,16452
25633,16453
25634,16609
25635,16131
25636,13834
25637,13834
25638,13834
25639,13834
25640,13834
25641,13834
25642,13834
25643,13834
25644,13834
25645,13834
25646,13834
25647,13834
25648,13834
25649,13834
25650,16598
25651,16526
25652,16525
25653,16523
25654,16522
25655,16520
25656,16519
25657,16518
25658,16517
25659,16371
25661,16524
25662,14810
25663,16488
25666,16469
25669,16405
25670,16618
25671,16504
25672,16437
25673,16437
25674,16499
25676,16628
25677,16628
25678,16602
25679,10547
25680,16435
25681,16625
25682,16143
25683,16630
25684,16481
25685,16620
25686,15083
25687,16633
25688,16605
25689,16613
25690,16613
25691,16634
25692,16528
25693,16606
25694,16616
25695,16615
25696,16617
25697,15434
25698,16542
25699,16462
25700,
25701,10244
25702,14535
25703,12532
25704,14916
25705,
25706,14832
25707,324
25708,328
25709,328
25710,
25711,
25712,16637
25713,16638
25714,16640
25715,16141
25716,15939
25717,16628
25718,16642
25719,16636
25720,15582
25721,15967
25722,16645
25723,14393
25724,14393
25725,16345
25727,13355
25728,16438
25729,16639
25730,16531
25732,16641
25733,16643
25734,16646
25735,16635
25736,16498
25737,16647
25738,16364
25739,16629
25741,16629
25742,16430
25746,16079
25747,16206
25748,16207
25750,16634
25751,16634
25752,15963
25753,15277
25754,16193
25756,16649
25757,16403
25758,13596
25759,16524
25760,16650
25761,16650
25762,16602
25763,16651
25764,16649
25765,16207
25766,15434
25767,
25768,14515
25769,10398
25770,
25771,
25772,16141
25773,14916
25774,16141
25776,16640
25777,16638
25778,16637
25779,16664
25780,16610
25781,16390
25782,15124
25783,16333
25784,16506
25785,16507
25786,
25787,16079
25788,16663
25789,16653
25791,16432
25792,16069
25793,16069
25794,16656
25795,16657
25796,16658
25797,16659
25798,13484
25799,16537
25800,16648
25801,16452
25802,13487
25803,15049
25804,16607
25805,16668
25806,16670
25807,16432
25808,15512
25809,16346
25810,16344
25811,16346
25812,15515
25813,13905
25814,16346
25815,16460
25816,16498
25817,13619
25818,16666
25819,16460
25820,16158
25821,16665
25822,15114
25823,15114
25824,16524
25825,16524
25826,16673
25827,15434
25828,15969
25829,16671
25830,16403
25831,324
25833,327
25834,
25835,328
25836,13627
25837,13596
25838,10244
25839,
25840,15317
25842,16673
25843,16675
25844,16695
25846,16704
25847,16702
25849,16701
25850,16686
25851,16687
25852,16680
25853,16705
25855,16685
25856,16432
25857,16660
25858,16696
25859,16697
25860,16696
25861,16697
25862,16069
25863,15096
25864,16652
25865,16694
25866,16698
25867,16689
25868,14753
25869,15036
25870,15163
25871,16412
25872,13484
25873,15067
25874,15067
25875,15127
25876,16676
25877,16434
25878,16681
25879,16410
25880,15128
25881,16683
25882,16684
25883,16688
25884,16437
25885,15276
25886,16510
25887,14451
25889,328
25890,328
25891,328
25892,324
25893,324
25895,10244
25896,14535
25897,15317
25898,
25899,15969
25900,15759
25901,16655
25902,16510
25903,16510
25904,16695
25905,15434
25909,16509
25910,16737
25911,16438
25912,16620
25913,16686
25914,16498
25915,16364
25916,16717
25917,16717
25918,15946
25919,16739
25920,16711
25921,16712
25922,16713
25923,16697
25924,16700
25925,16713
25926,16714
25927,16716
25928,16345
25929,16346
25930,16653
25931,16738
25932,16738
25933,12955
25934,15274
25935,16703
25936,14941
25937,16661
25938,16715
25939,2224
25940,16460
25941,16699
25942,16718
25943,16727
25944,16731
25945,16732
25946,16452
25947,16137
25948,16405
25949,16405
25950,16629
25951,16742
25952,16741
25953,16750
25954,16405
25955,16746
25956,16748
25957,16744
25958,16751
25959,16751
25960,16195
25961,16195
25963,16658
25964,16658
25965,15082
25966,16740
25967,16706
25968,16706
25969,16706
25970,16726
25971,16745
25972,16752
25973,324
25974,327
25975,15432
25976,
25977,10244
25978,16644
25979,16474
25980,16763
25981,16759
25982,16715
25983,16772
25984,16765
25985,14810
25986,16056
25987,16784
25988,16480
25989,16629
25990,16659
25991,16345
25992,16659
25993,14783
25994,15923
25995,16066
25996,16653
25997,16657
25998,16713
25999,16716
26000,16746
26001,16697
26002,16660
26003,16760
26004,15163
26005,15967
26006,16214
26007,16790
26008,16790
26009,16685
26010,15918
26011,16755
26012,14753
26013,15276
26014,16777
26015,16778
26016,16764
26017,16634
26018,12780
26019,15192
26020,16705
26021,16237
26022,16240
26023,16762
26024,16805
26025,16773
26027,16775
26028,16758
26029,16791
26030,16738
26031,15434
26032,16779
26033,16780
26034,16781
26035,16782
26038,16793
26043,16551
26046,16792
26047,16804
26048,13428
26049,4282
26050,324
26051,328
26052,
26053,324
26054,16644
26055,16705
26056,16254
26057,16252
26058,16249
26059,15969
26061,15067
26062,16747
26063,16811
26064,16812
26065,16812
26066,16814
26067,16815
26068,16820
26069,16821
26070,16822
26071,16823
26073,16825
26074,16825
26075,16826
26076,16827
26077,16827
26078,16828
26079,16818
26080,16819
26082,16460
26083,16829
26084,16829
26085,16510
26086,16510
26087,16704
26088,16514
26089,16870
26090,16706
26091,16870
26092,16512
26093,16830
26094,16831
26095,16831
26096,16832
26097,16833
26098,16833
26099,16834
26100,
26101,15096
26102,16835
26103,16836
26104,16836
26105,16620
26106,16739
26107,15434
26108,328
26109,324
26110,328
26111,
26112,324
26113,15491
26114,328
26115,
26116,13627
26117,16724
26118,16761
26119,16817
26120,16872
26121,16871
26122,16806
26123,16690
26124,16715
26125,15966
26126,15946
26127,16745
26128,15276
26129,16438
26130,16892
26131,16739
26132,16765
26134,15969
26135,16890
26136,16498
26137,16891
26138,16893
26139,16899
26140,16819
26141,13619
26142,13834
26143,16658
26144,16660
26145,16659
26146,16837
26147,16837
26148,15288
26149,16744
26150,16838
26151,16838
26152,16839
26153,16839
26154,16841
26155,16841
26156,16387
26158,12189
26159,16842
26160,16844
26161,16846
26162,16843
26163,16900
26164,16845
26165,16845
26166,16847
26167,16848
26168,16849
26169,16850
26170,16850
26171,16851
26172,16852
26173,16852
26174,16853
26175,16853
26176,16854
26177,16855
26178,16856
26179,16857
26180,16858
26181,16859
26182,16860
26184,16875
26185,16875
26186,16876
26187,16876
26188,16877
26189,16879
26190,16879
26191,16880
26192,16881
26193,16882
26195,16883
26196,16884
26197,16885
26198,16878
26199,16807
26200,16897
26201,16744
26202,15082
26203,16490
26204,16703
26205,16794
26206,16795
26207,16803
26208,16802
26209,16801
26210,16800
26211,16799
26212,16798
26213,16797
26214,16796
26215,15127
26216,14535
26217,15317
26218,
26219,324
26220,16914
26222,16614
26223,16614
26224,16137
26225,16916
26226,16629
26227,12793
26228,12792
26229,16865
26230,16896
26231,
26232,16909
26233,16542
26234,16814
26235,16815
26236,15933
26237,16908
26238,15067
26239,16895
26240,15960
26241,16704
26242,16928
26243,14451
26244,16720
26245,16851
26246,15946
26247,14491
26249,15946
26250,16754
26251,16706
26252,16923
26253,16924
26254,16923
26255,16346
26256,16900
26257,15434
26258,16478
26259,16478
26260,16919
26261,16607
26262,16606
26263,15888
26264,15434
26265,16917
26266,15971
26267,14276
26268,16892
26269,16479
26270,16479
26271,16479
26272,16479
26273,16479
26274,16479
26276,15025
26277,12955
26278,12955
26279,12955
26280,15647
26281,16629
26283,16195
26284,15737
26285,16816
26286,16382
26287,16757
26288,16158
26289,15128
26290,15128
26291,16864
26292,16867
26293,16346
26294,16920
26295,16920
26296,16886
26297,16903
26298,15922
26299,16930
26300,16931
26301,16932
26302,16704
26303,16851
26304,16399
26306,14778
26307,14381
26308,16067
26309,14012
26310,14462
26311,16827
26312,16658
26314,16404
26315,16690
26316,15176
26317,16902
26318,16901
26319,16757
26321,16487
26322,16487
26323,16748
26324,16923
26325,16714
26326,15192
26327,
26328,16549
26329,
26330,14535
26331,6279
26332,
26333,
26334,
26335,16977
26336,16984
26337,16967
26338,16871
26339,16872
26340,16870
26341,16930
26342,16512
26344,16807
26345,16897
26346,15727
26347,16403
26348,16863
26349,16949
26350,14491
26351,14491
26352,16987
26353,12415
26354,15453
26355,16993
26356,16841
26357,16951
26358,16952
26359,16841
26360,14835
26361,16998
26362,16953
26363,16995
26364,16997
26365,16994
26366,16996
26367,15965
26368,16683
26369,16864
26370,16718
26371,16765
26372,16744
26373,16666
26374,16965
26375,15004
26376,15163
26377,15036
26378,16806
26379,8100
26380,15096
26381,
26382,16460
26383,15781
26384,15737
26385,16950
26386,15759
26387,16764
26388,16817
26389,16761
26390,16986
26391,16985
26392,16933
26393,16934
26395,16936
26397,16938
26398,16939
26399,865
26400,16920
26401,
26402,
26403,6279
26404,17023
26405,16834
26406,16827
26407,16868
26408,16869
26409,17003
26410,17024
26411,17024
26412,12793
26413,12792
26414,16491
26415,15025
26416,16902
26417,16901
26418,
26419,17010
26420,17009
26421,15781
26422,16866
26423,15647
26424,15647
26425,17031
26426,16925
26427,16926
26428,16660
26429,16925
26430,15653
26431,16815
26433,16815
26435,14671
26436,328
26437,
26438,14962
26439,
26440,13619
26441,13834
26442,
26443,16904
26444,16904
26445,16905
26446,16906
26447,16907
26448,16907
26449,17047
26450,17032
26452,17034
26454,17035
26455,17036
26459,17050
26460,17025
26461,17025
26463,17029
26464,17030
26466,17030
26468,17040
26469,16784
26470,13598
26471,16382
26472,15434
26473,10058
26474,328
26475,327
26476,328
26477,
26478,328
26479,17106
26480,6279
26481,16754
26482,16996
26483,17045
26484,17021
26485,17022
26486,17065
26487,16925
26488,17071
26489,16819
26490,17066
26491,17079
26492,17079
26493,17058
26494,17056
26495,17055
26496,17099
26497,17010
26498,17024
26499,17013
26500,17054
26501,17041
26502,17043
26503,17095
26505,17095
26506,17095
26507,17095
26509,17080
26512,17080
26513,17080
26515,16744
26516,16748
26517,16923
26518,16812
26519,16812
26520,16667
26521,16667
26522,17117
26523,17118
26524,17119
26525,17120
26526,17120
26527,17121
26528,17122
26529,17122
26530,17123
26532,15138
26533,16308
26534,16404
26535,17072
26536,11488
26537,
26538,
26539,
26540,16996
26541,17045
26542,16870
26543,16986
26544,16985
26545,16761
26546,17154
26547,16493
26548,16922
26549,16990
26550,16990
26551,17060
26552,17123
26553,17057
26554,16158
26555,17028
26558,17163
26559,15129
26561,17031
26562,17018
26563,17001
26564,17155
26565,17009
26566,17157
26567,17157
26568,16478
26569,17156
26570,17156
26571,13598
26572,17167
26573,16720
26574,17062
26575,17053
26576,17061
26577,17052
26578,17149
26580,16512
26581,16873
26582,
26583,16527
26584,17166
26585,17148
26586,17136
26587,17136
26588,16527
26589,16881
26590,16540
26591,17031
26592,16901
26593,16902
26594,15025
26595,16806
26596,16403
26597,16863
26598,16873
26599,10641
26600,15585
26601,15585
26602,16514
26603,14451
26604,17048
26605,16999
26606,16764
26607,17027
26608,16760
26609,15277
26610,
26611,17014
26612,16933
26613,
26614,
26615,
26616,16549
26617,
26618,
26619,409
26620,16021
26621,
26622,409
26623,13627
26624,
26625,
26626,
26627,16996
26628,17127
26629,16953
26630,15994
26631,15538
26632,17198
26633,17199
26634,15065
26635,16632
26636,17066
26637,17179
26638,17158
26639,16819
26640,17195
26641,17202
26642,17194
26643,17146
26644,17015
26645,17187
26646,17181
26647,17183
26648,17184
26649,17186
26650,17201
26651,17016
26652,17067
26653,17068
26654,17126
26655,16384
26656,17129
26657,17128
26658,16794
26659,17182
26660,17192
26661,17139
26662,17137
26663,17191
26664,17189
26665,17188
26666,17143
26667,17138
26668,15128
26669,16614
26670,16614
26671,16514
26672,17208
26673,16925
26674,16923
26675,17118
26676,16812
26677,16814
26678,16460
26679,17206
26682,17150
26683,16917
26684,16914
26685,16930
26686,16931
26687,16932
26688,15781
26689,15781
26690,17178
26691,17168
26692,17170
26694,16299
26695,16295
26696,16293
26697,16292
26698,16290
26699,16288
26700,16273
26701,16232
26702,16239
26703,328
26704,
26705,13627
26706,6279
26707,16549
26708,8100
26709,
26710,12438
26711,
26712,
26713,
26714,
26715,16487
26717,
26718,5559
26719,14916
26720,17220
26721,16644
26722,17192
26723,17232
26725,17236
26726,16925
26727,17230
26728,17218
26729,16667
26730,16667
26733,16948
26734,16922
26735,17176
26736,17177
26737,16452
26738,17210
26739,17209
26740,16764
26741,17120
26742,17182
26743,16514
26744,
26745,16493
26746,17209
26747,17209
26748,15955
26749,17211
26750,17009
26751,17156
26752,15781
26754,17185
26755,17243
26756,16953
26757,16512
26758,16760
26760,17429
26761,13989
26762,17072
26763,16549
26764,12438
26765,
26766,13627
26768,
26769,
26770,17241
26771,17211
26772,17210
26773,17185
26774,16873
26775,17208
26776,16901
26777,16902
26778,16806
26779,15778
26780,17231
26781,17052
26782,17182
26783,17251
26784,16512
26785,17135
26786,17239
26787,17061
26788,17250
26789,17070
26790,16784
26791,17138
26792,13619
26793,13834
26795,17262
26796,17261
26797,17046
26798,17015
26799,16812
26800,16660
26801,17154
26802,16667
26803,17009
26804,17269
26805,16665
26806,15737
26807,17249
26808,17200
26810,17163
26811,17163
26812,16699
26813,17180
26814,17134
26816,
26817,
26818,16129
26819,
26820,12965
26821,
26822,13627
26823,
26824,
26825,
26826,16357
26827,15958
26828,14494
26829,15102
26831,17241
26832,16718
26833,17285
26834,17146
26835,17286
26836,17242
26837,16644
26838,17287
26839,17208
26840,16860
26841,16883
26842,16852
26843,16852
26844,17229
26845,17212
26846,17259
26847,17288
26848,17247
26849,16760
26850,16744
26851,17284
26852,17279
26853,17278
26854,16667
26855,17154
26856,17223
26858,17209
26859,17246
26860,17263
26861,16853
26862,17290
26863,17289
26864,17209
26865,17209
26866,17209
26868,17429
26869,17429
26870,17028
26871,17209
26872,16991
26873,17060
26874,15128
26875,15634
26877,16852
26878,17271
26879,17275
26880,17276
26881,17277
26882,17272
26883,16965
26884,16056
26885,16795
26886,17228
26887,17226
26888,17145
26889,16666
26890,16784
26891,16853
26892,17212
26893,17064
26894,17072
26895,324
26896,324
26897,13627
26898,17230
26899,16644
26900,17287
26901,17242
26902,17299
26903,16879
26904,17135
26905,17145
26906,16832
26907,17148
26908,17148
26909,17151
26910,16873
26911,16512
26912,16863
26913,16667
26914,17314
26915,16718
26916,17241
26917,17208
26918,17220
26919,16900
26920,16460
26921,17280
26922,17029
26923,17030
26924,17159
26925,17159
26926,17206
26927,16759
26928,14451
26929,17333
26930,17336
26931,16704
26932,17335
26933,17209
26934,14916
26935,6279
26936,16658
26937,16658
26938,16812
26939,16812
26940,16846
26941,17312
26942,17122
26943,16658
26944,16906
26945,17283
26946,17283
26947,17245
26948,16902
26949,16105
26950,16873
26951,16512
26952,16873
26953,17134
26954,16806
26955,17320
26956,17330
26957,17329
26958,17326
26959,16404
26960,17054
26961,17332
26962,16403
26963,15727
26964,16820
26965,17298
26966,16478
26967,16478
26968,16478
26969,12955
26970,12955
26971,17211
26972,
26973,13627
26974,17002
26975,17002
26976,17313
26977,17331
26978,17340
26979,17274
26980,17274
26981,16882
26982,16840
26983,17348
26984,17095
26985,15781
26986,17287
26987,16644
26988,17230
26989,17208
26990,17299
26991,17242
26992,17201
26993,17343
26994,17238
26995,17300
26996,17344
26997,17145
26998,17122
26999,17343
27000,16812
27001,17300
27003,17145
27004,17095
27005,17209
27007,17265
27008,17265
27009,17266
27012,17265
27019,17649
27022,17333
27023,17308
27024,17365
27025,17146
27027,17302
27028,17303
27029,17304
27030,17305
27031,17306
27032,17015
27033,17047
27035,17047
27036,17047
27037,16764
27038,16904
27039,16793
27040,16823
27041,17072
27042,
27043,
27044,12438
27045,12203
27046,12438
27047,
27048,
27049,16357
27050,17144
27051,
27052,17230
27053,15041
27054,12549
27055,16358
27056,15959
27057,
27058,
27059,
27060,17209
27061,14451
27062,
27063,
27064,
27065,
27066,14592
27067,
27068,7427
27069,12532
27070,14916
27071,
27072,16357
27073,16636
27074,17365
27075,17208
27076,17242
27077,17299
27078,16806
27079,16644
27080,17230
27081,16744
27082,17403
27083,17369
27084,16882
27085,17274
27086,16667
27087,17309
27088,17148
27089,16530
27090,16460
27091,17274
27092,16759
27093,17149
27094,17052
27095,16990
27096,17028
27097,17358
27098,14916
27099,17357
27100,13619
27101,13834
27102,16725
27103,17243
27104,16499
27105,16562
27106,16554
27107,16585
27108,16583
27109,17372
27110,17293
27111,17292
27112,17291
27113,17406
27114,17407
27115,6279
27116,12780
27117,17128
27118,17341
27121,17405
27122,17327
27123,17328
27124,17193
27125,13598
27126,17408
27127,17409
27128,17377
27129,16923
27130,16814
27131,17382
27132,17381
27133,17379
27134,17378
27135,17376
27136,17122
27137,17274
27138,17383
27139,17380
27140,17379
27141,17377
27142,17375
27143,16658
27144,17393
27145,17251
27146,17274
27147,17368
27148,17396
27149,15782
27150,17410
27151,17410
27152,17414
27153,17413
27154,
27155,
27156,
27157,
27158,
27159,
27160,
27161,
27162,
27163,
27164,
27165,
27166,
27167,
27168,15317
27169,17059
27170,17428
27171,17395
27174,17208
27175,17418
27176,17243
27177,17326
27178,17412
27179,
27180,6279
27181,17339
27182,17355
27183,16482
27184,17209
27185,17388
27186,17415
27187,17373
27188,17055
27189,17058
27190,17416
27191,17416
27192,17099
27193,17342
27195,17311
27196,17367
27197,17377
27198,16667
27199,16658
27200,17377
27201,16667
27202,17425
27203,17095
27204,17095
27205,17386
27206,17349
27210,14839
27211,17356
27212,17345
27213,17346
27214,17352
27216,16938
27218,17420
27219,16764
27220,16922
27221,17430
27222,17431
27223,17435
27224,16838
27225,16827
27226,16842
27227,16875
27228,16829
27229,16836
27230,16690
27232,17122
27233,17432
27234,17434
27235,14839
27236,14839
27237,14839
27238,14838
27239,14838
27240,14838
27241,17391
27242,17417
27245,17436
27247,17437
27250,17359
27251,15074
27252,17362
27253,17363
27254,17364
27255,17429
27256,17299
27257,17242
27258,16483
27261,17159
27262,17159
27263,17219
27264,
27265,16105
27267,17451
27268,17416
27269,17409
27271,16812
27272,16667
27273,16667
27274,17376
27275,16843
27276,17442
27277,17450
27278,16875
27279,16875
27280,14804
27281,17309
27282,17220
27283,17148
27284,16530
27285,17440
27286,17328
27287,17264
27288,12955
27289,17203
27290,17299
27291,16403
27292,17449
27293,17444
27294,17374
27295,17334
27296,17443
27298,17424
27299,17316
27300,17315
27301,17015
27302,17410
27303,17426
27304,17441
27305,17176
27306,15955
27307,17369
27308,17369
27309,16780
27310,16783
27311,16783
27312,16783
27314,16783
27315,17402
27316,17461
27317,15025
27318,17494
27319,6279
27320,14916
27321,15096
27322,12780
27324,17469
27325,16923
27326,17376
27327,16814
27328,17456
27329,17457
27330,17458
27331,17460
27332,17455
27333,17455
27334,15634
27335,17018
27336,15129
27337,17468
27338,17310
27339,10641
27340,17467
27341,17459
27342,17058
27343,17195
27344,17194
27345,17072
27346,16704
27347,16460
27348,15778
27349,15778
27350,17477
27351,15277
27352,17374
27353,17396
27354,16403
27355,17332
27356,17449
27357,17148
27358,17136
27359,17377
27360,17377
27361,16814
27362,17381
27363,17154
27364,17465
27365,15025
27366,16483
27367,17450
27368,17274
27369,16842
27370,16884
27371,16848
27372,16880
27373,16904
27374,16827
27375,16836
27376,17095
27379,17475
27380,17475
27381,17475
27383,17473
27384,17313
27387,17468
27388,17468
27389,17486
27391,16935
27392,16937
27393,16940
27399,16946
27400,16947
27401,17454
27402,17499
27403,17452
27404,17497
27405,17496
27406,17474
27407,17156
27408,16814
27409,17178
27410,16667
27412,17375
27413,16667
27414,17493
27415,17416
27416,17422
27417,15317
27418,12438
27419,16876
27420,17378
27421,17310
27422,17521
27423,17516
27424,16806
27425,17208
27426,17299
27427,17514
27428,17515
27429,17375
27430,16667
27431,12782
27432,17525
27433,17525
27434,17523
27435,12782
27436,17523
27437,17443
27438,17386
27439,16403
27440,15881
27441,17429
27442,17445
27443,17210
27444,17210
27445,17446
27446,17504
27447,15277
27448,16460
27449,17024
27450,17024
27451,17529
27452,17181
27453,17247
27454,17209
27455,17485
27456,17490
27457,17492
27458,17223
27459,17475
27460,17095
27461,17095
27462,17095
27463,17095
27464,17095
27465,17095
27467,17095
27468,17491
27469,17487
27470,17489
27472,17107
27473,8189
27474,17500
27475,17498
27476,17524
27477,17495
27478,16487
27479,16672
27480,14494
27481,
27482,12438
27483,15317
27484,17313
27485,17333
27486,17378
27487,16667
27488,17527
27489,17375
27490,17516
27491,17514
27492,17527
27493,17527
27494,16568
27495,17505
27496,17445
27497,16667
27498,16850
27499,16658
27500,17310
27501,13619
27502,13834
27503,16658
27504,16829
27505,17377
27506,15778
27507,15778
27508,17538
27509,17476
27510,17465
27511,17465
27512,17527
27513,17374
27514,17334
27515,17429
27516,17209
27517,17223
27518,17223
27519,16794
27520,16793
27521,17304
27522,17201
27523,17529
27524,17540
27525,16916
27527,15025
27528,17541
27529,17431
27530,17469
27531,17176
27532,17386
27533,16482
27534,17422
27535,17543
27536,17208
27537,17550
27538,17283
27539,12782
27540,17514
27541,17374
27542,17443
27543,12955
27544,17531
27545,16795
27546,17266
27547,17471
27548,15902
27549,15901
27551,15904
27552,15904
27553,15907
27555,16666
27556,17526
27558,17151
27560,17148
27561,16540
27562,17417
27563,16667
27564,12143
27565,17506
27566,15955
27567,17528
27568,17542
27569,17551
27570,17525
27571,17525
27572,17525
27573,17525
27574,17525
27575,17546
27576,17552
27577,17523
27578,17072
27580,
27581,
27582,
27583,
27584,16690
27585,
27586,16357
27587,12549
27588,15958
27589,327
27590,
27591,
27592,
27593,16479
27594,16479
27595,16479
27596,16479
27597,16478
27598,16478
27599,16478
27600,16478
27601,17514
27602,17527
27603,12782
27604,15778
27605,16527
27609,17567
27610,17540
27612,15778
27613,15781
27614,17565
27615,15277
27616,17338
27617,17523
27618,12782
27619,17378
27620,12143
27621,17422
27622,17176
27623,17334
27624,17378
27625,16667
27626,17516
27627,16105
27628,16793
27629,17228
27630,17304
27631,17302
27632,17305
27633,17226
27634,17306
27635,17505
27636,17561
27637,14916
27638,16197
27639,15096
27640,16667
27641,17377
27642,16843
27643,17375
27644,17377
27645,17569
27646,17002
27647,17508
27648,17446
27649,17445
27650,17455
27651,17453
27652,17429
27653,17465
27654,17566
27655,17533
27656,17530
27657,17573
27658,17522
27659,17503
27660,17483
27661,17481
27662,17480
27663,17479
27664,17472
27665,17278
27666,17280
27667,17245
27668,16932
27669,17564
27670,17372
27671,16583
27672,16554
27673,17571
27675,
27676,
27677,17072
27678,15779
27679,15779
27680,17446
27681,17209
27683,17582
27684,17225
27685,17510
27686,17511
27687,17512
27688,17455
27689,17603
27690,17603
27691,15779
27692,17574
27693,17575
27694,17602
27695,17500
27696,8189
27697,16487
27698,17416
27699,17594
27700,17473
27701,16105
27702,17584
27703,17590
27704,17591
27706,17349
27707,17572
27708,17283
27709,15074
27710,17578
27711,17557
27712,13834
27713,17579
27714,17556
27715,17558
27716,17592
27717,17128
27718,17271
27719,16585
27723,15782
27727,15786
27728,17570
27729,17473
27730,15777
27731,15777
27733,15784
27734,15784
27735,15785
27736,15785
27737,15785
27738,15785
27739,
27740,
27741,
27742,
27743,
27744,17607
27745,16568
27746,17024
27747,17445
27748,17527
27750,17446
27751,17441
27752,16685
27753,17602
27754,17605
27755,17605
27769,17581
27770,17605
27772,17611
27773,16487
27774,8189
27775,17500
27776,17498
27777,17159
27778,16690
27779,17524
27780,17560
27781,17616
27782,17615
27783,16865
27784,16896
27785,17627
27786,17627
27787,16774
27788,14836
27789,14836
27790,17628
27791,17629
27792,17258
27793,17609
27794,17610
27797,
27798,6279
27799,17583
27800,17588
27801,17089
27802,17090
27803,17173
27804,17082
27805,16626
27807,17631
27808,15864
27809,17608
27810,17613
27811,17616
27812,17580
27813,17585
27815,17249
27816,17630
27817,17433
27818,17315
27819,17494
27820,16399
27821,17156
27822,17475
27823,12143
27824,
27825,5559
27826,13627
27827,17024
27828,17527
27829,17574
27830,17662
27831,17660
27832,17646
27833,17575
27834,17479
27835,13619
27836,13834
27837,12438
27838,17480
27839,16549
27840,17678
27841,17654
27842,17446
27843,17183
27844,17181
27845,17247
27846,17483
27847,17587
27848,17684
27849,17292
27850,17682
27851,17683
27852,17675
27853,17416
27854,
27855,15789
27856,
27857,17374
27858,17607
27859,17694
27860,17693
27861,17700
27862,17679
27863,17636
27864,15129
27866,
27867,15096
27868,17462
27869,17635
27870,17481
27871,17703
27872,17429
27873,17209
27874,
27875,15818
27876,
27878,
27879,
27880,16357
27881,15957
27882,17268
27883,13627
27884,12955
27885,17587
27886,17663
27887,17635
27888,17607
27889,17374
27890,17443
27891,17446
27892,17575
27893,17574
27894,17592
27895,17247
27896,17183
27897,17181
27898,17717
27899,17705
27900,15779
27901,17677
27902,17541
27903,17571
27904,17200
27905,17718
27906,17159
27907,17258
27908,17363
27909,17704
27910,17722
27911,17723
27912,17664
27913,17674
27914,17674
27915,17524
27916,17708
27917,15783
27918,
27919,17257
27920,17721
27921,13834
27922,17660
27923,17646
27924,8189
27925,17632
27926,17615
27927,17560
27928,16690
27929,16487
27930,16608
27931,16623
27937,17703
27939,10500
27940,16500
27941,17724
27942,17725
27943,17713
27944,17316
27945,17533
27947,17672
27948,17726
27949,17732
27950,17265
27951,17678
27952,17446
27953,15634
27954,17491
27955,17490
27956,17634
27957,15129
27959,17622
27960,17562
27961,17563
27962,17589
27963,17703
27964,17072
27965,
27967,327
27972,
27973,11191
27974,16549
27976,
27977,17712
27978,17695
27979,17722
27980,17696
27981,17697
27982,17734
27983,17759
27984,17737
27985,17666
27986,17667
27987,17669
27988,17671
27989,17690
27990,17715
27991,17729
27992,17704
27993,17731
27994,17730
27995,17124
27996,15783
27997,15783
27998,17327
27999,17752
28000,17735
28001,17762
28002,17758
28003,17592
28004,
28005,
28006,17680
28007,17731
28008,17311
28009,17618
28010,17716
28011,17688
28012,17728
28013,17727
28014,17760
28015,17699
28016,17595
28017,17665
28018,17689
28019,16533
28020,17627
28021,17687
28022,12143
28023,17001
28024,17649
28025,17649
28026,17647
28027,17650
28033,17657
28034,17656
28035,17655
28036,17653
28037,17652
28038,17651
28039,17658
28040,17661
28041,17588
28042,17267
28043,16540
28044,17777
28046,16751
28047,17768
28048,17050
28049,17050
28051,18250
28052,17754
28053,17773
28056,17609
28057,
28058,
28059,16028
28060,16027
28061,16026
28062,16025
28063,16024
28064,
28065,
28066,
28067,
28068,
28069,11191
28070,
28071,16549
28072,
28073,
28074,17735
28075,17537
28076,17755
28078,17761
28079,17607
28080,17592
28081,17592
28082,17592
28083,17607
28084,17678
28085,17804
28086,17723
28087,17763
28088,17784
28089,17238
28090,17774
28091,17774
28092,17533
28093,17530
28094,17812
28095,17813
28096,17735
28097,17806
28098,17806
28099,17785
28100,17698
28101,17698
28102,17152
28103,17152
28104,17152
28108,17384
28109,17384
28110,17384
28111,17384
28113,17384
28114,17384
28115,17706
28116,17436
28117,17405
28118,17769
28119,17769
28120,17048
28122,17048
28123,17048
28124,17048
28125,17327
28126,17813
28127,16384
28128,14916
28129,17244
28130,16383
28131,17616
28132,17646
28133,15634
28134,17816
28135,17814
28136,17658
28139,17814
28140,17814
28141,17770
28142,17724
28143,17815
28144,17633
28145,17696
28147,17817
28148,16941
28149,16943
28150,16944
28151,16945
28152,17598
28153,17786
28154,16935
28155,17597
28156,17599
28157,17691
28158,17673
28159,17513
28160,17371
28161,17625
28162,17624
28163,17817
28164,16533
28165,17153
28167,17819
28169,17821
28171,17810
28172,17730
28180,17660
28181,17765
28183,17634
28184,17565
28185,17551
28186,17778
28187,17602
28188,17811
28189,17811
28190,17809
28191,17730
28192,17280
28193,17799
28194,
28195,5559
28196,13627
28197,12438
28198,
28199,17696
28200,17770
28201,17607
28202,17804
28203,15778
28204,15777
28205,15781
28206,15784
28207,17721
28208,17557
28209,13619
28210,13834
28211,17482
28212,17790
28213,17731
28214,17789
28215,17703
28216,14916
28217,17842
28218,17848
28219,17844
28220,17846
28221,17845
28222,17843
28223,17124
28224,16996
28226,17838
28227,17840
28228,17840
28229,16965
28230,
28231,17867
28232,17867
28233,17843
28234,17703
28235,17855
28236,17668
28237,17853
28238,17852
28239,17854
28240,17723
28241,17720
28242,17210
28243,16942
28244,17606
28245,14916
28246,6279
28247,
28248,16357
28249,17645
28250,12549
28251,14494
28252,12909
28253,17878
28254,17853
28255,17814
28256,17698
28257,17871
28258,17722
28259,17864
28260,17773
28261,17530
28262,17001
28263,17754
28264,17533
28265,17611
28266,17778
28268,16533
28269,16530
28270,
28271,17153
28272,17863
28273,17863
28274,17598
28275,17696
28276,17690
28277,17124
28278,17875
28279,17630
28280,17801
28281,9049
28282,9049
28283,17770
28286,17721
28287,12955
28288,17827
28289,17901
28290,17900
28291,17887
28292,17874
28293,17814
28295,17210
28296,17446
28297,16994
28298,15778
28299,15777
28300,15782
28301,15781
28302,15782
28303,15786
28306,15776
28307,17271
28308,15783
28310,17806
28312,17647
28315,17159
28316,17806
28317,16487
28319,
28320,
28322,
28323,
28324,
28325,15789
28326,
28327,14535
28328,
28330,13627
28331,17268
28332,16357
28333,14494
28334,
28335,
28336,16549
28337,14535
28338,
28339,17905
28340,17724
28341,17904
28342,17843
28343,17875
28344,16533
28345,12782
28346,17861
28347,17837
28348,15779
28349,17349
28350,17634
28351,15129
28352,15634
28353,16922
28354,17730
28355,17698
28356,17462
28357,17124
28358,17384
28359,17152
28360,17124
28361,17839
28362,17830
28363,17829
28364,17829
28365,17868
28366,17856
28367,17856
28368,15144
28369,15144
28370,15145
28371,15145
28372,15146
28373,15146
28374,15147
28375,17456
28376,17460
28377,17457
28378,17455
28379,17565
28380,17709
28381,17836
28382,15148
28383,15149
28384,17576
28385,17576
28386,17761
28387,17855
28388,17311
28389,17422
28390,16542
28391,17675
28392,17913
28393,17871
28394,17934
28395,17922
28396,17902
28397,17625
28398,17624
28399,17623
28400,16865
28401,17873
28402,17615
28403,17524
28404,16690
28405,17764
28406,16623
28407,16608
28408,17575
28409,17805
28410,17808
28411,17535
28412,17535
28413,17953
28414,17909
28415,17632
28416,17267
28417,17941
28418,17257
28419,17384
28420,17471
28421,17824
28422,17833
28423,17832
28424,17951
28425,17950
28426,17948
28427,17947
28428,17946
28429,17944
28430,17945
28431,17943
28432,17942
28433,17879
28434,17865
28435,17860
28436,17940
28437,17937
28438,17914
28439,17676
28440,17788
28441,17704
28442,17210
28443,17720
28444,17814
28445,17814
28446,
28447,10547
28448,14535
28449,
28450,
28451,
28452,17637
28453,16549
28454,14494
28455,
28456,17871
28457,15789
28458,
28459,10547
28460,16725
28461,17880
28462,17144
28463,17244
28464,6279
28465,6279
28466,
28467,17533
28468,17823
28469,17960
28470,17935
28471,17936
28472,17938
28473,17080
28475,17080
28476,17080
28477,13484
28478,17161
28479,17847
28480,17847
28481,17847
28482,17847
28484,17847
28485,17124
28486,17588
28487,17925
28488,17925
28489,17925
28490,17925
28491,17926
28502,17932
28503,17932
28505,17933
28507,17791
28508,17791
28509,17791
28510,17791
28511,17792
28512,17792
28517,17961
28518,17813
28519,17875
28520,17813
28521,17386
28522,17967
28523,15277
28524,17885
28525,17283
28526,17955
28527,17362
28528,17578
28529,17245
28530,17436
28531,17861
28532,17923
28533,16383
28534,17327
28535,6279
28536,14916
28537,
28538,11191
28539,
28540,17880
28541,12438
28543,
28544,
28546,13627
28547,17952
28548,17887
28549,17814
28550,17814
28551,17720
28552,17210
28553,17210
28554,17446
28555,17854
28556,17862
28557,17911
28558,17924
28559,17857
28560,17858
28561,17859
28562,17866
28563,17756
28564,15903
28565,17706
28566,17876
28567,17877
28569,17877
28570,17899
28571,17906
28572,18247
28573,17974
28574,18249
28575,16900
28576,17771
28578,17031
28579,17031
28580,17032
28581,17035
28582,17034
28584,17037
28586,17984
28587,12203
28588,13619
28589,13834
28590,
28591,17988
28592,17152
28593,17152
28594,10547
28595,17869
28597,
28598,327
28601,
28602,
28603,
28604,14759
28605,
28607,17808
28608,17991
28609,17417
28610,17417
28611,17863
28612,7427
28613,17462
28614,17910
28615,17910
28616,17533
28617,18002
28618,18002
28619,14928
28620,17152
28621,15779
28622,15786
28623,17462
28624,17462
28625,17477
28626,17384
28628,16530
28629,17384
28630,17151
28632,17814
28633,17814
28634,17210
28635,17210
28636,17962
28637,17962
28638,
28639,14494
28640,
28641,409
28642,
28643,
28645,18011
28646,18015
28647,17905
28648,17663
28649,18012
28650,17726
28651,17386
28652,17732
28653,17384
28654,17632
28655,16865
28656,17208
28657,16690
28658,17983
28659,17963
28660,17462
28661,15783
28662,18036
28663,17154
28664,18036
28665,18033
28666,18030
28667,18037
28668,18035
28669,18035
28670,18014
28671,18003
28672,18003
28673,15783
28674,15783
28676,18008
28677,17921
28678,16935
28679,17992
28680,17695
28681,17455
28682,16720
28683,17995
28685,17993
28686,18013
28687,17865
28688,14836
28689,17968
28690,17820
28691,18002
28692,17985
28693,17627
28694,18004
28695,17994
28696,17994
28697,18040
28698,18021
28699,18007
28700,18009
28701,18032
28702,18043
28703,17754
28704,17405
28706,17615
28707,17765
28708,17980
28709,17979
28710,17982
28711,6279
28712,17998
28713,
28714,18047
28715,
28716,
28717,
28718,
28719,
28720,
28721,13627
28722,17648
28723,17648
28724,17648
28725,17648
28726,17648
28727,17648
28728,17648
28729,17648
28730,17648
28731,17648
28732,17648
28733,17648
28734,17649
28735,18003
28736,17599
28737,17597
28738,17598
28739,18006
28741,18017
28742,18018
28743,18024
28744,17349
28745,12955
28746,17979
28747,14916
28748,17880
28749,16549
28750,
28751,
28752,18054
28753,17952
28754,17080
28755,18010
28756,18055
28757,17696
28758,18058
28759,18059
28760,17773
28761,17462
28762,18036
28763,18057
28764,18057
28765,18052
28766,18051
28767,17513
28768,17673
28769,18050
28770,18050
28771,18049
28772,17327
28773,18039
28774,17602
28775,16313
28776,16533
28778,17153
28779,17575
28780,18002
28781,18037
28782,18035
28783,14539
28784,17558
28785,14451
28786,16293
28787,18053
28788,17902
28789,16666
28790,18065
28791,18063
28792,17959
28793,14916
28794,17875
28795,17813
28796,18047
28797,16549
28798,15782
28799,17898
28800,17898
28801,17888
28802,17890
28803,17890
28804,17891
28805,17892
28806,17893
28807,17894
28808,17894
28809,17896
28810,17896
28811,17896
28812,17896
28813,17896
28814,17896
28815,18045
28816,18047
28817,18067
28818,18043
28819,18044
28820,16751
28821,18034
28822,16197
28823,17831
28824,17915
28825,17918
28826,17072
28827,
28828,
28829,7427
28830,14494
28831,16357
28832,17645
28833,12549
28834,10547
28835,
28837,13627
28838,18050
28839,18058
28840,18088
28841,17911
28844,18100
28845,18100
28847,18100
28851,18093
28852,17919
28853,17919
28854,17698
28855,17462
28856,12782
28857,17455
28858,18032
28859,17726
28861,18086
28862,18083
28863,18082
28864,18081
28865,18050
28866,18080
28867,18079
28868,18078
28869,18077
28870,18076
28871,18014
28872,17730
28873,17384
28874,17730
28875,17384
28876,17152
28877,17680
28878,17997
28879,17978
28880,17626
28881,17977
28882,17976
28883,18115
28884,17986
28885,17615
28886,17632
28887,17916
28888,17524
28889,18114
28890,18089
28891,18090
28892,18091
28893,17975
28894,18071
28895,18068
28896,17935
28897,18118
28898,17924
28899,18066
28900,18117
28901,17876
28902,17153
28903,17699
28904,15907
28905,17909
28906,17675
28907,18110
28908,17909
28909,17675
28910,
28911,17637
28912,
28913,16549
28914,
28917,18116
28918,18058
28919,18134
28920,18132
28921,17902
28922,18117
28923,16690
28924,17632
28925,18050
28926,17885
28927,17676
28928,17726
28929,17921
28930,16720
28931,
28932,17885
28933,17814
28934,18021
28935,17698
28936,18036
28937,18050
28938,18036
28939,18065
28940,18065
28941,18052
28942,18052
28943,17124
28944,15778
28945,15777
28947,18009
28948,15774
28949,15774
28951,15783
28952,18146
28953,13619
28954,13834
28955,18032
28957,18142
28958,17765
28959,17152
28960,18135
28961,18035
28962,18035
28963,16623
28964,16608
28965,17371
28966,16626
28967,17764
28968,18006
28969,18143
28970,18044
28971,18138
28972,18144
28973,18145
28974,18046
28975,18140
28976,18137
28977,17513
28978,18151
28980,
28981,
28982,14592
28983,
28984,
28985,13627
28986,11191
28987,17673
28988,17726
28989,18038
28990,18026
28991,17632
28992,18068
28993,15882
28994,12782
28995,18148
28996,18154
28997,18166
28998,18153
28999,18165
29000,18164
29001,18163
29002,18162
29003,18159
29004,
29005,18152
29006,17210
29007,17854
29008,18059
29009,17969
29010,17969
29011,16479
29012,16478
29013,18002
29014,17885
29015,17903
29016,18037
29017,18062
29018,16865
29019,17257
29021,17649
29022,18136
29023,17925
29024,18016
29025,17649
29026,18016
29027,16487
29028,18177
29029,18149
29030,17898
29031,
29032,
29033,3486
29034,
29035,12438
29036,18121
29037,18085
29038,18085
29039,17964
29040,17964
29041,17210
29042,17627
29043,18107
29044,18107
29046,18108
29048,18109
29050,18065
29051,18065
29052,18035
29053,18035
29054,
29055,18033
29056,12782
29057,18196
29058,18194
29059,18194
29060,18193
29061,18180
29062,18179
29063,15783
29064,18197
29065,18191
29066,17730
29067,18176
29068,14451
29069,18170
29070,18200
29071,18002
29072,18168
29073,18190
29074,17696
29075,18187
29076,18187
29078,18188
29079,18185
29080,14910
29081,17925
29082,18149
29083,18250
29084,17650
29085,17384
29086,17384
29087,12955
29088,17152
29089,15782
29090,865
29091,
29092,
29093,15957
29094,18111
29095,17998
29096,17885
29097,16720
29098,14451
29099,
29100,
29101,18112
29102,
29103,
29104,6279
29105,17389
29107,17387
29108,15782
29109,17354
29110,17353
29111,17733
29114,16725
29115,18044
29116,18065
29117,18057
29118,18035
29119,18033
29120,18033
29121,15785
29122,15781
29124,18202
29125,18202
29126,17980
29127,18208
29128,18208
29129,17969
29130,17969
29131,18149
29132,17917
29133,17917
29134,17917
29135,17917
29139,18171
29140,18171
29141,18186
29142,18198
29143,17998
29144,16634
29146,16901
29147,17616
29148,17513
29149,16623
29150,17371
29151,17673
29152,16626
29153,17764
29154,15785
29155,15783
29156,16487
29157,18083
29158,18077
29159,18076
29160,18080
29161,17067
29162,18173
29163,17627
29164,18207
29165,18178
29166,18181
29167,18219
29168,18203
29169,17993
29172,17996
29173,17696
29174,18254
29175,18205
29176,18205
29177,18206
29178,18209
29179,18059
29180,18059
29181,17384
29182,17384
29183,18199
29184,18199
29185,18246
29186,17159
29187,18252
29188,17580
29189,17210
29190,17893
29191,18190
29192,
29193,
29194,
29195,
29196,
29197,16475
29198,12438
29199,
29200,
29201,17389
29202,17359
29203,18071
29204,18254
29205,16330
29206,16330
29207,17969
29208,14910
29209,18272
29210,18271
29211,18274
29212,17384
29213,18050
29214,18050
29215,18269
29216,18037
29217,18037
29218,18035
29219,18033
29220,17863
29221,17462
29222,17462
29223,17154
29224,17885
29225,17210
29226,18021
29227,15774
29228,18038
29229,17854
29230,16487
29231,18141
29232,15192
29233,18211
29234,18212
29235,18214
29236,18213
29237,18213
29238,18278
29239,18000
29240,17614
29241,17244
29242,17224
29243,17224
29246,17360
29247,18258
29248,18279
29249,18273
29250,18257
29251,18244
29252,18243
29253,18242
29254,18241
29255,17323
29256,17321
29257,17894
29259,10547
29260,
29261,15789
29262,
29263,13627
29264,17998
29265,15776
29266,18107
29267,18108
29268,18282
29269,17565
29270,17459
29271,12782
29272,17854
29273,16487
29274,18050
29275,18050
29276,18263
29277,18263
29278,18263
29279,18263
29280,18263
29289,15906
29290,17257
29291,17484
29292,17899
29293,18088
29294,18044
29295,15737
29296,18289
29297,18281
29298,13619
29299,13834
29300,16297
29301,16776
29302,17857
29303,17995
29304,14916
29305,17925
29306,17847
29307,18291
29308,18290
29309,
29314,
29315,16974
29317,
29318,327
29319,
29320,13627
29321,16549
29322,11191
29323,18278
29324,18039
29325,18039
29326,17752
29327,16330
29328,18292
29329,18292
29330,18294
29331,17698
29332,17698
29333,16623
29334,18279
29335,18298
29336,18299
29337,17791
29338,17791
29339,17791
29341,18295
29342,18293
29343,18300
29345,17384
29346,18303
29347,
29348,18278
29349,17990
29350,13627
29351,15317
29352,14494
29353,16357
29354,17903
29355,17980
29356,15277
29357,17903
29358,18286
29359,
29360,
29361,
29362,
29363,
29364,
29365,
29366,
29367,
29368,
29369,
29370,
29371,13627
29372,983
29373,
29374,
29375,16725
29376,17652
29377,14910
29378,16330
29379,18318
29380,14910
29381,18285
29382,18210
29383,18326
29384,18326
29385,18317
29386,18268
29387,18184
29388,18037
29389,18036
29390,18321
29391,18330
29392,18241
29393,
29394,17281
29395,
29396,18318
29397,18285
29398,18019
29399,17854
29400,18299
29401,17895
29402,10547
29403,13627
29404,14916
29405,6279
29406,5489
29407,17880
29408,16954
29409,15317
29410,7427
29411,18107
29412,18108
29413,18021
29414,17210
29415,15777
29416,15781
29417,15786
29418,15786
29419,17847
29420,15784
29421,17863
29422,18326
29423,15785
29424,15783
29425,15774
29426,17847
29427,17903
29428,18210
29429,18321
29430,18211
29431,18214
29432,18319
29433,15779
29434,17969
29435,18243
29436,18241
29437,17321
29438,15727
29439,18112
29440,17925
29444,18264
29445,18264
29446,18262
29447,18262
29448,18264
29449,18262
29450,18262
29451,17384
29454,18109
29455,17606
29456,18308
29457,18307
29458,18306
29459,18305
29460,18343
29461,18342
29462,18341
29463,18324
29464,18323
29465,18322
29467,17577
29468,18156
29469,15142
29470,15139
29472,18064
29473,17604
29474,15137
29475,15141
29476,18332
29477,15155
29478,15143
29479,15132
29480,15130
29481,15131
29482,17535
29483,18351
29484,18248
29485,13012
29486,
29487,
29488,13627
29489,983
29490,
29491,
29492,
29493,
29494,
29495,14494
29496,
29497,17880
29498,17647
29499,17638
29500,17638
29501,17813
29502,18039
29503,17925
29506,17773
29507,17001
29508,18093
29509,18319
29510,18319
29512,18319
29513,18319
29514,18319
29515,10547
29516,18065
29517,16627
29518,18065
29519,17632
29520,15785
29521,15785
29522,18045
29523,15785
29524,18338
29525,18050
29526,18050
29527,18036
29528,17698
29529,17462
29530,15783
29531,15774
29532,15774
29533,15784
29534,13619
29535,13834
29536,17462
29537,18184
29538,17384
29539,17647
29540,17650
29541,17648
29542,17648
29543,17652
29544,17657
29545,17656
29546,17655
29547,17651
29548,17659
29549,17658
29551,17661
29552,18360
29553,17072
29554,7427
29555,15317
29556,
29557,18169
29558,18319
29559,18210
29560,18021
29561,18326
29562,18050
29563,18050
29564,15783
29565,18215
29566,18215
29567,17863
29568,15785
29570,17159
29571,17987
29572,15192
29573,18309
29574,15785
29575,17210
29576,17638
29577,17969
29578,18292
29579,18390
29580,15774
29581,15774
29582,18050
29583,18050
29584,17154
29585,17847
29586,15773
29588,15773
29589,18326
29590,18208
29591,18202
29593,18387
29594,18285
29596,17210
29597,17210
29598,18391
29599,17766
29600,18404
29601,18404
29602,18404
29603,18393
29604,18401
29605,18400
29606,18402
29607,18403
29608,18395
29609,18394
29610,18396
29611,18397
29612,18398
29613,18399
29614,18388
29615,18358
29616,18389
29617,16901
29618,9506
29619,16690
29620,17154
29621,17577
29622,16030
29623,16126
29624,17210
29625,18002
29626,14910
29627,14424
29628,17615
29629,17896
29630,18405
29631,15785
29632,17154
29633,17647
29634,17650
29635,17649
29636,15785
29637,18178
29638,18209
29639,18185
29640,9506
29641,18356
29642,17072
29643,14916
29644,18190
29645,18412
29646,17931
29647,17847
29648,15773
29649,15783
29650,15783
29651,15783
29652,18326
29653,15774
29654,18050
29655,15139
29656,16621
29657,16621
29658,18391
29659,15773
29660,17847
29661,18326
29662,18050
29663,18408
29664,18167
29665,17997
29666,15778
29667,15777
29668,15781
29669,15786
29670,18215
29671,18330
29672,18084
29673,18362
29674,18387
29675,18387
29676,17680
29677,18350
29678,18340
29679,15779
29680,15779
29681,15784
29682,15773
29683,15774
29684,15774
29685,13619
29686,13834
29687,18212
29688,18383
29689,18383
29690,18056
29691,18056
29692,18311
29693,18420
29694,16720
29695,18263
29696,17995
29697,17996
29698,18284
29699,18424
29700,18423
29701,18422
29702,15783
29703,15779
29704,15773
29705,15777
29706,15781
29707,15786
29708,18359
29709,18428
29710,17210
29711,12782
29712,17895
29713,17888
29714,17894
29715,17891
29716,17892
29717,17893
29718,17898
29719,18434
29720,17210
29721,17644
29722,17649
29723,17884
29724,17210
29725,18177
29726,18290
29727,17351
29728,17353
29729,17389
29730,16901
29731,17159
29732,15130
29735,17766
29736,17766
29737,18198
29738,18439
29739,18406
29740,15074
29741,18424
29742,18422
29743,18423
29744,17931
29745,17931
29746,17931
29747,17896
29748,17847
29749,15779
29750,15773
29751,15773
29752,18050
29753,12782
29754,18445
29755,18445
29756,18434
29757,18434
29759,18433
29760,18433
29761,18430
29762,18430
29763,18431
29764,16720
29765,18206
29766,18188
29767,18292
29768,18437
29769,18437
29770,18435
29771,18435
29772,18435
29775,15774
29776,17649
29777,18328
29778,18403
29779,18403
29780,15130
29781,18395
29782,18397
29783,18399
29784,18441
29785,17658
29786,17661
29787,17661
29788,17658
29789,17648
29790,17657
29791,17655
29792,17653
29793,17612
29794,17612
29795,18348
29796,17593
29797,18380
29798,18123
29799,18288
29800,18122
29801,17987
29802,13849
29803,18080
29804,18077
29805,18076
29806,18314
29807,18312
29808,18312
29810,18312
29811,18189
29812,18189
29813,15779
29814,15784
29815,15777
29816,18125
29817,18126
29818,18131
29819,15783
29820,15783
29821,18350
29822,18338
29823,17526
29824,17564
29825,15141
29826,15131
29827,18426
29828,18407
29829,18167
29830,15737
29831,16665
29832,18088
29833,17644
29834,17884
29835,17644
29836,14916
29837,18044
29838,17969
29839,17969
29840,18448
29841,18389
29842,15786
29843,18326
29844,17411
29845,17659
29846,17656
29847,17658
29848,17649
29849,18328
29850,14451
29851,14451
29852,18326
29853,18451
29854,18451
29855,17577
29856,18156
29857,18156
29858,15137
29859,15139
29860,15143
29861,15142
29863,18454
29864,17754
29865,18382
29866,18455
29867,18128
29868,
29869,18124
29870,18127
29871,18447
29872,17244
29873,15317
29874,12955
29875,12955
29876,18460
29877,18461
29878,18385
29879,17676
29880,18316
29881,18379
29882,18372
29883,17805
29884,17980
29885,18440
29886,18440
29887,18133
29888,18453
29889,13849
29890,17649
29891,17997
29892,17997
29893,18389
29894,18106
29895,18461
29896,18461
29897,18445
29899,15785
29900,15785
29901,15773
29902,18465
29903,18326
29904,15774
29905,15774
29906,18368
29907,18312
29908,18369
29909,18369
29910,18369
29911,18369
29912,18369
29913,18369
29914,18369
29915,18369
29916,18369
29922,18471
29923,17612
29924,17657
29925,17655
29926,17653
29927,17652
29928,17651
29929,17648
29930,18473
29931,18396
29932,
29933,
29934,17791
29935,17791
29936,17791
29937,17792
29938,17792
29939,17792
29940,17794
29941,17794
29942,17795
29943,15137
29944,15137
29945,16720
29946,15141
29947,18464
29948,18467
29949,18468
29950,17526
29951,18201
29952,18371
29953,17916
29954,18079
29955,18081
29956,18078
29957,18457
29958,18458
29959,15785
29960,18466
29961,18344
29962,18345
29963,18346
29965,18188
29966,18410
29967,18414
29968,17752
29969,18456
29970,18039
29971,18039
29972,18469
29973,18470
29974,18477
29975,18478
29977,18254
29978,14547
29979,18310
29980,18104
29981,18105
29982,18472
29983,18373
29984,18354
29985,
29986,18394
29987,
29988,18488
29989,18486
29990,17886
29991,18484
29992,18485
29993,13619
29994,13834
29995,18461
29996,15142
29997,18404
29998,17072
29999,14916
30000,18249
30001,18490
30002,18189
30003,17233
30004,18500
30005,17665
30006,18063
30007,18487
30008,15785
30009,18326
30010,15785
30011,18497
30012,18495
30013,15783
30014,15137
30015,18484
30016,
30017,17151
30018,18437
30019,15774
30020,18499
30021,18485
30022,18461
30023,18411
30024,15773
30025,18503
30026,18503
30027,12189
30028,10547
30029,15419
30030,18472
30031,18208
30032,18202
30033,18088
30034,17877
30035,18404
30036,18250
30037,18497
30038,18506
30039,18405
30040,17931
30041,17932
30042,17932
30043,17933
30045,17933
30046,18508
30047,18472
30048,18472
30049,18499
30050,18410
30051,18189
30052,15785
30053,15785
30054,15773
30055,18505
30056,18504
30057,18504
30058,18503
30059,18404
30060,14910
30061,14910
30062,14910
30063,17644
30064,14451
30065,17884
30066,18442
30067,17616
30068,18347
30069,18507
30070,18440
30071,18441
30072,18511
30073,18512
30074,18509
30075,18510
30076,17858
30077,17857
30078,16776
30079,17580
30080,17974
30081,16901
30082,17159
30083,18517
30084,18268
30085,18520
30086,18520
30087,18520
30088,18520
30089,17593
30090,17048
30092,18198
30093,18456
30094,18513
30095,18029
30096,18029
30099,17000
30100,18518
30101,17791
30102,18516
30103,12839
30104,18459
30105,18498
30106,15903
30107,17706
30108,18354
30109,18489
30110,18512
30111,18461
30112,18461
30113,18461
30114,18501
30115,18502
30116,13849
30117,15784
30118,15774
30119,18503
30120,15774
30121,17730
30122,16720
30123,18514
30124,18124
30125,18416
30126,18189
30128,18250
30129,17650
30130,17661
30131,17656
30132,17658
30133,17659
30134,18526
30135,18526
30136,18526
30137,18526
30138,18029
30139,17151
30140,18525
30141,16530
30142,18534
30143,18532
30144,18530
30145,18529
30146,18528
30147,18527
30148,18535
30149,18497
30150,18404
30151,16720
30152,18536
30153,12839
30154,18545
30155,16530
30156,18472
30157,17649
30158,17680
30159,18499
30160,15137
30161,18539
30162,18540
30163,18515
30164,18515
30165,18547
30166,18250
30167,18546
30168,18508
30169,18546
30170,18546
30171,15785
30172,15785
30173,17233
30174,17048
30175,17032
30176,17036
30177,18435
30178,18531
30179,18500
30180,18408
30181,18524
30182,18039
30183,18039
30184,18533
30185,18549
30186,18549
30187,18520
30188,18544
30189,18543
30190,18548
30191,18498
30192,18459
30193,18457
30194,15903
30195,15906
30196,17850
30197,16669
30198,18537
30199,18509
30200,18538
30201,17613
30202,18550
30203,18551
30204,17932
30210,17927
30211,17927
30212,17927
30213,17730
30214,17647
30215,17000
30216,18551
30217,18568
30218,14910
30219,17649
30220,18573
30221,18503
30222,18503
30223,17858
30224,17857
30225,18566
30226,18564
30227,18563
30228,18562
30229,18557
30230,18576
30231,18577
30232,17913
30233,18572
30234,18571
30237,18578
30238,18533
30239,18461
30240,18566
30241,18566
30242,18561
30243,18503
30244,18565
30245,18564
30246,18560
30247,18558
30249,18555
30250,18556
30251,18508
30252,17039
30253,17580
30254,16776
30255,18515
30256,18570
30257,17590
30258,18552
30259,18575
30260,17974
30261,18457
30262,17699
30263,17706
30264,18029
30265,18127
30266,18579
30267,15159
30268,15159
30269,13486
30270,18353
30271,15689
30272,18546
30273,18583
30274,18561
30275,18576
30276,15785
30277,18581
30278,18581
30279,18578
30280,18540
30281,18572
30282,18580
30283,14910
30284,18472
30285,17730
30286,18477
30287,18469
30288,18189
30289,18542
30290,17913
30291,18389
30292,17616
30293,18435
30294,18039
30295,18551
30296,18551
30297,18524
30300,18523
30301,18571
30302,15903
30303,17699
30304,17884
30305,13619
30306,15151
30307,18404
30308,17032
30309,18549
30310,18591
30311,
30312,18483
30313,18521
30314,18482
30315,18522
30316,18474
30317,16110
30318,
30319,18497
30320,18589
30321,18600
30322,18133
30323,18373
30324,18373
30325,17933
30326,18535
30327,18546
30328,18472
30329,14910
30330,18559
30331,12955
30332,10547
30333,18602
30334,17913
30335,18571
30336,17000
30337,18584
30338,18503
30339,18503
30340,18371
30341,15903
30342,18249
30343,17798
30345,18592
30346,17151
30347,17151
30348,18599
30349,18593
30350,17886
30351,18461
30352,17850
30353,17995
30354,17996
30355,17993
30356,18108
30357,18095
30358,18099
30359,18094
30361,18290
30362,18114
30363,18610
30364,18611
30365,18445
30366,14910
30367,16330
30368,18612
30369,18588
30370,18569
30371,18614
30372,16669
30373,18609
30374,18575
30375,18587
30376,17974
30377,18619
30378,18619
30379,18619
30380,18601
30381,18601
30382,18496
30383,18496
30384,17068
30385,11191
30386,18566
30387,18189
30388,18620
30389,18617
30390,18617
30391,18616
30392,18618
30393,18201
30394,17810
30395,17159
30396,18606
30397,18250
30398,17765
30399,18353
30400,18192
30401,
30402,18267
30403,13627
30404,
30405,
30406,15789
30407,
30408,18590
30409,7427
30410,16549
30411,17000
30412,15789
30413,
30414,
30415,18369
30417,18635
30418,17933
30419,18571
30420,18128
30421,
30422,18566
30423,14910
30424,16330
30425,18445
30426,15785
30427,18582
30428,18479
30430,15774
30432,18635
30433,18312
30434,18487
30435,18187
30436,18185
30437,18188
30438,18314
30439,18131
30440,18124
30442,18472
30443,18634
30444,14910
30445,14910
30446,18572
30447,18581
30448,18631
30449,18596
30450,15737
30451,15903
30452,18626
30454,16623
30455,18624
30456,18249
30457,17048
30459,18632
30461,18633
30464,18625
30465,17699
30466,18621
30467,18621
30468,17730
30469,17072
30470,10547
30471,
30472,18172
30473,18245
30474,
30475,14916
30476,18652
30477,15799
30478,17710
30479,16725
30480,16024
30481,16025
30482,18428
30483,16026
30484,17234
30485,16027
30486,16028
30487,16021
30488,16080
30489,16110
30490,16032
30491,
30492,10520
30493,16896
30494,
30495,6279
30496,6279
30497,
30498,
30499,
30500,
30501,12549
30502,18172
30503,17880
30504,
30505,17244
30506,18648
30507,18671
30508,15519
30509,18549
30510,18404
30511,18680
30512,18680
30513,18713
30514,18714
30515,18714
30516,17616
30517,17616
30518,18650
30519,18655
30520,18663
30521,18613
30522,18651
30523,17593
30524,17036
30525,18656
30526,18660
30527,18587
30528,18635
30529,18675
30530,18472
30531,18683
30532,17752
30533,17038
30534,18654
30535,18659
30536,18669
30537,18661
30538,14292
30539,14292
30540,14292
30542,18647
30543,18658
30544,18699
30545,14292
30546,18548
30547,18684
30548,18682
30549,15903
30550,17068
30551,18569
30552,18569
30553,18685
30554,18606
30555,18690
30556,18688
30557,17037
30558,18626
30559,18666
30560,18665
30561,18662
30562,18687
30563,18499
30564,18670
30565,18672
30566,18677
30567,18679
30568,18679
30569,18668
30570,18649
30571,16027
30572,16024
30573,16025
30574,16026
30575,14292
30576,14292
30577,14292
30578,18681
30579,18678
30580,18678
30581,11191
30582,
30583,7427
30584,13627
30585,
30586,
30587,
30588,
30589,
30590,15957
30591,409
30592,12142
30593,
30594,
30595,
30596,
30597,
30598,17798
30599,18320
30600,18320
30602,18632
30603,18633
30604,17995
30605,17993
30606,18697
30607,18694
30608,18665
30609,18691
30610,18695
30611,18487
30612,18187
30613,18314
30614,18188
30615,18131
30616,18185
30617,18189
30618,18711
30619,18711
30620,18710
30621,18710
30622,18706
30623,18688
30624,18690
30625,17037
30626,18387
30627,17210
30628,18676
30629,18630
30630,18629
30631,18594
30632,18424
30633,18422
30635,18713
30638,18712
30639,18542
30640,18222
30642,18220
30643,18222
30644,18304
30645,18225
30646,18225
30647,18228
30648,18679
30649,13619
30650,13834
30651,18698
30652,18696
30653,18712
30654,17925
30655,17925
30656,18595
30657,17926
30658,17926
30662,18692
30663,18571
30664,17616
30665,18709
30666,18650
30667,18693
30668,18700
30669,18702
30670,18704
30671,18703
30672,16500
30673,16500
30674,18601
30675,18328
30676,17752
30677,18039
30678,18373
30679,18133
30680,18715
30681,16278
30682,17990
30683,18681
30684,15774
30685,16669
30686,12189
30687,12189
30688,12955
30689,18728
30690,18727
30691,18688
30692,
30694,15159
30696,
30697,
30698,18682
30699,18633
30700,18445
30701,18445
30702,18730
30703,18499
30704,18722
30705,18662
30706,18720
30707,18369
30708,18253
30709,18304
30710,17048
30711,18672
30712,18722
30713,16896
30714,18698
30715,18732
30716,18705
30717,18718
30718,18712
30719,18723
30720,
30721,18726
30722,18220
30723,18220
30724,18731
30726,18691
30727,18695
30728,17995
30729,18687
30730,18710
30731,18437
30732,18571
30733,18727
30734,17039
30735,18633
30736,18713
30737,18714
30738,18712
30739,17995
30740,18665
30741,17996
30742,18722
30743,18288
30744,17993
30745,17766
30746,18601
30747,18733
30748,16776
30749,17858
30750,18725
30751,18724
30752,17925
30753,17926
30754,17928
30758,
30759,
30760,13627
30761,15317
30762,7427
30763,
30764,16549
30765,
30766,18320
30767,18387
30768,18742
30769,18727
30770,18739
30771,18710
30772,18714
30774,18549
30775,18549
30776,18679
30777,18571
30778,18622
30779,18713
30780,18755
30781,18731
30782,18740
30784,18445
30785,18679
30786,18633
30787,18764
30788,18764
30789,18765
30790,18765
30792,18766
30793,18766
30794,18753
30795,18761
30796,18548
30797,18225
30798,18225
30799,18225
30800,18225
30801,18749
30802,18056
30803,18758
30804,18712
30805,18759
30806,18314
30807,18745
30808,18688
30809,18751
30810,18757
30811,18738
30812,18737
30813,18736
30814,18734
30815,18752
30816,17590
30817,15082
30818,17591
30819,15074
30820,18570
30821,18754
30823,18680
30824,18680
30825,18681
30828,18763
30829,18741
30830,18312
30831,18768
30832,18128
30833,18125
30834,18579
30835,17233
30836,18369
30837,17072
30838,18760
30839,18750
30840,18769
30841,18769
30842,18769
30843,18681
30845,18770
30846,18770
30847,18472
30848,15785
30849,17039
30850,18503
30851,18461
30852,12189
30853,10547
30854,
30855,
30856,16358
30857,15958
30858,18111
30859,17645
30860,
30861,17913
30862,18778
30863,18778
30864,18771
30865,
30866,17038
30867,18775
30871,18767
30872,18297
30873,18296
30874,18774
30875,18592
30876,18592
30877,17068
30878,17067
30879,17927
30880,18712
30881,18712
30882,18798
30883,18797
30884,18794
30885,18792
30886,17921
30887,18799
30888,18795
30889,18777
30890,18776
30891,18753
30892,18733
30893,18212
30894,18700
30896,18772
30897,18588
30898,18278
30899,18328
30900,
30901,18713
30902,18679
30903,18703
30904,18762
30905,18762
30907,18824
30908,18825
30909,13486
30910,14451
30911,18702
30912,17072
30913,
30914,
30915,
30916,15789
30917,
30918,13619
30919,13834
30920,
30921,
30922,17699
30923,18865
30924,18735
30925,18892
30926,18885
30927,18800
30928,18803
30929,18804
30930,18764
30932,18774
30933,18802
30934,18801
30935,18801
30936,18891
30937,18242
30938,17858
30939,16776
30940,15159
30941,18898
30942,18898
30944,17923
30945,14451
30946,17038
30947,18571
30948,18572
30949,
30950,
30951,
30953,
30954,16020
30955,18572
30956,16025
30957,16026
30958,16027
30959,
30960,15793
30961,18267
30962,
30963,5489
30964,18779
30965,
30966,
30967,18907
30968,18225
30969,18679
30970,18905
30971,18906
30972,18903
30973,18902
30974,18852
30975,18919
30976,18297
30977,18764
30978,18655
30979,18736
30980,18922
30981,18389
30982,17913
30983,18472
30984,18896
30985,18387
30986,17210
30987,18629
30988,18630
30989,18676
30990,18633
30991,18800
30992,18801
30993,18801
30994,18800
30995,18800
30996,18802
30997,18601
30998,18923
30999,18910
31000,18548
31001,18851
31002,18572
31003,12955
31004,18733
31005,18571
31006,17159
31007,18327
31008,18327
31010,18325
31011,18737
31012,18738
31013,18278
31014,18320
31015,18228
31016,18228
31017,17699
31018,18756
31019,18759
31020,18884
31021,18924
31022,18923
31023,18923
31024,18909
31025,18853
31026,18925
31027,18630
31028,18629
31029,
31030,18855
31031,18860
31032,15154
31033,18886
31034,18887
31035,15160
31036,18888
31037,18889
31038,18895
31039,16627
31040,18917
31041,18915
31042,18916
31044,18918
31045,18920
31046,8189
31047,17616
31049,19014
31051,18805
31052,18806
31053,18810
31054,18807
31055,18807
31056,18808
31057,18809
31058,18885
31059,18927
31060,18928
31061,18928
31062,18832
31063,18328
31064,18693
31065,17760
31066,18672
31067,15689
31068,15159
31069,18592
31070,18592
31071,17724
31072,17724
31073,18890
31074,18908
31075,18383
31077,
31078,
31079,
31080,
31081,
31082,
31083,13627
31084,18937
31085,18940
31086,18794
31087,18894
31088,18921
31089,8189
31090,18922
31091,17752
31092,18936
31093,18679
31094,18764
31095,18702
31096,18549
31097,18588
31098,18945
31099,18945
31100,18945
31101,18633
31102,18746
31103,18744
31104,18748
31105,18747
31106,18743
31107,18759
31108,18735
31109,18947
31111,17928
31112,18496
31113,18911
31114,18932
31115,18933
31116,18948
31117,18222
31118,18304
31119,18946
31120,18950
31121,18952
31122,18806
31123,18805
31124,18569
31125,18569
31126,18951
31127,17072
31128,
31129,18701
31130,
31131,
31132,18275
31133,18111
31134,17800
31135,18427
31136,
31137,18964
31138,18964
31139,18964
31140,18936
31141,17926
31142,18809
31143,18959
31144,17513
31145,18805
31146,18810
31147,18808
31148,18965
31149,18965
31151,18723
31152,18809
31153,18807
31154,18807
31155,18807
31156,11381
31157,18676
31158,18922
31159,18922
31160,18763
31161,18953
31162,18954
31163,18961
31164,18325
31165,18774
31166,18966
31167,18278
31168,18633
31169,18889
31170,18888
31171,18570
31172,15074
31173,15082
31174,17359
31175,16762
31176,15005
31177,18247
31178,18371
31179,18970
31180,17796
31181,18752
31182,18969
31183,18767
31184,18910
31185,
31186,18948
31187,18974
31188,18976
31189,
31190,7427
31191,18597
31193,18963
31194,18962
31195,18976
31196,
31197,18779
31198,
31199,
31200,
31201,13627
31202,
31203,18701
31204,18779
31205,15317
31206,18192
31207,6279
31208,
31209,
31210,17880
31211,16110
31212,16020
31213,
31214,17764
31215,16027
31216,14916
31217,16725
31218,6279
31219,18984
31220,18983
31221,18808
31222,18808
31223,18805
31224,17913
31225,18807
31226,18809
31227,18980
31228,18936
31229,17067
31230,18415
31231,18479
31232,18479
31233,18949
31234,16025
31235,16024
31236,17353
31237,15958
31238,18973
31239,18971
31240,18972
31241,18898
31242,18977
31243,17699
31244,18967
31245,13619
31246,13834
31247,18387
31248,18672
31249,18987
31250,18599
31251,18824
31252,18825
31253,18925
31254,18991
31255,18978
31256,18275
31257,17764
31258,18472
31259,18691
31260,18735
31261,18994
31262,18766
31263,18766
31264,18718
31265,15154
31267,18942
31268,
31269,
31270,13627
31271,14916
31273,17913
31274,18922
31275,18922
31276,18548
31277,18999
31278,18228
31279,18980
31280,18997
31281,18992
31282,18981
31283,13486
31284,18985
31285,18986
31286,18633
31287,18936
31288,19001
31289,18384
31290,19004
31291,18989
31292,18990
31293,18587
31294,18569
31295,18998
31296,19000
31297,19005
31298,18815
31299,18815
31300,18811
31301,18811
31302,18812
31303,18812
31304,18813
31305,18813
31306,18814
31307,18814
31308,12189
31309,12189
31310,18993
31311,18988
31312,16662
31313,17928
31314,17928
31316,16669
31317,12955
31318,18897
31319,18845
31322,18858
31324,18809
31325,19009
31326,18848
31327,18859
31328,18847
31332,18864
31333,18856
31334,18863
31335,18861
31336,17072
31337,17353
31338,19011
31339,19010
31340,18973
31341,18594
31343,18327
31344,18327
31345,18761
31346,18761
31347,19012
31348,17926
31349,17926
31350,18796
31351,18796
31352,18328
31353,18952
31354,18952
31355,14641
31356,18805
31357,
31358,
31359,5403
31360,18267
31361,
31362,13627
31363,18428
31364,19016
31365,19009
31366,19040
31367,19041
31368,18242
31369,14641
31370,18808
31371,18808
31372,18808
31373,18805
31374,18601
31375,18763
31376,19011
31377,18815
31378,18371
31379,19032
31380,15689
31381,19030
31382,19039
31383,18922
31384,18922
31385,18922
31386,19034
31387,19036
31388,18843
31389,18843
31390,18843
31391,19042
31392,19026
31393,18695
31394,18124
31395,18909
31396,19028
31397,17821
31398,17822
31399,18743
31400,19027
31401,18705
31402,18909
31403,19021
31404,19038
31405,18808
31406,18805
31407,18812
31408,18220
31409,18384
31410,14292
31411,14292
31412,14292
31413,14292
31414,14292
31415,14292
31416,18569
31417,18250
31418,19035
31420,19037
31421,18747
31422,19031
31423,18997
31424,18980
31425,18888
31426,19066
31427,19073
31428,19005
31429,19075
31430,18971
31431,17699
31432,18569
31433,18371
31434,17928
31435,18622
31436,18177
31437,18387
31438,19079
31439,19078
31441,19064
31442,19064
31443,19080
31444,19065
31445,19065
31446,19065
31447,19056
31448,19055
31449,18952
31450,18763
31451,19076
31452,18858
31453,19077
31454,18479
31455,18991
31456,19082
31457,19081
31458,19045
31459,18735
31460,19021
31461,19070
31462,
31463,18995
31464,19009
31465,18762
31466,18945
31467,18368
31468,18369
31469,18625
31470,18625
31471,18368
31472,18100
31473,18099
31474,19086
31475,19083
31476,18572
31477,19089
31478,19087
31479,18813
31480,18808
31481,18805
31482,18946
31483,19084
31484,19072
31485,19074
31486,4327
31487,4327
31488,19068
31489,19090
31490,
31491,
31492,
31493,
31494,
31495,
31496,
31498,
31499,
31500,
31501,
31502,
31503,
31504,
31505,18172
31506,14494
31507,17645
31508,18427
31509,19093
31510,18328
31511,19096
31513,19099
31514,19098
31515,19097
31516,18622
31517,19091
31518,18997
31519,18984
31520,18984
31521,18984
31522,18984
31523,18984
31524,19111
31525,19110
31526,19109
31527,19106
31528,19105
31529,19102
31530,19101
31531,19100
31532,18813
31533,18814
31534,18814
31535,18815
31536,18811
31537,18811
31538,18812
31539,18812
31540,18812
31541,19093
31542,19094
31543,19088
31544,19114
31545,19103
31546,19066
31547,17417
31548,18167
31549,18757
31550,18898
31551,18922
31552,
31553,18549
31554,18805
31555,18813
31556,18814
31557,19095
31558,18569
31559,18985
31560,17568
31561,17568
31562,
31563,19113
31564,13619
31565,13834
31566,18547
31567,18922
31568,18725
31569,19030
31570,19030
31571,18725
31572,18594
31573,19078
31574,19078
31575,18594
31576,18993
31577,18572
31578,18808
31579,15431
31580,
31581,15317
31582,7427
31583,19089
31584,19115
31585,19115
31586,18917
31587,18601
31588,19092
31589,19095
31590,18972
31591,18897
31592,8912
31593,18301
31594,16449
31595,18301
31597,18224
31598,18224
31600,18223
31601,18226
31602,18226
31603,18226
31604,18227
31605,18227
31608,18229
31609,18229
31610,18229
31611,18386
31612,18386
31614,18230
31615,18230
31618,18232
31619,18232
31620,18232
31621,18231
31622,18231
31623,18234
31630,18750
31631,
31632,19018
31633,18572
31634,18278
31635,18100
31636,19086
31637,18575
31638,17796
31639,19066
31640,19143
31641,19144
31642,18569
31643,19089
31644,19099
31645,19005
31646,19121
31647,18630
31648,17699
31649,19124
31650,19128
31651,19148
31652,19138
31653,19139
31654,19140
31655,19141
31656,19142
31659,19150
31660,19096
31661,19096
31662,18763
31663,18811
31664,18812
31665,18811
31666,18812
31667,18812
31668,18812
31670,18812
31671,18812
31672,18812
31673,18812
31674,18812
31675,18812
31676,18811
31677,18811
31678,18811
31679,18811
31680,18811
31681,18811
31682,18811
31683,18811
31684,18814
31685,18814
31686,18814
31687,18814
31688,18814
31689,18814
31690,18814
31691,18814
31692,19157
31693,19159
31694,19158
31695,14910
31696,19151
31697,18869
31698,18869
31699,18815
31700,18815
31701,18815
31702,18815
31703,18815
31704,
31705,17234
31706,19152
31707,18572
31708,19132
31709,19118
31710,18320
31711,17929
31712,18952
31713,19185
31714,19175
31715,19177
31716,19192
31717,19137
31718,19136
31719,19135
31720,18811
31721,19081
31722,17928
31724,17926
31725,18320
31726,17928
31727,17766
31728,19085
31729,18813
31730,18813
31731,18813
31732,18813
31733,18813
31734,18813
31735,18813
31736,18815
31737,18815
31738,18815
31739,18813
31740,19053
31741,19054
31742,19052
31743,19116
31744,19063
31745,19104
31746,19104
31747,19172
31748,19173
31749,19181
31750,19184
31751,19183
31752,19182
31753,19204
31754,19186
31755,17323
31756,19012
31757,8189
31758,18592
31759,18220
31760,19206
31762,19211
31763,19212
31764,17913
31765,14916
31766,18236
31767,18236
31768,18235
31771,18238
31772,18239
31773,18239
31774,18847
31775,19168
31776,8189
31777,18757
31778,18812
31779,18814
31780,18813
31781,18811
31783,19161
31784,19176
31785,19178
31786,19179
31787,19180
31788,19189
31789,19188
31790,18972
31791,19190
31792,19191
31793,19194
31794,19193
31795,19195
31796,19196
31797,19197
31798,19198
31799,19199
31800,19200
31801,19208
31802,10547
31803,12955
31804,
31805,
31806,
31807,19025
31808,
31809,5559
31810,
31811,
31812,18111
31813,19025
31814,
31815,19217
31816,19221
31817,19219
31818,19223
31819,18592
31820,19150
31821,19228
31822,19209
31823,17601
31824,19210
31825,18747
31826,19218
31827,19026
31828,18700
31829,18752
31830,19091
31831,18415
31832,18320
31833,19232
31834,18384
31835,18226
31836,19246
31837,19216
31838,19220
31839,19247
31840,19246
31841,19227
31842,19112
31843,18705
31844,17699
31846,19062
31847,19248
31848,18227
31849,
31851,19143
31852,19144
31854,18844
31855,19125
31856,19224
31857,19202
31858,18998
31859,19012
31860,17083
31861,19147
31862,19146
31863,19145
31864,19018
31865,4327
31866,18701
31867,10547
31868,
31869,
31870,
31871,
31872,
31873,
31874,
31875,19251
31876,18320
31877,19259
31878,19259
31879,19259
31880,19259
31881,18812
31882,18812
31884,18816
31885,18818
31886,18817
31887,18819
31889,19260
31890,18743
31891,19205
31892,19203
31893,19037
31894,19245
31895,19150
31896,18819
31897,18817
31898,18818
31899,18816
31900,17929
31902,19265
31903,17913
31904,8189
31905,19267
31906,18547
31907,19187
31908,19153
31909,19156
31910,19286
31911,18569
31912,19279
31913,18220
31914,18301
31915,18990
31916,19208
31917,18845
31918,18177
31919,19083
31920,19155
31921,7427
31922,18735
31923,19043
31924,18920
31925,18918
31926,19038
31927,18856
31928,18856
31929,18846
31930,18846
31931,18995
31932,18569
31933,19252
31934,19150
31935,19150
31936,19290
31937,19289
31938,19291
31939,19292
31940,
31941,6280
31942,17384
31943,19255
31944,19256
31945,18560
31946,19258
31947,19249
31948,18686
31949,19288
31950,18860
31951,19293
31953,18225
31954,18228
31955,19012
31956,
31957,
31958,12664
31959,
31960,
31961,14494
31962,
31963,
31964,17928
31965,19302
31966,18984
31967,18984
31968,19290
31969,19301
31970,19301
31971,19286
31972,19153
31973,19153
31974,19153
31975,19220
31976,19295
31977,19296
31978,18499
31979,19077
31980,19299
31981,18705
31982,19298
31983,19297
31984,19305
31985,19300
31986,18320
31987,13619
31988,13834
31989,19306
31990,19211
31991,19012
31992,19012
31993,
31994,18869
31995,18223
31996,19207
31997,19139
31998,18992
31999,19254
32000,18993
32001,19308
32002,17929
32003,19261
32004,19263
32005,19268
32006,16662
32007,18888
32008,19087
32009,19020
32010,
32011,19322
32012,19309
32013,19065
32014,19265
32015,19063
32016,17929
32017,18320
32018,19206
32019,19289
32020,19072
32021,19000
32022,19249
32023,19286
32024,18820
32025,18820
32026,18817
32027,18817
32028,18817
32029,19259
32030,18812
32031,18817
32032,18820
32033,18812
32034,19307
32035,19259
32036,19312
32037,19313
32038,19315
32039,19316
32040,19317
32041,17568
32042,18249
32043,19314
32045,18762
32046,19321
32047,19318
32048,19174
32049,
32050,18779
32051,19025
32052,
32053,6279
32054,8720
32055,19343
32056,19348
32057,19339
32058,18320
32059,19300
32060,17926
32061,19350
32062,19336
32063,12189
32064,12955
32065,12972
32066,18389
32067,8189
32068,18820
32069,19337
32070,19340
32071,18819
32072,18817
32073,18817
32074,18818
32075,14910
32076,18816
32077,18812
32078,18812
32079,19259
32080,19351
32081,19338
32082,14842
32083,17048
32084,18946
32085,17923
32086,19032
32087,19249
32088,19323
32089,18952
32090,18975
32091,19324
32092,19328
32093,19332
32094,19269
32096,19270
32098,19320
32099,18972
32100,19291
32101,19289
32102,18869
32103,19342
32104,18895
32105,18932
32106,18571
32107,19315
32108,18622
32110,19043
32111,19339
32112,19054
32113,19053
32114,19053
32115,19303
32117,19244
32118,18226
32119,19326
32120,19325
32121,19327
32122,19349
32123,18236
32124,19107
32125,19006
32126,18230
32127,19065
32129,19353
32130,
32131,17699
32132,19356
32133,19354
32134,19253
32135,19357
32136,19178
32137,19347
32138,19341
32140,17928
32141,17086
32142,17105
32143,17084
32144,19272
32145,19310
32146,19285
32147,19284
32148,19283
32149,19282
32150,19281
32151,19280
32152,19278
32153,19277
32154,19276
32155,19275
32156,19274
32157,19057
32158,19355
32159,19355
32160,19355
32161,
32162,19025
32163,19373
32164,18864
32165,18842
32166,18846
32167,18945
32168,18404
32169,19092
32170,17926
32171,18233
32172,18233
32173,18227
32174,18229
32175,19249
32176,19379
32177,19393
32178,19336
32179,19374
32180,16527
32181,19358
32183,19365
32184,19339
32185,19362
32186,19184
32189,18945
32190,19395
32191,19131
32192,19361
32193,19077
32194,19364
32195,19363
32196,19015
32197,19367
32198,19368
32199,19369
32200,19370
32201,19382
32202,19371
32203,18812
32204,19304
32205,19356
32206,19394
32207,19397
32208,19000
32209,
32210,19373
32211,18234
32212,18234
32213,18386
32214,19400
32215,18864
32216,18842
32217,19179
32218,19404
32219,19404
32220,18761
32221,17766
32222,17535
32223,17909
32224,19249
32225,19398
32226,18923
32227,19408
32228,19408
32229,19407
32230,19407
32231,19409
32232,19410
32233,19411
32234,19411
32235,16527
32236,19317
32237,19396
32238,18237
32239,4327
32240,18237
32241,19399
32242,19313
32243,19405
32244,19198
32245,19012
32246,19288
32247,18523
32248,18524
32249,18812
32250,18812
32251,18816
32252,19319
32253,18812
32254,18818
32255,18820
32256,18819
32257,18817
32258,19414
32259,18233
32260,18236
32261,16358
32262,16358
32263,16358
32264,16358
32265,16357
32266,16358
32267,19393
32268,19418
32269,18932
32270,19316
32271,19424
32272,18232
32273,19412
32274,19380
32275,19420
32276,19133
32277,19419
32278,19421
32279,19422
32280,19413
32281,18226
32282,17033
32283,19377
32284,19216
32285,19012
32286,19425
32287,19412
32288,19401
32290,19403
32291,18998
32292,13619
32293,13834
32294,14842
32295,12189
32296,19259
32297,18823
32298,18760
32299,18962
32300,19085
32301,19332
32302,19269
32303,18817
32304,19352
32305,19359
32308,19345
32309,19345
32310,4327
32311,18761
32312,12909
32313,19404
32314,19398
32315,18237
32316,18864
32317,18842
32318,19138
32319,18735
32320,19433
32321,19434
32322,19436
32323,17535
32324,19427
32325,19430
32326,19429
32327,19429
32328,19413
32329,19402
32330,18235
32331,19183
32332,19426
32333,18232
32334,18812
32335,19408
32336,19354
32337,19435
32338,19018
32339,19025
32340,7427
32341,18112
32342,
32343,19400
32344,19207
32345,19462
32346,19420
32347,19402
32348,19303
32349,18230
32350,19427
32351,18227
32352,18233
32353,18238
32354,19012
32355,19276
32356,19455
32357,19460
32358,19442
32359,19338
32360,19440
32361,19361
32362,19179
32363,16662
32364,19198
32365,19138
32366,19176
32367,19459
32369,19441
32370,19439
32371,19305
32372,18812
32373,18812
32374,18812
32375,18820
32376,18820
32377,18820
32378,18819
32379,18819
32380,18819
32382,18817
32383,18817
32384,18817
32385,19463
32386,19461
32387,19466
32388,18820
32389,18817
32390,18822
32391,19407
32392,18821
32393,18823
32394,18759
32395,19457
32396,18735
32397,19446
32398,19448
32399,19449
32400,19450
32401,19451
32402,19438
32403,19107
32404,12955
32405,19447
32406,19443
32407,17084
32408,19409
32409,19410
32410,19411
32411,19326
32412,19173
32413,19445
32414,19466
32415,19470
32416,18819
32417,19268
32418,19469
32419,19355
32420,19313
32421,17699
32422,19295
32423,19471
32424,18993
32425,18993
32426,19310
32427,19104
32428,19012
32429,16449
32430,19461
32431,17148
32432,18636
32441,
32442,
32443,
32444,19025
32445,19025
32446,
32447,
32448,19025
32449,7427
32450,19472
32451,18239
32452,18237
32453,18235
32454,8189
32455,19176
32456,19475
32457,19138
32458,19179
32459,19479
32460,19481
32461,19361
32462,19473
32463,19421
32464,18923
32465,18923
32466,378
32467,19485
32468,19476
32469,15154
32470,19480
32471,19482
32472,19486
32473,18735
32474,18735
32475,19487
32476,19488
32477,19268
32478,19489
32479,19484
32480,19483
32481,18232
32482,18238
32483,19345
32485,19491
32486,19346
32487,19271
32488,19311
32489,19448
32490,19447
32491,18226
32492,19490
32493,16027
32494,17351
32495,17389
32496,17353
32497,19496
32498,19499
32501,18816
32502,18816
32503,18819
32504,18819
32505,18820
32506,18820
32507,18820
32508,18820
32509,10547
32510,10547
32511,18817
32512,10547
32513,19503
32514,19492
32515,17086
32517,19497
32518,19497
32519,19498
32520,18234
32521,19456
32522,17535
32523,19493
32524,19494
32525,19495
32526,18923
32527,18923
32528,14962
32529,19370
32530,19486
32531,19377
32532,4327
32535,10547
32536,
32537,
32538,
32539,
32540,13627
32541,19025
32542,7427
32543,18112
32544,
32545,19486
32546,18837
32547,18837
32548,19508
32549,18237
32550,19514
32551,19447
32552,18233
32553,18819
32554,18817
32555,18817
32556,18817
32557,18817
32558,18823
32559,18822
32560,18820
32561,19479
32563,19298
32564,19509
32565,19288
32566,19419
32567,19477
32568,19505
32569,18686
32570,19510
32571,19511
32572,19356
32573,19427
32574,19521
32575,19507
32576,19227
32577,18823
32579,18239
32580,19513
32581,19506
32582,19504
32583,19500
32584,19479
32585,19404
32586,19512
32587,17000
32588,19371
32589,19375
32590,19012
32591,19528
32592,19380
32593,19479
32594,19293
32595,19527
32597,17752
32598,8189
32599,19451
32600,19349
32601,19475
32602,19529
32604,18998
32605,19515
32606,19520
32607,19519
32608,19518
32609,19517
32610,19526
32611,19516
32612,18238
32613,16358
32615,18952
32616,18817
32617,10547
32618,
32619,
32620,
32621,19436
32622,18233
32623,19447
32624,19547
32625,18817
32626,18817
32627,18817
32628,18817
32629,18823
32630,18823
32631,18822
32634,19487
32635,19486
32636,19548
32637,19468
32638,19533
32639,19551
32640,19133
32641,19420
32642,19421
32643,19532
32644,19531
32645,19466
32646,19466
32647,
32648,
32649,
32650,19535
32651,19481
32652,18292
32653,19268
32654,18482
32655,19552
32656,19553
32657,19545
32658,19545
32659,19545
32660,19545
32661,19540
32662,19491
32663,8189
32664,19539
32665,13619
32666,13834
32667,19554
32668,6280
32669,19483
32670,19534
32671,19368
32672,19358
32673,19469
32674,17601
32675,18860
32676,19449
32677,19343
32678,19499
32679,19496
32680,9460
32681,19012
32682,19561
32683,19404
32684,19404
32685,18823
32687,17371
32688,19570
32689,19555
32690,19556
32691,19557
32692,19401
32693,19388
32694,
32695,
32696,
32698,
32699,
32700,
32701,
32702,15957
32703,
32704,13627
32705,8720
32706,17351
32707,18837
32708,19486
32709,19558
32710,19253
32711,18992
32712,19491
32713,19422
32714,19579
32715,19579
32716,19582
32717,19571
32718,19361
32719,19573
32720,19574
32721,19569
32722,19491
32723,19599
32724,18817
32725,18817
32726,10547
32727,18823
32728,18823
32729,18823
32730,18822
32731,19012
32732,18993
32733,18993
32734,19562
32735,19563
32736,19564
32737,19565
32738,19396
32739,19577
32740,19466
32741,19470
32742,19551
32743,12955
32744,17590
32745,18836
32746,19587
32747,19591
32748,19403
32749,19402
32750,19601
32751,19601
32752,19601
32753,19601
32754,19601
32755,19601
32756,18234
32757,18232
32758,19439
32759,19537
32763,19525
32764,19602
32765,19575
32766,5559
32767,18652
32768,
32769,5559
32770,326
32771,18172
32772,19242
32773,19013
32774,18779
32775,18984
32776,18984
32777,18984
32778,18984
32779,19634
32780,19636
32781,19472
32782,10547
32783,19638
32784,19566
32786,19643
32787,19609
32788,19389
32789,19608
32790,19608
32791,19248
32792,19271
32793,18963
32794,19504
32796,19319
32797,19466
32798,19466
32799,18923
32800,18923
32801,14810
32802,19601
32803,19601
32804,18823
32805,18817
32806,18836
32807,19587
32808,19133
32809,19600
32810,18932
32811,19601
32812,19601
32813,19601
32814,19631
32815,19606
32816,19642
32817,18817
32818,19604
32819,19641
32820,19607
32821,19617
32822,19646
32824,19640
32825,19415
32826,18823
32827,17384
32828,19467
32829,19650
32830,19396
32832,19651
32833,19431
32834,19431
32836,19573
32837,19633
32838,19644
32839,17699
32840,15908
32841,19647
32842,19653
32843,19581
32844,19588
32845,19597
32846,19648
32847,19643
32848,16530
32849,18764
32850,18764
32851,18766
32852,18765
32853,19639
32854,19420
32855,18404
32856,19611
32857,19652
32858,19652
32859,19645
32860,19584
32861,6280
32862,
32863,
32864,
32865,13627
32866,19655
32867,19661
32868,19576
32869,19657
32870,19663
32871,19663
32872,18975
32873,19591
32874,19614
32875,19623
32876,19161
32877,19373
32878,4327
32879,18766
32880,19659
32881,19658
32884,19428
32885,19601
32886,19601
32887,19601
32888,19601
32889,19601
32890,19660
32891,19662
32892,19667
32906,19670
32911,18862
32912,18862
32913,19669
32914,19673
32915,19605
32917,19018
32918,19538
32919,19674
32920,16024
32921,18234
32922,19656
32923,19672
32924,19119
32925,19025
32926,
32927,10547
32930,
32932,19608
32933,19683
32934,19682
32935,19634
32936,19692
32937,19591
32938,19691
32939,19681
32940,19680
32941,19679
32942,19466
32943,19466
32944,19693
32945,19663
32946,19663
32947,19404
32948,19684
32950,19677
32951,19676
32952,19601
32953,19601
32954,19601
32955,19685
32956,19691
32957,19623
32958,19696
32959,19679
32960,18229
32961,19697
32962,18821
32963,18821
32964,18821
32965,18821
32967,19701
32968,19534
32969,19600
32970,19472
32971,19557
32972,15773
32973,15773
32974,19700
32975,19545
32976,19018
32977,19666
32978,19665
32979,19678
32980,
32981,
32982,
32983,
32984,13627
32985,
32986,19631
32987,19601
32990,19601
32991,19557
32992,865
32993,19693
32994,19620
32995,18862
32996,19679
32997,19706
32998,19713
32999,19658
33000,19705
33001,19703
33002,19601
33003,19519
33004,19537
33005,19687
33006,15154
33007,19698
33008,19695
33009,19694
33010,19422
33011,19420
33012,19707
33013,19704
33014,18821
33015,19719
33016,19719
33017,19721
33018,19601
33019,19601
33020,19721
33021,19528
33022,19528
33024,19319
33025,13619
33026,13834
33027,19711
33028,19712
33029,19714
33030,19715
33031,19716
33032,19717
33033,19718
33034,19723
33035,19724
33036,19651
33037,19726
33038,19728
33039,19702
33040,19427
33041,15908
33042,19645
33043,18766
33044,19670
33045,18765
33046,19345
33047,19679
33048,19679
33049,19679
33050,18524
33051,19089
33052,17752
33053,19732
33054,19733
33055,19730
33056,19731
33057,19729
33058,15649
33059,19466
33060,19710
33061,19708
33062,17244
33063,19738
33064,19737
33065,19737
33066,18862
33067,19587
33068,19739
33069,19740
33070,19749
33071,18821
33072,18821
33073,18821
33074,19751
33075,19752
33076,19753
33077,19573
33078,19745
33079,19746
33080,19748
33081,19750
33082,19699
33083,18821
33084,19739
33085,19756
33086,12955
33087,19466
33088,19744
33089,19743
33090,15910
33091,19754
33092,17710
33093,
33094,18427
33095,
33096,19570
33097,19466
33098,19466
33099,19680
33100,19697
33101,19642
33102,19607
33103,19660
33104,19662
33105,19772
33106,19601
33107,19601
33108,19601
33109,19721
33110,19721
33111,19761
33112,19444
33113,19531
33114,19531
33115,19531
33116,19531
33117,18765
33118,18764
33119,18764
33120,19735
33121,19620
33122,19614
33123,19640
33124,19515
33125,19612
33126,19762
33127,19519
33128,19473
33129,19763
33130,19763
33131,19765
33132,19766
33133,19538
33134,19775
33135,19757
33136,19709
33137,15773
33138,18821
33139,18821
33140,19601
33141,19601
33142,19601
33143,19601
33144,19601
33145,19601
33146,19601
33147,19601
33148,19651
33149,19769
33150,19725
33151,19760
33152,19759
33153,19702
33155,19412
33156,19784
33157,19785
33158,19770
33159,19699
33160,19470
33161,19470
33162,19771
33163,19783
33164,19774
33165,19786
33166,19572
33167,19777
33168,19777
33169,19778
33170,18975
33171,
33172,18942
33173,
33174,18172
33175,
33176,19465
33177,
33178,19735
33179,19704
33180,19707
33181,19750
33182,19697
33183,10547
33184,12189
33185,19753
33186,19525
33187,19605
33188,19348
33189,19651
33190,19396
33191,18860
33192,18860
33193,18860
33194,15773
33195,19679
33196,19740
33197,19018
33198,19528
33199,19797
33200,19796
33201,19793
33202,19795
33203,19427
33205,19412
33206,18821
33207,17891
33208,19799
33209,19777
33210,19787
33211,19800
33212,19805
33213,19802
33214,19289
33215,19663
33216,19663
33217,19803
33218,19804
33219,19806
33220,19824
33221,19816
33222,19818
33223,19817
33224,19815
33225,19814
33226,19811
33227,19810
33228,19807
33229,19808
33230,19809
33231,19722
33232,19794
33233,19788
33234,19651
33235,19412
33236,19605
33237,19289
33238,19601
33239,15773
33240,15773
33241,19528
33242,19601
33243,15773
33244,15773
33245,19412
33246,15773
33249,12189
33250,12955
33251,19737
33252,19679
33253,18764
33254,19348
33255,19515
33256,19473
33257,17147
33258,19514
33259,18764
33260,19699
33261,19828
33262,19826
33263,19827
33264,19826
33265,19393
33266,19393
33267,18821
33268,18821
33269,
33270,
33271,8720
33272,18942
33273,
33274,8720
33275,
33276,14494
33277,13627
33278,
33279,18428
33280,15317
33281,17234
33282,
33283,18779
33284,
33285,13326
33286,19025
33287,
33288,15799
33289,13619
33290,13834
33291,
33292,
33293,
33294,
33295,16788
33296,7427
33297,19863
33298,19836
33299,19805
33300,19873
33301,19875
33302,19866
33303,19865
33304,19842
33305,19778
33306,19018
33307,19888
33308,19838
33309,19879
33310,19837
33311,19870
33312,19764
33313,19881
33314,19605
33315,
33316,13627
33317,
33318,15789
33319,
33320,12142
33321,
33322,
33323,
33324,19412
33325,19412
33327,19817
33329,19879
33330,19576
33331,19769
33332,19640
33333,18229
33334,19807
33335,19660
33336,19898
33338,19871
33339,18821
33340,18821
33341,19721
33342,19601
33343,19904
33344,19903
33345,18566
33346,19855
33347,19855
33348,19894
33349,19834
33350,19858
33351,19857
33352,19856
33353,19854
33354,19823
33355,19804
33363,19470
33364,19860
33365,19319
33366,19319
33367,19605
33368,18764
33369,19601
33370,18821
33371,19863
33372,19572
33374,19466
33375,19572
33376,19601
33377,19872
33378,19877
33379,19601
33380,18566
33381,18821
33382,18821
33383,18821
33384,18821
33385,19862
33386,19828
33387,19777
33388,19902
33389,19758
33390,19741
33391,19864
33393,17699
33394,19874
33395,19876
33396,19268
33397,19844
33398,19849
33399,19851
33400,19852
33402,19534
33403,19859
33404,19770
33405,19829
33406,19830
33407,19795
33408,19793
33409,19835
33410,19841
33411,19843
33412,19846
33413,19847
33414,19850
33415,19848
33417,19889
33418,19908
33419,19525
33420,19756
33421,19743
33422,19744
33423,19738
33424,19826
33425,19631
33426,19780
33428,19911
33429,19909
33430,19910
33431,19607
33432,19602
33433,19659
33434,19746
33435,19759
33436,19748
33437,19745
33438,19705
33439,15910
33440,15909
33441,19890
33442,19809
33443,19915
33444,19765
33445,19892
33446,18862
33447,19899
33448,19640
33449,19693
33450,19905
33451,19587
33452,19906
33453,19886
33454,19884
33455,19885
33456,19887
33457,19883
33458,19832
33459,19515
33460,19763
33461,19845
33462,19916
33463,19895
33464,19492
33466,
33467,19025
33468,
33469,9277
33470,4782
33471,16144
33472,17069
33473,10041
33474,15317
33475,19582
33476,19582
33479,19582
33480,19582
33481,19466
33482,19914
33483,19833
33484,16174
33485,19891
33486,19917
33487,19917
33489,18821
33490,18821
33491,18821
33492,18821
33493,18821
33494,19876
33495,19697
33496,19807
33497,19551
33498,19932
33499,19934
33500,4327
33501,19936
33502,19922
33503,19921
33504,19924
33505,19444
33506,19761
33507,19538
33508,19660
33509,19858
33510,19938
33511,19920
33512,19919
33513,19918
33514,19929
33515,19926
33516,19927
33517,19930
33518,19939
33519,19940
33520,19942
33521,19892
33522,19695
33523,19777
33524,19937
33525,19534
33526,19928
33527,19935
33528,19923
33529,19721
33530,19601
33531,19601
33532,19466
33533,13834
33534,
33536,10547
33538,15957
33539,13627
33540,16788
33541,7427
33542,15317
33543,
33544,
33545,19818
33546,19910
33547,19057
33548,19958
33549,19952
33550,19961
33551,19943
33552,19771
33553,19941
33554,19783
33555,19830
33556,19876
33557,19857
33558,19960
33559,19808
33560,19822
33561,19822
33562,19832
33563,19832
33565,19831
33566,19686
33567,19831
33568,19755
33569,19776
33570,19776
33571,19965
33572,19965
33573,19965
33574,19965
33575,19466
33576,19962
33577,19962
33578,19466
33579,19679
33580,19679
33581,19968
33582,19896
33583,19896
33584,19734
33585,19611
33586,19611
33587,19345
33588,19601
33589,19601
33590,19601
33591,18821
33592,19945
33594,19972
33595,19908
33596,19946
33597,19946
33600,19645
33601,19645
33602,19809
33603,19972
33604,19967
33606,19969
33607,18701
33608,19901
33609,
33610,18172
33611,
33612,18267
33613,16144
33614,18172
33615,19978
33616,18701
33617,
33618,12664
33619,
33620,7427
33621,15317
33622,19980
33623,19973
33624,19971
33625,19857
33626,20009
33627,19631
33628,19466
33629,19601
33630,19601
33631,19831
33632,18566
33633,19988
33634,19970
33635,19959
33636,19961
33637,19466
33638,20047
33639,18821
33640,19937
33641,20013
33642,19917
33643,19876
33644,18998
33645,19974
33646,19001
33647,19947
33648,19948
33649,19949
33650,19950
33652,19436
33653,19986
33654,19987
33655,20001
33656,13619
33657,13834
33658,19979
33659,19001
33661,19985
33662,19983
33663,19989
33664,19935
33665,20004
33666,19972
33667,
33668,14916
33669,
33670,20011
33671,20069
33672,20066
33673,18942
33674,16972
33675,18192
33676,
33677,
33678,13627
33679,20064
33680,19466
33681,19962
33682,19466
33683,20049
33684,20008
33685,20010
33686,20006
33687,20003
33688,20065
33689,20059
33690,17568
33691,20061
33692,20060
33693,14910
33694,19601
33695,19601
33696,19601
33697,6280
33698,20070
33699,19896
33700,20082
33701,18821
33702,18821
33703,20071
33704,20081
33705,17699
33706,19734
33707,19470
33708,20013
33709,19917
33710,19380
33711,20083
33712,20085
33713,20086
33714,17203
33715,20080
33716,19375
33717,19396
33718,17033
33719,19784
33720,19810
33721,19587
33722,19809
33723,20078
33724,20068
33725,20015
33726,20074
33728,19531
33729,19825
33730,12955
33731,20069
33732,19354
33733,19960
33734,20114
33735,19575
33736,19515
33737,19964
33738,19922
33739,19765
33740,19763
33741,16505
33742,19018
33743,19959
33744,4412
33745,20079
33746,18862
33747,17601
33748,19722
33749,19733
33750,19782
33751,15317
33752,
33753,7427
33754,
33755,7427
33756,
33757,
33758,
33759,19890
33760,20081
33761,19910
33762,20072
33763,19845
33764,19848
33765,19972
33766,19962
33767,19466
33768,19746
33769,20092
33770,20099
33771,20099
33772,20095
33773,20100
33774,20094
33775,20100
33776,19659
33777,19470
33778,19645
33779,19466
33780,20071
33781,19823
33782,19631
33783,19001
33784,19853
33785,20093
33786,20109
33787,19601
33788,18821
33789,18821
33790,19601
33791,19601
33792,19601
33793,20096
33794,20101
33795,19982
33796,19885
33797,19886
33798,20089
33799,20090
33800,20091
33801,20097
33802,19856
33803,19854
33804,19857
33805,19855
33806,20128
33807,20128
33810,20116
33811,19962
33812,20119
33813,19699
33814,20013
33815,19566
33816,20120
33817,20080
33818,20121
33819,20113
33820,20086
33821,19679
33822,19913
33823,4327
33824,19025
33825,20105
33826,20102
33827,20098
33828,20104
33829,20110
33830,20103
33831,20107
33832,20108
33833,20108
33834,19454
33835,19454
33836,19454
33838,19659
33839,19466
33840,19755
33842,19601
33843,19601
33844,19466
33845,20123
33846,20123
33847,20122
33848,18821
33849,19001
33850,12189
33851,19602
33852,20127
33853,19396
33854,17033
33856,19967
33858,19962
33860,19721
33861,20121
33862,20118
33863,20129
33864,19359
33865,19954
33866,19777
33867,20120
33870,19834
33871,20095
33872,20092
33873,19746
33874,14823
33875,19890
33876,18226
33877,18225
33878,18228
33879,19924
33880,19695
33881,19807
33882,20076
33883,20124
33884,20125
33886,18860
33887,20135
33888,20130
33889,19515
33890,19964
33891,20069
33892,20112
33893,20117
33894,20111
33895,19966
33896,
33897,
33898,20126
33899,14910
33900,17626
33901,10547
33902,
33903,20144
33904,20154
33905,20154
33906,20142
33907,20100
33908,20099
33909,19466
33910,19466
33911,18320
33912,19972
33913,19602
33914,20100
33915,19976
33916,19977
33917,20141
33918,20146
33919,20146
33920,20154
33921,20154
33922,20154
33923,20154
33924,19601
33925,19601
33926,19601
33927,19755
33928,19831
33929,18566
33930,20145
33931,20138
33932,19947
33933,19950
33934,19949
33935,19935
33936,20155
33937,20147
33938,19810
33939,19809
33940,19908
33941,20110
33944,19779
33945,19165
33946,19164
33947,19856
33948,19926
33949,19927
33951,20158
33952,20133
33953,20160
33954,20100
33955,20161
33956,19776
33957,20162
33958,19847
33959,20143
33960,19289
33961,20163
33962,20164
33963,19807
33964,
33965,
33966,
33967,
33968,
33969,18701
33970,327
33971,
33972,15957
33973,13627
33974,
33975,18267
33976,12142
33977,
33978,
33979,20184
33980,20183
33981,20177
33982,19782
33983,20176
33984,19407
33985,19408
33986,19407
33987,17928
33988,19408
33989,19411
33990,19466
33991,19466
33992,20123
33993,20179
33994,19601
33995,19601
33996,19601
33997,19755
33998,19972
33999,19783
34000,20015
34001,19852
34002,20059
34003,20086
34004,19964
34005,19575
34006,20137
34007,19602
34008,18320
34009,17645
34010,18227
34011,20173
34012,19917
34013,19876
34014,19814
34015,19816
34016,19818
34019,20194
34020,20191
34021,20189
34022,20186
34026,20193
34027,20196
34028,20180
34029,20172
34030,16174
34031,19582
34032,19582
34033,19582
34034,19582
34035,19519
34036,20182
34037,20135
34038,20192
34039,20192
34040,20131
34041,20150
34042,20149
34043,20149
34044,20201
34045,20204
34046,13834
34047,19601
34048,19967
34049,19967
34050,20195
34051,
34053,16972
34054,
34055,
34056,19601
34057,19601
34058,19466
34059,20107
34060,20142
34061,19601
34062,20220
34063,20209
34064,20158
34065,19515
34066,20204
34067,20197
34068,20202
34069,19380
34070,20200
34071,19436
34072,20064
34073,20103
34074,19466
34076,19756
34077,16662
34078,20207
34079,20208
34080,16632
34081,20205
34082,19816
34083,20217
34084,19396
34085,20206
34086,15159
34087,20216
34088,20218
34089,20219
34090,20062
34091,20224
34092,19947
34093,20171
34094,12189
34095,20163
34096,20225
34097,19780
34098,20226
34099,20114
34100,12955
34101,
34102,
34103,10547
34104,13627
34105,
34106,
34107,
34108,
34109,
34110,
34111,
34112,19949
34113,19466
34114,19734
34115,19967
34116,19411
34117,19466
34118,19466
34119,20252
34120,20247
34121,20246
34122,20240
34123,20241
34124,20090
34125,20243
34126,20242
34127,19964
34128,19848
34129,19763
34130,19847
34131,20248
34132,20253
34133,20238
34134,19954
34135,20187
34136,19017
34137,19966
34138,17766
34139,18761
34140,20237
34141,19601
34142,19601
34143,19601
34144,18821
34145,19587
34146,19908
34147,19819
34148,18622
34149,20000
34150,20210
34151,20232
34152,20211
34153,20132
34154,19396
34155,20264
34156,20222
34157,20239
34158,20128
34159,15159
34160,19896
34161,20273
34162,20273
34163,19018
34164,20248
34165,20136
34166,20067
34167,20245
34168,20271
34169,20071
34170,20085
34171,20265
34172,20257
34173,20142
34174,20268
34175,19967
34176,19947
34177,20171
34178,20202
34179,19699
34181,20192
34182,20154
34183,19470
34184,20277
34185,19601
34186,19519
34187,19964
34188,20272
34189,20256
34190,19359
34191,20275
34192,20270
34193,20269
34194,20148
34195,20148
34197,14916
34199,
34200,13627
34201,18773
34202,17278
34203,20000
34204,20202
34205,20078
34206,20279
34207,19602
34208,19765
34209,20297
34210,20077
34211,20278
34212,20303
34213,20301
34214,20066
34215,20215
34216,18821
34217,20302
34218,19640
34219,19640
34220,20206
34221,19947
34222,20291
34223,20108
34224,20108
34225,20273
34226,20273
34228,19454
34229,20264
34230,20291
34231,20149
34232,20149
34233,20298
34234,19466
34235,20314
34236,20285
34237,20286
34238,20288
34239,20282
34240,20281
34241,20280
34242,20280
34243,20318
34244,20114
34245,20191
34246,20163
34247,20221
34248,20059
34249,6280
34250,17819
34251,20190
34252,20223
34253,20227
34254,14842
34255,20254
34256,20304
34257,20064
34258,20287
34259,20292
34260,19436
34261,18226
34262,20250
34263,20249
34264,19990
34266,20319
34267,20289
34268,20276
34269,20315
34270,19754
34271,20322
34272,20321
34273,20273
34274,20109
34275,20316
34276,20320
34277,20324
34278,20325
34279,19874
34280,20196
34281,12970
34282,19601
34283,20299
34284,19411
34285,19466
34286,
34287,
34288,13701
34289,
34290,15957
34291,13627
34292,
34293,19025
34294,15317
34295,
34296,
34297,
34298,
34299,
34300,
34301,
34302,
34307,
34308,
34309,
34310,
34311,
34312,
34313,
34314,20085
34315,20327
34316,20326
34317,
34318,20329
34319,
34320,19908
34321,19754
34322,19771
34323,
34324,16662
34325,20216
34326,20289
34327,20207
34328,20276
34329,20077
34330,
34331,
34332,19847
34333,19517
34334,20335
34335,20323
34337,20071
34338,20239
34339,19601
34340,20273
34341,19601
34342,20334
34343,18939
34344,20343
34345,18289
34346,20226
34347,20302
34348,20348
34349,20203
34350,20203
34351,20203
34352,20305
34353,20333
34354,20353
34355,20303
34356,20352
34357,19466
34358,19466
34359,19782
34360,19637
34361,19935
34362,20210
34363,20232
34364,20076
34365,20336
34366,19725
34367,
34368,
34369,
34370,
34371,
34372,
34373,
34374,
34375,
34376,
34377,
34378,
34379,
34380,
34381,
34382,20362
34383,19944
34384,19686
34385,19477
34386,19831
34387,19415
34388,20367
34389,20356
34390,20366
34391,20366
34392,20362
34393,20370
34394,20219
34395,20316
34396,20368
34397,20369
34398,21495
34399,21633
34400,20349
34401,19601
34402,
34403,
34404,20381
34405,19601
34406,20377
34407,16505
34409,17699
34410,
34411,
34412,15789
34413,20291
34415,20107
34416,
34417,
34418,
34419,
34420,
34421,
34422,
34423,
34424,
34425,
34430,
34431,
34438,
34439,
34440,
34441,
34442,
34443,
34446,
34450,
34451,
34452,
34453,
34462,20357
34463,20353
34464,19785
34465,20128
34466,20216
34467,20346
34468,20366
34469,18988
34470,19797
34471,19466
34472,20291
34474,20417
34475,20352
34476,20324
34477,20324
34478,20202
34479,20415
34480,14910
34481,18496
34482,20398
34483,20416
34484,20413
34485,19645
34486,20199
34487,20199
34488,20203
34489,20231
34490,20098
34491,20395
34492,20394
34493,20390
34494,20389
34495,20388
34496,20384
34497,20383
34498,20379
34499,19431
34502,20098
34503,19309
34504,19601
34505,20203
34506,19601
34507,19910
34508,20278
34509,20344
34510,20396
34511,20195
34512,20125
34513,19917
34514,19785
34515,
34516,14916
34517,
34518,
34519,13627
34520,
34521,19025
34522,
34523,3486
34524,12189
34525,
34526,20132
34527,20208
34528,20289
34529,19968
34530,19963
34531,20077
34532,15159
34533,20378
34534,20372
34535,20326
34536,20434
34537,20431
34538,20290
34539,20457
34540,20451
34541,20419
34542,20369
34543,20349
34545,20426
34546,20404
34547,20424
34548,20423
34549,20422
34550,20421
34551,19411
34552,20288
34553,20286
34555,20435
34556,20133
34557,20359
34558,20418
34559,20370
34560,19818
34561,19896
34562,20320
34563,20438
34564,20417
34565,
34566,20469
34567,20448
34568,20420
34569,20447
34570,20432
34571,
34572,
34573,20287
34574,20292
34575,20433
34576,19709
34577,20339
34578,20409
34579,20411
34581,20450
34582,20328
34583,20275
34584,20274
34585,20330
34586,20109
34587,20270
34588,20255
34589,19966
34590,18760
34592,20331
34594,20317
34595,19954
34596,20267
34597,20475
34598,20472
34599,20473
34600,20474
34601,19734
34602,20471
34603,20470
34604,20190
34605,17819
34606,17819
34607,19818
34608,18954
34609,20525
34611,20478
34612,20350
34613,19817
34614,20197
34615,19814
34616,20479
34617,14804
34618,20456
34619,20283
34620,20415
34621,2964
34622,14910
34623,14910
34624,20339
34625,20370
34626,20203
34627,19601
34628,20108
34629,20108
34630,20357
34631,20199
34633,20203
34634,20383
34635,20199
34636,20452
34637,19431
34638,20445
34639,20439
34640,20444
34641,20446
34642,20454
34643,20454
34644,20455
34645,20437
34646,19544
34647,20442
34648,20440
34649,16662
34650,20207
34651,16632
34653,20327
34654,20483
34655,20480
34656,19734
34657,20352
34658,10547
34659,327
34660,
34663,20488
34664,20485
34665,20077
34666,20290
34667,20289
34668,20431
34669,20434
34670,20207
34671,20208
34672,20216
34673,14916
34674,20369
34675,20476
34676,19816
34677,19974
34678,20438
34679,20315
34680,19587
34681,20220
34682,20510
34683,19886
34684,20482
34685,20199
34686,20199
34687,20384
34688,12955
34689,20203
34690,20448
34691,20351
34692,20382
34693,20526
34694,20527
34695,19893
34696,20078
34697,19637
34698,20128
34699,20412
34700,20432
34701,20495
34702,20509
34703,20285
34704,20452
34705,19935
34706,20480
34707,20302
34708,19087
34709,20524
34710,20511
34711,20362
34712,20108
34713,20108
34714,20108
34715,20530
34716,20561
34717,20386
34718,20352
34719,20513
34720,
34721,
34722,7427
34723,
34724,
34725,
34726,19025
34727,20329
34728,20276
34729,20108
34730,20586
34731,20365
34732,20328
34733,
34734,
34735,20077
34736,
34737,20220
34738,19519
34739,
34740,
34741,20456
34742,20456
34743,20283
34744,
34745,19763
34746,20580
34747,20573
34748,20432
34749,20581
34750,20582
34751,20216
34752,20587
34753,20132
34754,16632
34755,16662
34756,15159
34757,20434
34758,20528
34759,14916
34760,19087
34761,19238
34762,20577
34763,20510
34764,20364
34765,20584
34766,18932
34767,20206
34768,20589
34769,20381
34770,20579
34771,20225
34772,20578
34773,20397
34774,20502
34775,20410
34776,20322
34777,19239
34778,22221
34779,21633
34780,19436
34781,20583
34782,19927
34783,20289
34784,20290
34785,20591
34786,20480
34787,20302
34788,20594
34789,20409
34790,20512
34791,20337
34792,20338
34793,20590
34794,20447
34795,20274
34796,20109
34797,20588
34798,19709
34799,19954
34801,20345
34802,20345
34803,20345
34804,19419
34805,20596
34806,20597
34807,20595
34808,20593
34809,
34810,14916
34811,18942
34812,
34813,
34814,20480
34815,20599
34816,20326
34817,20605
34821,20220
34822,20108
34823,20602
34824,20528
34825,20603
34826,20603
34827,20601
34828,20292
34829,19819
34831,20600
34832,20525
34833,20638
34834,20641
34835,20639
34836,20414
34837,20566
34838,20567
34839,20644
34840,20643
34841,20449
34842,20642
34843,20432
34844,20446
34845,20446
34846,20645
34847,20592
34848,20592
34849,20592
34850,20592
34851,20592
34852,20592
34853,20592
34854,20592
34855,20592
34856,20592
34857,20322
34858,20495
34859,20496
34860,20497
34861,20498
34862,20498
34863,20499
34864,20500
34865,20500
34866,20501
34868,20578
34869,20154
34870,
34871,20114
34872,19699
34874,19816
34875,19470
34876,20154
34877,20154
34878,20574
34879,20574
34880,20488
34881,20597
34882,20527
34883,20108
34884,20444
34885,20203
34886,20231
34887,20231
34888,20650
34889,20231
34890,19544
34891,19544
34892,19544
34893,20432
34894,20600
34895,20676
34896,20676
34897,20328
34898,20220
34899,12189
34900,12955
34901,20410
34902,20649
34903,20329
34904,16901
34905,18231
34906,18230
34907,20668
34908,20585
34909,19935
34910,20648
34911,20659
34912,20652
34913,20390
34914,20103
34915,20395
34916,20394
34917,20098
34918,19699
34919,20654
34920,20672
34921,20661
34922,20663
34923,20664
34924,20664
34925,20667
34926,20315
34927,20438
34928,20195
34929,20125
34930,20351
34931,20595
34933,19569
34934,19784
34935,18233
34936,18386
34937,18228
34938,20656
34939,
34940,
34941,
34942,6299
34943,20678
34944,20457
34945,20457
34946,20192
34947,19699
34948,19470
34949,19470
34950,20672
34951,20567
34952,20566
34953,20414
34954,18227
34955,20647
34956,20670
34957,20670
34958,19411
34959,20696
34960,20696
34961,20477
34962,20695
34963,19816
34964,20662
34965,20646
34966,20674
34967,20683
34968,20699
34969,20444
34970,20677
34971,20108
34972,19238
34973,20329
34974,20701
34975,20651
34976,20565
34977,20383
34978,20488
34979,19820
34980,20675
34981,19239
34982,20680
34983,20679
34984,20681
34985,20672
34986,20695
34987,20131
34988,20682
34989,20329
34990,20637
34991,20634
34992,20527
34993,20526
34994,20670
34995,20527
34996,20694
34997,20693
34998,20693
34999,20692
35000,20691
35001,20199
35002,20488
35003,19396
35004,20458
35005,20459
35006,20461
35007,20462
35008,20460
35009,20464
35010,20465
35011,20700
35012,20322
35013,20514
35014,20701
35015,20331
35016,19709
35017,19917
35018,20698
35019,20697
35020,14804
35021,20671
35022,20576
35023,20341
35024,20339
35027,18226
35028,20356
35029,20291
35030,20703
35031,
35032,
35033,20676
35034,20672
35035,19699
35036,19699
35037,19470
35038,19470
35039,20725
35040,20154
35041,19948
35042,19601
35043,20527
35044,20527
35045,20701
35046,20502
35047,18932
35048,20704
35049,20684
35050,13619
35051,13834
35052,20309
35053,20683
35054,6299
35055,20410
35056,19935
35057,20702
35059,20341
35060,20709
35061,6299
35062,20576
35063,19601
35064,20231
35065,20527
35066,20683
35067,19463
35068,20710
35069,20462
35070,18234
35072,20483
35073,20672
35074,12955
35075,20672
35076,20527
35077,19699
35078,19470
35079,18232
35080,12955
35081,12955
35082,12189
35083,
35084,18942
35085,20711
35086,20410
35087,20649
35088,20601
35089,20712
35090,20684
35091,20566
35092,14916
35093,20713
35094,19601
35095,19544
35096,20722
35097,20714
35098,20331
35099,19954
35100,20723
35101,20414
35102,20681
35103,19816
35104,20595
35105,20485
35106,14804
35107,20691
35108,20650
35109,20718
35110,20716
35111,20724
35112,20600
35113,18236
35114,20715
35115,20508
35117,20231
35118,20683
35119,20683
35120,20728
35121,20728
35122,20662
35123,20730
35124,20527
35125,20527
35126,20727
35127,20726
35128,20717
35129,20509
35130,20432
35131,20733
35132,20732
35133,19389
35135,20673
35136,20673
35137,20731
35138,20734
35139,20736
35140,20277
35141,20525
35142,20642
35143,20699
35144,20417
35145,20737
35146,20738
35147,20627
35148,18235
35149,18228
35150,20735
35151,
35152,
35153,18942
35154,13627
35155,
35156,
35157,
35158,
35159,
35160,
35161,20417
35162,20744
35163,20309
35164,20527
35165,19391
35166,20683
35167,20740
35168,20741
35169,20739
35170,20743
35171,20667
35172,20107
35173,20747
35174,20384
35175,19419
35176,20728
35177,20728
35178,20742
35179,20312
35180,19470
35181,19699
35182,20725
35185,19319
35189,20455
35190,20748
35192,20745
35193,20746
35194,20750
35195,20600
35196,18404
35197,
35198,
35199,20192
35200,20755
35201,20754
35202,20345
35203,20763
35204,20386
35205,20765
35206,20734
35207,20527
35208,20767
35209,20752
35210,18233
35211,18237
35212,18234
35213,20677
35214,20777
35215,20755
35216,18227
35217,18230
35218,19419
35219,20672
35220,20771
35221,20774
35222,19935
35223,20107
35224,20442
35225,20743
35226,19544
35227,20747
35228,20664
35230,20764
35231,20442
35232,20731
35233,20778
35235,20779
35236,20783
35237,20785
35238,
35239,
35240,18701
35241,15957
35242,19901
35243,20571
35244,10547
35245,
35246,12664
35247,
35248,19025
35249,19391
35250,20682
35251,
35252,19470
35253,19699
35254,
35255,20725
35256,
35257,
35258,
35259,20755
35261,20794
35262,20795
35263,20798
35264,18239
35265,
35266,20780
35267,20754
35268,
35269,19569
35270,20743
35271,20810
35272,20784
35273,20801
35274,20758
35275,20791
35276,20770
35278,20793
35279,20796
35280,20808
35281,20809
35282,13834
35283,20799
35284,20797
35285,20789
35286,20787
35287,20786
35288,20659
35289,20148
35290,19896
35291,20425
35292,20426
35293,20424
35294,20421
35295,20798
35296,19896
35297,20811
35298,20315
35299,19001
35301,19917
35302,19544
35303,19544
35304,19544
35305,19544
35306,20199
35307,20107
35308,19375
35311,20438
35312,20603
35313,20239
35314,19396
35316,20433
35317,20788
35318,18238
35319,19763
35320,19519
35321,20582
35322,20770
35323,20581
35324,20580
35325,20792
35326,20792
35327,20814
35328,20749
35329,20757
35330,20748
35331,20816
35332,20815
35333,20772
35334,20773
35335,20761
35337,20818
35338,20782
35339,20781
35340,20819
35341,20817
35342,20741
35343,19966
35344,20756
35346,20806
35347,20762
35348,20237
35349,20809
35350,
35351,20835
35352,20527
35353,20683
35354,20527
35355,20784
35356,19519
35357,19763
35358,19470
35359,19470
35360,19699
35361,20154
35362,20725
35363,20725
35364,20581
35365,20582
35366,19600
35367,16901
35368,20835
35369,20768
35370,20769
35371,16661
35372,20734
35373,19896
35374,19422
35375,20767
35376,20830
35377,20834
35378,20770
35379,20770
35380,20820
35381,20774
35382,20836
35383,20828
35384,20832
35385,20827
35386,20826
35387,20789
35388,20787
35389,20843
35390,19396
35391,20840
35392,20844
35393,20845
35394,20846
35395,20831
35396,20847
35397,
35398,18172
35399,12189
35400,
35401,
35402,
35403,
35404,20849
35405,20851
35406,20852
35407,20778
35408,20817
35409,20855
35410,20527
35412,20859
35413,20859
35414,20859
35415,20859
35416,20421
35417,20858
35418,19544
35419,20514
35420,20734
35421,20770
35422,20322
35423,19544
35425,20237
35426,20775
35427,20860
35429,20757
35430,20600
35431,20285
35432,20673
35433,20747
35434,20855
35435,20855
35437,19763
35438,19519
35439,20525
35440,20755
35441,20733
35442,20447
35443,20591
35444,20861
35445,12189
35446,20581
35447,12955
35448,20108
35449,20862
35450,19840
35451,19840
35452,19840
35455,19840
35456,19840
35457,19840
35458,19840
35459,19840
35460,19840
35461,19840
35462,19840
35463,19840
35464,19840
35465,19840
35466,19840
35467,19840
35468,19840
35469,20736
35470,20865
35471,20863
35472,20867
35473,21006
35474,20869
35475,20848
35476,20761
35477,20850
35478,20812
35479,20822
35480,20854
35481,20791
35483,20788
35484,20001
35485,20868
35486,20856
35487,20756
35488,
35489,
35490,
35491,
35492,
35493,
35494,14916
35495,
35496,
35497,13627
35498,20728
35499,20852
35500,20421
35501,20873
35503,19470
35504,20725
35505,20537
35507,20154
35508,20154
35509,19853
35510,13483
35511,20347
35512,20869
35513,20875
35514,20527
35515,20527
35516,20884
35517,20746
35518,20830
35519,20887
35520,20885
35521,20514
35522,20849
35523,20886
35524,20890
35525,20890
35526,20913
35527,20891
35528,20891
35529,20904
35530,20903
35531,20910
35532,20909
35533,20874
35534,20749
35536,19544
35537,20287
35538,19816
35539,20911
35540,20906
35541,20857
35542,20756
35543,4327
35544,4327
35545,4327
35546,20913
35547,20913
35548,20386
35549,20823
35550,20527
35551,20527
35552,20888
35553,
35554,14592
35555,
35556,20721
35557,20922
35558,20923
35559,20914
35560,20889
35561,20733
35562,20114
35564,19544
35565,20851
35566,19419
35567,20928
35568,20931
35569,20845
35570,20567
35571,20681
35572,20679
35573,20925
35574,20926
35575,20930
35576,20927
35577,20929
35578,20847
35579,20844
35580,20813
35581,20924
35582,20604
35583,20920
35584,20921
35585,20934
35586,20919
35587,20935
35588,20935
35589,20322
35590,20938
35591,20936
35592,
35593,
35594,
35595,5559
35596,20945
35597,20950
35598,20932
35599,20935
35600,20935
35601,20938
35602,20933
35603,19699
35604,19699
35605,19470
35606,19470
35607,20912
35608,20933
35609,20933
35610,20836
35611,20748
35612,20749
35613,20749
35614,20949
35615,20951
35616,20438
35617,20905
35618,20788
35619,20971
35620,20960
35621,20961
35622,20962
35623,20847
35624,20845
35625,20603
35626,20925
35627,20913
35628,20527
35629,20527
35632,20944
35633,20959
35634,20964
35635,20947
35636,20948
35637,20952
35638,20963
35639,20957
35640,20972
35641,20965
35642,20967
35643,20966
35644,20968
35645,20953
35647,20457
35648,20977
35649,19763
35650,20582
35652,20777
35653,20777
35654,
35655,14916
35656,18172
35657,
35658,13627
35659,20945
35660,20954
35661,20981
35662,20982
35663,20978
35664,20603
35665,20865
35666,20988
35667,20933
35668,20996
35669,20996
35670,20891
35671,19871
35672,20891
35673,20891
35674,19166
35675,20989
35676,21001
35677,20999
35678,10547
35679,20864
35680,20815
35681,20322
35682,21004
35683,20913
35684,16901
35685,20993
35686,20995
35687,20994
35688,20956
35689,20955
35690,21007
35691,21003
35692,21002
35693,20773
35694,20997
35695,20998
35696,20910
35697,21005
35698,21003
35699,21003
35700,20832
35701,20980
35702,20748
35704,20888
35705,20913
35706,20681
35707,20457
35708,20992
35709,20459
35710,20458
35711,20874
35712,20874
35713,20874
35715,20581
35716,19436
35717,12955
35718,21007
35719,20603
35720,20604
35722,20996
35723,21009
35724,20341
35725,20790
35726,19840
35727,13627
35728,
35729,
35730,
35731,21010
35732,21011
35733,20768
35734,20813
35735,20477
35736,20777
35737,20736
35738,20755
35739,20918
35743,20733
35744,20447
35747,21013
35748,21022
35749,21014
35750,21014
35751,20341
35752,21024
35753,20812
35754,21016
35755,20996
35756,20874
35757,20854
35758,12189
35759,20913
35760,21030
35761,21031
35762,21032
35763,21027
35764,20998
35765,19917
35766,20749
35767,20916
35768,20890
35769,19776
35770,15536
35771,21033
35772,20576
35773,20865
35774,21007
35775,21038
35776,20746
35777,21039
35778,21033
35779,21028
35780,21026
35781,21039
35782,20514
35784,19410
35785,19409
35786,19407
35787,17929
35788,19408
35789,21034
35790,21035
35791,21037
35792,21044
35793,21044
35794,21045
35795,21046
35796,21053
35797,21053
35798,21022
35799,21022
35801,20997
35802,20527
35803,20728
35804,21047
35805,21040
35806,20919
35807,20867
35808,21041
35809,21025
35810,21012
35811,21057
35812,21058
35813,21059
35814,
35815,
35816,
35817,
35818,20527
35821,20874
35822,21061
35823,20996
35824,20996
35825,8189
35826,21061
35827,327
35828,21040
35829,21064
35830,20746
35831,21059
35832,20912
35833,21065
35834,20913
35835,20913
35836,21054
35837,21067
35838,20527
35839,21040
35840,20773
35841,20954
35842,21070
35843,20457
35844,21053
35845,21069
35846,20527
35847,14910
35848,17626
35849,20525
35850,20755
35851,20277
35852,20736
35853,20912
35855,21074
35856,20339
35857,21135
35858,21136
35859,19166
35860,21082
35861,21058
35862,20749
35863,20890
35864,20898
35865,20896
35866,21052
35867,21134
35868,20580
35869,21133
35870,19763
35871,20582
35872,19519
35873,21132
35874,21131
35875,21130
35876,21138
35877,20527
35878,20812
35879,21078
35880,21129
35881,21128
35882,21125
35883,21065
35884,20161
35885,20125
35886,19396
35887,20124
35888,19389
35889,20315
35890,20996
35891,21045
35892,20813
35893,21140
35894,21137
35895,20426
35896,21069
35897,21139
35898,13627
35899,21081
35900,21014
35901,21066
35902,21084
35903,12189
35904,
35905,20918
35906,19519
35907,21073
35908,21075
35909,21147
35910,21076
35911,21077
35912,21149
35913,20581
35919,21118
35925,21109
35927,21122
35928,21119
35930,21121
35931,21116
35933,21115
35938,21127
35941,21059
35942,21150
35944,20844
35945,21149
35946,19319
35947,19166
35948,21133
35949,21067
35950,21052
35951,20728
35952,21159
35953,20950
35954,21040
35955,21141
35956,19519
35957,10547
35958,20983
35959,21007
35960,21046
35961,21061
35962,19776
35963,20439
35964,20813
35966,21145
35968,21083
35969,21142
35970,21144
35971,21146
35972,21053
35973,21053
35974,21045
35975,21040
35976,21167
35977,20728
35978,21171
35979,21025
35980,21148
35981,19600
35982,18284
35983,20891
35984,19406
35985,21172
35986,21179
35987,21183
35990,20013
35991,19380
35992,20135
35993,19389
35994,20315
35995,20125
35996,20124
35997,21182
35998,19391
35999,19375
36000,20161
36001,20161
36002,20527
36003,21154
36004,20998
36005,21169
36006,20978
36007,21170
36008,21175
36009,20567
36010,21053
36011,20992
36012,14910
36013,20461
36014,20812
36015,20457
36016,20744
36017,20648
36018,21053
36019,21053
36020,13834
36021,20514
36022,21194
36023,21194
36024,20462
36025,20460
36028,20464
36029,20465
36030,21143
36031,20700
36032,20161
36033,20681
36034,21144
36035,21145
36036,21176
36037,21117
36038,21117
36039,21124
36040,21120
36042,21112
36043,21108
36044,21168
36045,21185
36046,21195
36047,20322
36048,21163
36049,21162
36050,21161
36051,21160
36052,21003
36053,20854
36054,14916
36055,21197
36056,
36057,21186
36058,21187
36059,21135
36060,21193
36061,21196
36062,21003
36063,21151
36064,21163
36065,21211
36066,21211
36067,14910
36068,17626
36069,21123
36070,20030
36071,
36073,13627
36074,21160
36075,21161
36076,20946
36077,21213
36078,21200
36079,21199
36080,21198
36082,20983
36083,19166
36084,20998
36085,20989
36086,21060
36087,21216
36088,20339
36089,21183
36090,20313
36091,21219
36092,20124
36093,20135
36094,21024
36095,21185
36096,20973
36097,20891
36098,16862
36099,21206
36100,21053
36101,21155
36102,21223
36103,21160
36104,21073
36105,21075
36106,21175
36108,20913
36109,21065
36110,21175
36111,19385
36112,17035
36113,20788
36114,20791
36115,20001
36116,21075
36117,21077
36118,21177
36120,17929
36121,18979
36122,16028
36123,21173
36124,20640
36125,21222
36126,20854
36127,21174
36128,20812
36129,21132
36130,21131
36131,21129
36132,21134
36133,20795
36134,21128
36135,20589
36136,21125
36137,21220
36138,21130
36139,21025
36140,21039
36141,21149
36142,17805
36143,21145
36144,19409
36145,19410
36146,20514
36147,21082
36148,21218
36149,21217
36150,20339
36151,21229
36152,21238
36153,21053
36154,20896
36155,13627
36156,
36157,409
36158,15789
36159,
36160,21242
36161,21241
36162,21243
36164,21209
36165,21005
36166,20814
36167,21211
36168,21211
36169,21225
36170,21226
36171,21228
36172,19543
36173,21162
36174,21259
36175,21260
36176,20824
36177,21003
36178,21073
36179,
36180,21053
36181,21065
36182,20401
36183,
36184,
36185,21065
36186,
36187,
36188,21257
36189,21235
36190,21250
36191,21251
36192,21233
36193,21224
36194,21230
36195,20581
36196,21200
36197,21244
36198,21280
36199,21325
36200,21326
36201,21232
36202,21247
36203,21283
36204,21274
36205,21252
36206,16027
36208,21234
36209,21275
36211,19763
36212,21291
36213,21290
36214,21290
36215,15405
36216,21211
36217,21288
36218,14916
36219,21286
36220,21284
36221,20971
36222,21207
36223,19407
36224,21273
36225,19991
36226,
36227,
36228,21231
36229,21272
36230,21294
36232,15536
36233,21222
36234,20813
36235,21297
36236,21297
36237,21194
36238,20891
36239,21316
36240,21053
36241,21327
36242,21170
36243,21242
36244,21302
36245,21300
36246,21301
36247,21220
36248,21166
36249,20996
36250,21211
36251,21322
36252,21289
36253,21307
36254,21306
36255,21182
36256,19387
36257,21255
36258,21287
36259,21330
36260,21160
36261,21296
36263,
36264,20975
36265,
36266,21338
36267,20792
36268,20788
36269,20791
36270,21329
36271,21328
36272,21298
36273,21333
36274,21335
36275,21222
36276,21241
36277,20827
36278,21155
36279,21243
36280,21193
36281,21218
36282,18281
36283,21334
36284,21076
36285,21075
36286,21073
36287,21257
36288,21149
36289,20827
36290,21260
36291,21320
36292,21065
36293,21175
36294,21216
36295,20315
36296,21337
36297,21331
36298,21331
36299,21180
36300,21339
36303,21160
36304,20955
36305,20952
36306,21295
36307,21285
36308,21299
36309,21025
36310,21235
36311,21224
36312,21060
36313,21343
36314,21219
36315,20339
36316,20603
36317,21216
36318,20604
36319,21259
36320,21333
36321,20781
36322,21349
36323,21351
36324,21356
36325,21356
36326,21356
36327,21356
36328,21356
36329,21356
36330,15118
36331,19974
36332,21207
36333,21151
36334,16862
36335,20950
36336,21361
36338,21334
36339,13627
36340,
36341,327
36342,21364
36343,21357
36344,21358
36345,21358
36346,20769
36348,20975
36349,21209
36350,20417
36351,
36352,20813
36353,21328
36354,21368
36355,21053
36356,21053
36357,21145
36358,21369
36359,21298
36360,20567
36361,21003
36362,10547
36363,20788
36364,21370
36365,21371
36366,21053
36367,21300
36368,10547
36369,20205
36370,21373
36371,20733
36372,21307
36373,21200
36374,21308
36375,20124
36376,21375
36377,20736
36378,21287
36379,19375
36380,20135
36381,21380
36382,15789
36383,
36384,13627
36385,
36386,21365
36388,21391
36389,20791
36390,21398
36391,21399
36392,21302
36393,19166
36394,21053
36395,21170
36396,21378
36397,21377
36398,21376
36399,21301
36400,21360
36401,21209
36402,17626
36403,19387
36405,20854
36406,21186
36407,21292
36408,21298
36409,
36410,21397
36411,21176
36412,21348
36413,21366
36414,21351
36415,21408
36416,21406
36417,20969
36418,21200
36419,21307
36420,21289
36421,21315
36422,21324
36423,20827
36424,21309
36425,21393
36427,21384
36428,21385
36429,21359
36430,21396
36431,21395
36433,21075
36434,21077
36435,21256
36436,21382
36437,21382
36438,21321
36439,21332
36440,19409
36441,21382
36442,21075
36443,21077
36444,20571
36445,21411
36446,21410
36447,21412
36448,20813
36449,19567
36450,20791
36451,20824
36452,21300
36453,20313
36454,21414
36455,21382
36456,21301
36457,20124
36458,21287
36459,13834
36460,21224
36461,21053
36462,21390
36463,21389
36464,20315
36465,19391
36466,
36467,19374
36468,
36469,21336
36470,19384
36471,21406
36472,8189
36473,
36474,
36475,10547
36476,13627
36477,21422
36478,21003
36479,21002
36480,21145
36481,21410
36482,21409
36483,20457
36491,21039
36493,21408
36496,21419
36497,21420
36500,21432
36501,21433
36502,16028
36503,21431
36504,21392
36505,21414
36506,21382
36507,21382
36508,21389
36509,21402
36510,21403
36511,21404
36512,21211
36513,21365
36514,21370
36515,21392
36516,21414
36517,21331
36518,16025
36519,20438
36520,21438
36521,16024
36522,16026
36524,21375
36525,21440
36526,21322
36527,21442
36528,21443
36529,20603
36530,20604
36531,21398
36532,21444
36533,21445
36534,21446
36535,21242
36536,21301
36537,20736
36538,20736
36539,20736
36540,20736
36541,21429
36542,21374
36543,21407
36544,21237
36545,21425
36547,21451
36549,21431
36551,20094
36552,18496
36553,21426
36554,21002
36555,20313
36556,
36557,21453
36558,21145
36559,21320
36560,21320
36561,21320
36562,21431
36563,20827
36564,21481
36565,21475
36566,21469
36567,21290
36570,21430
36571,21430
36573,21430
36574,21478
36575,21373
36576,21382
36577,21382
36578,21488
36579,21438
36580,21438
36582,21039
36583,21402
36584,21404
36585,21403
36586,21255
36587,19391
36588,21382
36589,21382
36590,4327
36591,21488
36592,21488
36593,21400
36594,21331
36595,21180
36596,21180
36597,21180
36598,21473
36599,14910
36600,14913
36601,12955
36602,20874
36603,21470
36604,21166
36605,21176
36606,21472
36607,20315
36608,21485
36609,21293
36610,21476
36611,19375
36612,19387
36613,21466
36614,21463
36615,21186
36616,21186
36617,21495
36619,21114
36620,21113
36622,21127
36623,21126
36624,21111
36625,21224
36626,21408
36627,21460
36628,21461
36629,21462
36631,21252
36632,20792
36633,21180
36634,21486
36635,21156
36636,21153
36637,21494
36638,20148
36639,21496
36640,21149
36641,21149
36642,21464
36643,21465
36644,21490
36645,21491
36646,21492
36647,21493
36648,21163
36649,21161
36650,21467
36651,21468
36652,21445
36653,21242
36654,21369
36655,21489
36656,
36657,
36658,
36659,18172
36660,20571
36661,13627
36662,
36663,
36664,
36665,
36666,21471
36667,21417
36668,21416
36669,21364
36670,21500
36673,20736
36674,21395
36675,21506
36676,21507
36677,21499
36678,20971
36679,12189
36680,20458
36681,20459
36682,21156
36683,21320
36684,20460
36685,20464
36686,20461
36687,20462
36689,21476
36690,21293
36691,21143
36692,21503
36693,20816
36694,21457
36695,21447
36696,21448
36703,21454
36704,21455
36705,21455
36709,21456
36711,21487
36712,21385
36713,21474
36714,21404
36715,20827
36716,21511
36717,20700
36718,21513
36721,19896
36722,19319
36723,20733
36724,20989
36725,21509
36726,21514
36727,21382
36728,21353
36729,21483
36730,21480
36731,21477
36732,21355
36733,19840
36734,19840
36735,19840
36738,19840
36740,19840
36754,19840
36769,21068
36770,21517
36771,21516
36772,21521
36773,21148
36774,19840
36775,20896
36776,21504
36777,20858
36778,21502
36779,21501
36780,21431
36781,21040
36782,21519
36783,20640
36784,20791
36785,21581
36786,21529
36787,21523
36788,21522
36789,21507
36790,20792
36791,21527
36792,21531
36793,21333
36794,21530
36795,21320
36797,21528
36798,21532
36799,19407
36800,19407
36801,21416
36802,21417
36803,21429
36804,16901
36805,21538
36806,21331
36807,21539
36808,21209
36809,20996
36810,21496
36811,21525
36812,21153
36813,21537
36814,19375
36815,21123
36816,21122
36817,21524
36818,21539
36819,21536
36820,21433
36821,21526
36822,21286
36823,21488
36824,21257
36825,21011
36826,21384
36828,21508
36829,21505
36830,21418
36831,21319
36832,
36833,
36834,
36835,
36836,
36837,
36838,
36841,5403
36842,18404
36843,21560
36844,21467
36845,21633
36847,21320
36848,19407
36849,21402
36850,21356
36851,21511
36852,21331
36853,21497
36854,21430
36855,21408
36856,21577
36857,21602
36858,21528
36859,10933
36860,21618
36861,21618
36862,21619
36863,21619
36864,21615
36865,21615
36866,21615
36867,21610
36868,21608
36869,21600
36870,21598
36871,21568
36872,21565
36873,21403
36874,21348
36875,21348
36876,21404
36877,21469
36878,21488
36879,19393
36880,21463
36881,21402
36882,21404
36884,21153
36885,21053
36887,21400
36888,21517
36889,21156
36890,21402
36891,20996
36892,21211
36893,19407
36894,19408
36895,21366
36896,19387
36897,19374
36898,19384
36899,20736
36900,20874
36901,21160
36902,21040
36903,21629
36904,21543
36905,21544
36906,21545
36907,21567
36908,21149
36909,21569
36910,21163
36911,21161
36912,21162
36914,21628
36915,21628
36916,21628
36917,21566
36918,21566
36919,21548
36920,20604
36921,14550
36922,21107
36923,21573
36925,21308
36926,21531
36927,21306
36928,21630
36929,21552
36930,21561
36931,21452
36932,21551
36933,21518
36934,21617
36935,21585
36936,21575
36937,21374
36938,21457
36939,21559
36940,21558
36941,21333
36942,21580
36943,17354
36947,21574
36948,21639
36949,21053
36950,21547
36951,21550
36952,21153
36953,21562
36954,21222
36955,21549
36956,21422
36957,21603
36958,21431
36959,21582
36960,20858
36961,21632
36964,21149
36965,21600
36966,21290
36967,21630
36968,21631
36969,21255
36970,21476
36971,21606
36972,21565
36973,21598
36974,21175
36975,21635
36976,21408
36977,20464
36978,
36979,
36980,
36981,
36982,13627
36983,14916
36984,14916
36985,14916
36987,14916
36988,21531
36989,21356
36990,21149
36991,21308
36993,21568
36994,21608
36995,21290
36996,21645
36997,21645
36998,21373
36999,21611
37000,21622
37001,21612
37002,21613
37003,21614
37004,21620
37005,21621
37006,21623
37007,21528
37008,21176
37009,21593
37010,21607
37011,21634
37012,21464
37013,21560
37014,21286
37015,21605
37016,21570
37017,21604
37018,21627
37019,21627
37020,21320
37021,21608
37022,21608
37026,21589
37027,21588
37028,21587
37029,21586
37030,21601
37031,21367
37032,21367
37033,21636
37034,21637
37035,21495
37036,21537
37037,21206
37038,21631
37039,20946
37040,21145
37041,21638
37042,21647
37044,21529
37045,21209
37046,21430
37047,20791
37048,21646
37049,21156
37050,21517
37051,21183
37052,20339
37053,21156
37054,20898
37055,21650
37056,21643
37057,21458
37058,21160
37059,20800
37060,21514
37061,21644
37062,21478
37063,21328
37064,21469
37065,21625
37066,21156
37067,21653
37068,21430
37070,21572
37071,21572
37072,21572
37073,14913
37074,14913
37075,21116
37076,21522
37077,21582
37078,21523
37079,19890
37080,21186
37081,
37082,
37083,21660
37084,21672
37085,21433
37086,20604
37087,21356
37088,21422
37089,21669
37090,21647
37091,21660
37092,21560
37093,21651
37094,21149
37095,21257
37096,21662
37097,21216
37098,20733
37099,21149
37100,21565
37101,21568
37102,21598
37103,21600
37104,21348
37105,21630
37106,21290
37109,21678
37110,21676
37111,21465
37112,21665
37113,21373
37115,21564
37116,21641
37117,21211
37118,20996
37119,21160
37120,21211
37121,21578
37122,21578
37124,21564
37125,21598
37126,21565
37127,21600
37128,21162
37129,21161
37130,21408
37131,21160
37133,12780
37134,21670
37135,21706
37136,21400
37137,21568
37139,21717
37140,21715
37141,21716
37142,21714
37143,14910
37144,14910
37145,21705
37146,21530
37147,21186
37154,21473
37155,21654
37156,21655
37157,21656
37158,21657
37159,21658
37160,21659
37161,21181
37162,21664
37163,21675
37164,21675
37165,21216
37166,21679
37169,21320
37170,21614
37171,21668
37172,21694
37173,21495
37174,21709
37175,
37176,
37177,21724
37178,21149
37179,16028
37180,20800
37181,21457
37182,21149
37183,21488
37184,21488
37185,21549
37186,21549
37187,16970
37188,21327
37189,21726
37190,21717
37191,20733
37192,21720
37193,21492
37194,21621
37196,21328
37197,21525
37198,21328
37199,21525
37200,21430
37201,19419
37202,21679
37203,21734
37204,21735
37205,21732
37206,21695
37207,21700
37208,21701
37209,21702
37210,21703
37211,21708
37212,21730
37213,21731
37214,21209
37215,21733
37216,21723
37217,21652
37219,20736
37220,21320
37221,21557
37222,21729
37223,21729
37224,14913
37225,21725
37226,21719
37227,16024
37229,21680
37230,21526
37231,21475
37232,21143
37233,21053
37234,21676
37235,21722
37236,21529
37237,21640
37238,21721
37239,19387
37240,324
37241,15118
37242,21224
37243,21620
37244,21493
37245,21638
37246,21527
37247,21751
37248,21231
37249,21149
37252,21257
37255,21746
37256,21747
37257,21608
37258,21608
37259,21395
37261,21734
37262,21753
37263,21744
37264,21600
37265,21755
37266,21060
37267,21237
37268,21676
37269,21741
37271,21662
37272,16027
37273,16028
37274,21739
37275,21611
37276,21742
37277,21748
37278,21749
37279,21750
37280,21743
37281,21650
37282,21149
37283,21527
37284,21751
37285,21517
37286,21529
37287,21053
37288,21633
37289,21759
37290,21504
37291,21664
37292,21511
37293,21581
37294,20800
37295,21761
37296,21735
37297,21735
37299,21643
37300,21643
37301,21290
37302,21408
37303,20874
37304,21161
37305,21560
37306,21758
37307,21760
37308,21517
37309,21331
37310,21598
37311,21751
37312,21565
37313,21568
37314,21404
37315,12955
37316,21630
37317,21331
37318,20946
37319,21497
37320,20912
37321,21782
37322,21770
37323,16024
37324,21525
37325,21328
37326,20698
37327,21759
37328,16174
37329,21628
37332,21211
37333,21752
37334,21767
37335,21773
37336,19896
37337,21511
37338,21319
37339,21765
37340,21765
37341,21162
37342,21579
37343,21579
37344,21600
37345,21744
37346,21161
37347,21769
37348,21160
37349,21608
37350,21039
37351,21740
37352,21740
37353,21781
37355,21161
37356,4327
37360,21163
37361,21160
37362,21610
37363,21586
37364,21589
37366,21587
37367,21639
37368,21156
37369,21763
37370,21590
37371,21591
37373,21593
37374,21768
37375,20339
37376,21777
37377,21748
37378,19319
37379,21465
37380,21585
37381,21475
37382,21060
37383,21641
37384,21085
37385,21149
37386,21761
37387,21761
37388,21039
37389,21638
37390,21791
37391,21785
37392,
37393,21795
37394,21608
37395,21039
37396,19319
37397,21471
37398,21518
37399,21773
37400,21237
37401,21014
37402,21801
37403,21786
37404,21745
37406,21745
37408,21417
37409,21784
37410,21784
37411,21784
37412,21784
37413,21716
37414,21717
37415,21717
37416,16330
37417,21619
37418,21495
37419,21495
37421,20733
37422,14913
37423,21805
37424,21704
37425,20800
37426,21652
37427,21561
37428,21638
37429,21529
37430,21525
37431,21702
37432,21703
37433,21793
37434,21794
37435,21435
37436,21436
37438,21650
37439,21639
37440,21796
37441,21797
37442,21473
37443,21701
37444,21679
37445,21524
37446,21320
37447,21411
37448,21807
37449,21486
37450,21231
37451,21800
37452,21798
37453,21775
37454,21814
37455,21774
37456,21776
37457,21761
37458,21806
37459,21815
37460,21815
37461,21610
37462,21757
37463,21819
37464,21818
37465,21817
37466,21817
37467,21812
37468,21808
37471,21802
37473,21766
37474,21809
37475,21748
37476,21211
37477,21211
37478,21574
37479,21811
37480,21813
37481,21614
37482,21730
37483,21787
37484,21664
37485,21758
37486,21821
37487,21638
37488,21761
37489,21703
37490,21702
37491,21708
37492,21822
37493,19319
37494,21820
37495,21739
37496,21639
37497,21824
37500,20457
37506,21796
37507,21328
37508,21127
37509,20733
37510,20815
37511,20815
37512,21787
37513,21788
37514,21826
37515,21827
37516,21828
37517,21676
37518,21613
37519,21807
37520,21473
37521,20698
37522,21180
37525,21562
37527,21830
37528,21831
37529,
37530,21833
37531,20800
37532,21186
37533,21700
37534,21832
37535,21805
37536,21803
37537,
37538,21777
37539,21704
37540,16330
37541,21803
37542,21665
37543,21564
37544,19319
37545,19319
37546,21786
37547,21828
37548,21509
37549,19896
37551,21652
37552,21803
37553,21559
37554,21804
37555,19966
37556,21625
37557,21702
37558,15789
37559,21652
37560,21835
37561,21860
37562,21504
37563,21574
37564,21838
37565,21842
37566,21843
37567,21845
37568,21844
37569,21846
37570,21834
37571,21834
37572,21836
37573,21819
37575,21579
37576,21156
37577,21858
37578,21495
37579,20603
37580,20604
37581,21356
37582,21495
37583,21495
37584,21752
37585,21811
37586,21701
37587,21708
37588,21703
37589,21525
37590,21153
37591,21436
37592,21290
37593,21812
37594,21808
37596,21331
37597,21755
37598,21726
37599,21714
37600,324
37601,
37602,21861
37603,21805
37604,21803
37605,20815
37606,21504
37607,21867
37608,21784
37609,21784
37610,21878
37611,21703
37612,21700
37613,21328
37614,21473
37615,21702
37616,21708
37617,20604
37618,20603
37619,21591
37620,21586
37621,21588
37622,21592
37623,21186
37624,21633
37625,21878
37626,21471
37627,20698
37628,21525
37629,21328
37630,21729
37631,21448
37632,21447
37634,21449
37635,21450
37636,21766
37637,21320
37638,21835
37639,21480
37640,21328
37641,21477
37642,21234
37643,21852
37644,21851
37645,21519
37646,21854
37647,21879
37648,21797
37649,21796
37650,21824
37651,21850
37652,21853
37653,21849
37654,21847
37655,21807
37656,21856
37657,21857
37658,21630
37659,21744
37660,21803
37661,21411
37662,21320
37663,21127
37664,21872
37665,21473
37666,21863
37667,21880
37668,21869
37669,
37670,21320
37671,21511
37672,21557
37673,21881
37674,21877
37676,21800
37677,21486
37678,21838
37679,21733
37680,21611
37681,21611
37682,21770
37683,21887
37684,21860
37685,21875
37686,21875
37687,21875
37688,21668
37689,21794
37690,21524
37692,21813
37693,21885
37694,21883
37695,21749
37696,21896
37697,21895
37698,21894
37699,21893
37700,21613
37701,21743
37702,21747
37703,21742
37704,21892
37705,21890
37706,21891
37707,21865
37708,21726
37709,21153
37710,21888
37711,21600
37712,21825
37713,21757
37714,12955
37715,21529
37716,21862
37717,
37718,21447
37719,21829
37720,21803
37721,21868
37722,21868
37723,21910
37724,21293
37725,21293
37726,21846
37727,21519
37728,21854
37729,21899
37730,21901
37731,21900
37732,21550
37733,21889
37734,21834
37735,20996
37736,21331
37737,21755
37738,21701
37739,21904
37741,21841
37742,21840
37743,21839
37744,21356
37745,20603
37746,21913
37747,16286
37748,21886
37749,21430
37750,21907
37751,21833
37752,21858
37753,21844
37754,21845
37755,21835
37756,21607
37757,21634
37758,21272
37759,21914
37760,21567
37761,21186
37762,21186
37763,21912
37764,21911
37765,21485
37766,21915
37767,20603
37768,20604
37769,20815
37770,21572
37771,21916
37772,20698
37773,21917
37774,19387
37775,21898
37776,21787
37777,21788
37778,21866
37779,21897
37780,21920
37782,21701
37783,21916
37784,21564
37785,21929
37786,16330
37787,17626
37789,21927
37790,21926
37791,21928
37792,21784
37793,21918
37795,21417
37796,21834
37797,21832
37798,21579
37799,21766
37800,21559
37801,21519
37802,21798
37803,21115
37804,14916
37805,21497
37806,21933
37807,21921
37808,21906
37809,21902
37810,21903
37811,21858
37812,21812
37813,21630
37814,21744
37815,21600
37816,21153
37817,21708
37818,21703
37819,21700
37820,21525
37821,21356
37822,21910
37823,21726
37824,21916
37825,21186
37826,20996
37827,21126
37828,21919
37829,21922
37830,21930
37831,21937
37832,16286
37833,4327
37834,4327
37835,21939
37836,21878
37837,21328
37838,21670
37839,21156
37840,21694
37841,21931
37842,21411
37843,21411
37844,21864
37845,21812
37846,21557
37847,21437
37848,21803
37849,21928
37850,21915
37851,21366
37852,21874
37853,21945
37855,21947
37856,21944
37857,21934
37858,14550
37859,19896
37860,19375
37861,19371
37862,21331
37863,21803
37864,21755
37865,21594
37866,21886
37867,21928
37868,21766
37869,21511
37870,21964
37871,21776
37872,21966
37873,20604
37874,21373
37875,21929
37876,21939
37877,21186
37878,21495
37891,21560
37892,21793
37893,21153
37894,21967
37897,21290
37898,21606
37899,14804
37900,20604
37901,21476
37902,21356
37903,21972
37904,21953
37905,21180
37906,21829
37907,16330
37908,21744
37909,21932
37910,21971
37911,21708
37912,21675
37913,20603
37914,21926
37915,21774
37916,21976
37917,21975
37918,21974
37919,21977
37920,21870
37921,21745
37922,21011
37923,21949
37924,21586
37925,21875
37926,21978
37927,21905
37928,21950
37929,21811
37930,21990
37931,20603
37932,20604
37933,20736
37934,21989
37935,21729
37936,21987
37937,21994
37938,19896
37939,21995
37940,21997
37941,21970
37942,21969
37943,21797
37945,21877
37946,21486
37947,21431
37948,21664
37949,21943
37950,21981
37951,21858
37952,21973
37953,21972
37954,21979
37955,21980
37956,21983
37957,21829
37958,21982
37960,21290
37961,21945
37962,21675
37963,21971
37964,22001
37965,21883
37966,21757
37967,20604
37968,21373
37969,22000
37970,22000
37971,21740
37972,21963
37973,21935
37975,21634
37976,21815
37977,22002
37978,22002
37979,22002
37980,22002
37981,21951
37982,21960
37983,21984
37984,22003
37985,22004
37986,22005
37987,22006
37988,21996
37989,22003
37990,21992
37991,21992
37992,21947
37993,21755
37994,21818
37995,21495
37996,21968
37997,14916
37998,
37999,
38000,
38001,14550
38002,22087
38003,21989
38004,22087
38005,22087
38006,22048
38007,19319
38008,21943
38009,22006
38010,21511
38011,21557
38012,21495
38013,21495
38014,21495
38015,21411
38016,20733
38017,21803
38018,21331
38019,21890
38020,21726
38021,21825
38022,21156
38023,21579
38024,21373
38025,21011
38026,22091
38027,21950
38028,21558
38029,21776
38030,21903
38031,21333
38032,21906
38033,22007
38034,21925
38035,22050
38036,21574
38037,22092
38038,21529
38039,22094
38040,22047
38041,22052
38042,21153
38043,21744
38044,21819
38045,21887
38046,21408
38047,22096
38048,22087
38049,22085
38050,22085
38051,22086
38052,20340
38053,21774
38054,21127
38055,22022
38056,21769
38057,21976
38058,21951
38059,22031
38060,22032
38061,22042
38062,22095
38063,22076
38064,20174
38065,21381
38066,21987
38067,21567
38068,22049
38069,22061
38070,16439
38071,21476
38072,22051
38073,21448
38074,21186
38075,19375
38076,22060
38077,22058
38078,21747
38079,21749
38080,22023
38081,21891
38082,22001
38083,21742
38084,21895
38085,22065
38086,21894
38087,21604
38088,21558
38089,22094
38090,22045
38091,21881
38092,21815
38093,22053
38094,21911
38095,21951
38096,21954
38097,21592
38098,22116
38099,22120
38100,22122
38101,22112
38102,22112
38103,20313
38104,22056
38105,21995
38106,21864
38107,22114
38108,22114
38109,22002
38111,22046
38112,22046
38113,22046
38114,22046
38115,22046
38116,21180
38117,20339
38118,22115
38119,22054
38120,22021
38121,22015
38122,22117
38123,22114
38124,21829
38125,21411
38126,21411
38127,21752
38128,19954
38129,19271
38130,21988
38131,21866
38132,22087
38133,22110
38134,22104
38135,22126
38136,21558
38137,22118
38138,22087
38139,22111
38140,22111
38141,22099
38145,21156
38146,21331
38147,21726
38148,21892
38149,21628
38150,21153
38151,22087
38152,21702
38153,22110
38154,22128
38155,22100
38156,22090
38157,22097
38158,22034
38159,21978
38160,22105
38161,22050
38162,22048
38163,22047
38164,21889
38165,20592
38166,22129
38167,21948
38168,22133
38169,20340
38170,21970
38171,21989
38172,12780
38173,21878
38174,22131
38175,21431
38176,22130
38177,21976
38178,21480
38179,22109
38180,21875
38181,21702
38182,21833
38183,21833
38184,20736
38185,21447
38186,21591
38187,21586
38188,21589
38190,21379
38191,21379
38192,22059
38193,21497
38194,14916
38195,21931
38196,22121
38197,
38198,
38199,22143
38200,21411
38201,21987
38202,22145
38203,22145
38204,21989
38205,21558
38206,21983
38207,21982
38208,22076
38209,21153
38210,21945
38211,22105
38212,21729
38213,22160
38214,21801
38215,21628
38216,21373
38217,22002
38219,21943
38220,21766
38221,21579
38222,21579
38224,21887
38225,21331
38226,21819
38227,21765
38228,21290
38229,21156
38230,21610
38231,21802
38232,21400
38233,21803
38234,20996
38235,21808
38236,21890
38237,21820
38238,21820
38240,21536
38241,21635
38242,16439
38243,21729
38244,21954
38245,865
38246,22118
38247,21601
38248,21889
38249,21411
38250,22061
38251,21948
38252,21634
38253,19954
38254,22032
38255,22136
38256,19422
38257,21987
38258,21862
38259,21480
38260,21558
38261,21968
38262,22121
38263,22152
38264,22170
38265,22168
38266,22105
38267,22002
38268,22160
38269,22131
38270,21825
38272,21770
38274,20733
38275,22174
38276,22174
38277,22143
38278,22141
38279,22050
38280,22052
38282,21454
38283,21454
38284,21449
38285,21564
38286,22142
38287,21606
38288,22153
38289,22155
38290,22164
38291,22154
38292,22166
38293,22134
38294,22169
38295,22165
38296,21476
38297,22087
38298,22178
38299,21469
38300,21529
38301,21625
38302,19966
38303,21561
38304,21481
38305,19319
38306,22111
38307,21381
38308,19387
38309,19387
38310,21180
38311,21180
38312,22182
38313,22181
38314,22087
38315,22182
38316,12965
38317,12965
38318,21729
38319,22190
38321,22185
38322,22185
38323,22129
38324,20592
38325,22127
38326,22127
38329,22191
38330,22192
38331,21473
38332,21186
38333,22131
38334,21883
38335,22157
38336,21793
38337,21675
38338,19384
38339,22162
38340,21978
38341,22105
38342,22002
38343,22160
38344,22014
38345,21588
38346,12955
38347,21791
38348,21995
38349,21469
38351,21987
38352,21987
38353,22196
38354,22200
38355,22168
38356,21564
38357,22160
38358,21411
38359,22197
38360,21788
38361,22176
38362,21805
38363,22172
38364,22201
38365,22159
38366,22188
38367,22188
38368,21320
38369,21701
38370,21702
38371,21708
38372,21319
38373,21286
38374,18733
38375,21664
38376,22197
38377,21875
38378,21875
38379,22051
38380,21801
38381,21333
38382,22199
38383,22208
38384,
38385,22118
38386,22145
38387,19319
38388,21752
38389,16439
38390,22128
38391,22198
38392,21632
38393,20432
38394,22206
38395,22123
38396,22124
38397,22125
38398,21940
38399,20313
38400,22087
38401,22205
38402,21586
38403,14916
38404,21590
38405,21587
38406,21589
38407,21898
38408,21893
38409,22142
38410,21749
38411,22179
38412,14916
38413,21858
38414,22186
38415,21975
38416,21981
38417,22167
38418,20946
38419,22119
38420,22119
38421,22119
38422,22119
38423,22173
38424,21628
38425,22184
38426,21969
38427,22203
38429,22207
38430,22207
38431,22207
38433,22052
38434,21633
38435,22215
38436,22047
38437,21601
38438,22189
38439,22105
38440,22170
38441,22170
38442,22168
38443,21319
38444,21319
38445,22221
38446,21633
38447,21497
38448,12965
38449,22216
38450,22217
38451,21755
38452,21703
38453,22080
38454,21591
38455,22214
38456,22207
38457,22207
38458,22207
38459,20733
38460,22050
38461,21327
38462,21457
38463,21257
38464,22056
38465,22197
38467,21488
38468,16174
38469,22223
38470,21817
38471,21770
38472,22234
38473,21916
38474,21581
38475,22235
38476,22231
38477,22170
38478,22152
38479,22219
38480,22197
38481,22197
38482,21628
38483,22238
38484,21766
38485,22016
38486,22017
38487,22018
38488,22245
38489,22239
38490,21744
38491,21945
38492,22210
38493,22210
38494,21781
38495,21781
38496,22211
38497,22211
38498,22052
38499,21729
38500,22252
38501,22236
38502,22237
38503,22195
38504,22209
38505,22050
38506,22213
38507,21594
38508,22220
38509,22240
38510,21320
38511,21858
38512,22047
38513,22014
38514,21286
38515,22222
38516,22224
38517,22226
38518,22227
38519,22228
38520,22230
38521,22233
38522,21436
38523,21435
38524,21633
38525,22147
38526,22241
38527,22142
38528,21606
38529,22232
38530,21476
38531,16862
38532,22244
38533,22243
38534,22242
38535,21328
38536,22051
38537,18733
38538,21480
38539,21982
38540,22262
38541,21450
38542,21455
38543,21448
38544,21760
38545,21758
38546,21257
38547,21286
38548,21286
38549,22225
38550,22229
38551,21529
38552,22253
38553,22260
38554,22260
38555,22260
38556,22260
38559,21774
38560,22088
38561,21956
38562,21932
38563,19375
38564,17080
38565,21186
38566,21447
38567,20698
38568,21983
38569,21529
38570,22023
38571,22204
38572,22273
38573,22235
38574,22231
38575,21411
38576,22271
38577,21968
38578,21333
38579,22153
38580,21935
38581,21675
38582,21801
38583,20733
38584,21588
38585,22111
38586,21817
38587,19387
38588,19387
38589,22259
38590,22052
38591,22142
38592,22157
38593,22274
38594,12955
38595,21870
38596,21875
38597,22279
38598,22272
38599,4327
38600,4327
38601,22284
38602,21701
38603,22163
38604,22255
38605,17080
38606,22221
38607,22221
38608,21702
38609,22283
38610,22197
38614,21793
38615,22256
38616,21411
38617,22288
38618,22288
38619,22288
38620,22180
38621,22216
38622,22013
38623,22290
38624,22048
38625,21987
38626,22023
38627,22106
38628,22047
38629,22101
38634,22214
38635,22258
38637,
38638,
38639,22129
38640,21411
38641,22305
38642,22305
38643,22300
38644,22065
38645,22185
38646,22306
38647,22288
38648,22288
38649,22288
38650,22291
38651,22294
38652,22178
38653,21770
38654,21441
38655,22197
38656,21916
38657,21817
38658,22296
38659,22083
38660,22245
38661,22299
38662,21290
38663,21400
38664,21945
38665,21945
38666,21817
38667,22307
38668,22216
38669,22214
38670,21286
38671,21476
38672,21606
38673,21320
38674,22048
38675,22303
38676,22303
38677,21586
38678,21593
38679,21592
38680,22295
38681,22286
38682,22208
38683,22154
38684,22254
38686,22311
38687,22310
38688,22312
38689,21529
38690,22313
38691,21411
38692,21455
38693,21456
38694,22207
38695,22309
38696,22281
38697,22282
38698,22223
38699,22273
38700,22084
38701,22100
38702,20768
38703,20769
38704,22223
38705,21943
38706,22219
38707,22147
38708,22241
38709,20313
38710,21400
38711,21817
38712,21770
38713,21450
38714,21755
38715,22292
38716,21668
38717,21448
38718,21875
38719,22292
38720,22014
38721,22316
38722,21978
38723,22221
38724,22348
38725,22221
38726,22233
38727,22319
38728,22230
38729,22228
38730,22107
38731,19840
38732,21981
38733,22076
38734,21864
38735,22306
38736,22306
38737,22263
38738,22163
38739,22163
38740,22065
38741,22165
38742,22295
38743,21774
38745,21606
38746,22197
38747,16203
38748,21912
38749,21180
38750,22353
38751,21834
38752,20138
38753,22305
38754,22305
38755,16330
38756,17626
38757,22185
38758,22310
38759,21454
38760,22216
38761,22171
38762,22260
38763,22307
38764,22307
38765,22357
38766,22360
38767,22258
38768,21765
38770,22213
38771,22047
38772,21156
38773,22289
38774,22246
38775,20996
38776,21628
38777,21628
38778,21766
38779,21766
38780,21766
38781,21664
38782,22251
38783,22349
38784,22348
38785,21257
38786,22223
38787,22320
38788,22000
38789,22350
38790,22010
38791,21320
38792,22366
38793,22363
38794,20313
38795,22307
38796,22307
38797,22307
38798,21108
38799,21411
38800,22380
38801,22380
38802,22358
38803,22185
38804,21127
38805,22295
38806,22166
38807,22154
38808,22208
38809,22169
38810,22121
38811,22155
38812,22318
38813,22359
38814,21454
38815,21664
38816,22197
38817,21286
38818,21476
38819,22371
38820,22385
38821,22052
38822,22052
38823,22127
38824,22370
38825,22298
38826,22297
38827,22381
38828,21928
38829,22127
38830,22376
38831,22317
38832,21758
38833,22386
38834,22386
38835,22386
38836,22356
38837,22213
38838,22048
38839,22118
38840,22391
38841,22391
38843,22363
38844,21963
38845,21963
38846,21963
38847,22322
38850,22047
38851,22213
38852,22372
38853,21592
38854,22373
38855,22354
38856,21901
38857,21703
38858,14916
38859,21186
38860,22218
38861,
38862,
38863,22300
38864,22387
38865,22119
38866,22224
38867,22222
38868,22389
38869,22389
38870,22240
38871,22353
38872,22207
38873,22260
38874,21447
38875,21060
38876,22121
38877,21729
38878,22273
38879,21675
38880,17095
38881,22419
38882,22374
38883,21916
38884,21916
38885,22396
38886,22397
38887,22418
38888,16174
38889,21808
38890,22197
38891,21817
38892,22247
38893,22221
38894,22306
38895,21984
38896,21983
38897,21982
38898,22358
38899,22392
38900,2808
38901,22296
38902,21328
38903,22421
38904,21943
38905,22246
38906,22424
38907,22420
38908,4327
38909,21901
38910,22241
38911,22150
38912,21778
38913,
38914,22178
38915,21448
38916,12549
38917,22083
38918,20427
38919,22442
38920,22433
38921,16373
38922,20733
38923,21593
38924,22448
38925,21586
38926,21703
38927,22261
38928,22208
38929,22359
38930,22449
38931,22441
38932,22441
38933,22441
38934,22441
38935,
38936,22273
38937,22425
38938,22427
38939,22018
38940,22157
38941,22237
38942,21747
38943,22428
38944,22429
38946,22431
38947,22240
38948,22353
38949,22451
38950,22251
38951,21766
38952,22250
38953,22289
38954,22221
38955,21833
38956,21605
38957,21755
38958,21408
38959,19840
38960,21180
38961,22443
38962,21454
38963,21450
38964,22052
38965,22197
38966,21430
38967,22358
38968,22452
38969,22119
38970,22363
38971,22363
38972,21286
38973,22305
38974,22305
38975,22305
38978,20457
38979,20457
38980,20457
38981,20457
38982,20457
38984,21476
38985,22366
38986,
38987,22061
38988,22401
38989,22214
38990,22233
38991,22379
38992,22430
38993,21186
38994,22378
38995,21447
38996,21448
38997,22309
38998,22306
38999,22213
39000,22047
39001,22454
39002,17626
39003,22457
39004,8912
39005,16203
39006,2964
39007,2964
39008,22460
39009,21400
39010,21802
39011,20996
39012,22433
39013,21987
39014,21835
39015,22465
39016,21400
39017,21693
39018,22456
39019,22462
39020,21817
39021,21766
39022,21633
39023,22444
39024,21887
39025,21943
39026,21765
39027,22246
39028,21596
39029,17805
39030,22207
39031,21864
39032,22421
39033,22470
39034,22251
39035,21441
39036,14916
39037,22458
39038,22250
39039,22469
39040,21770
39041,22420
39042,22420
39043,22320
39044,21987
39045,22305
39046,17095
39047,22486
39048,22486
39049,22420
39050,22155
39051,22240
39052,21749
39053,22047
39054,22194
39055,22478
39056,22479
39057,21701
39058,21328
39059,21286
39060,22049
39061,22311
39062,22484
39063,22485
39064,21702
39065,22366
39066,22353
39067,21487
39068,22197
39069,12955
39070,22422
39071,22423
39072,19387
39073,22051
39074,21373
39075,21437
39076,22375
39077,21408
39078,22483
39079,22074
39080,22075
39081,22102
39082,22064
39083,22063
39084,22066
39085,22067
39086,22068
39087,22069
39088,22070
39089,22071
39090,22072
39091,22073
39092,22426
39093,
39094,
39095,22489
39096,22184
39097,16373
39098,21833
39099,21916
39100,21332
39101,22470
39102,21745
39103,22510
39104,22208
39105,21802
39106,21290
39107,22444
39108,21610
39109,21610
39110,21628
39111,21628
39112,21943
39114,22289
39115,21596
39116,22246
39117,20996
39118,22439
39119,22498
39120,22251
39121,21400
39122,22247
39123,22250
39124,22420
39125,22369
39126,22369
39127,22369
39128,22369
39129,22369
39130,22369
39131,22369
39132,21835
39133,22309
39134,22369
39135,22127
39136,22127
39137,22127
39138,22515
39139,22515
39140,22047
39141,22491
39142,21752
39143,22463
39144,22517
39146,21755
39147,22459
39148,22320
39149,22493
39150,21982
39151,21983
39152,22281
39153,22167
39154,22262
39155,22444
39156,19840
39157,22185
39158,22169
39159,22518
39160,22490
39161,21984
39162,22250
39163,22486
39164,22496
39165,22358
39166,21476
39167,22506
39168,22497
39169,22501
39170,22492
39171,22503
39172,22357
39173,21943
39174,22513
39175,17626
39176,17626
39177,17626
39178,17626
39179,22520
39180,22516
39181,22014
39182,18733
39183,22508
39184,22366
39185,22521
39186,21454
39187,22509
39188,22246
39189,21701
39190,22494
39191,22495
39192,22427
39193,22239
39194,22484
39195,22420
39196,21802
39197,22121
39198,22164
39199,22154
39200,22499
39201,22499
39202,22360
39203,12965
39205,22247
39206,22507
39208,22519
39209,22500
39210,22455
39211,21605
39212,22530
39213,21916
39214,21916
39215,22197
39216,22197
39217,22535
39218,22513
39219,21488
39220,21320
39221,21610
39222,22289
39223,21290
39224,21943
39225,22508
39226,22301
39227,22301
39228,22524
39229,21834
39230,22463
39231,22525
39232,22420
39233,22523
39234,22356
39235,21187
39236,22526
39237,22527
39238,22528
39239,21943
39240,22536
39243,22246
39244,22537
39245,22503
39246,21400
39247,16439
39249,22470
39250,22486
39251,22106
39252,22538
39253,22504
39254,22543
39255,22545
39256,21802
39257,21474
39258,22541
39259,22366
39260,21766
39261,22544
39262,21887
39263,22444
39264,21610
39265,22251
39266,21328
39267,22552
39268,22506
39269,22358
39270,22358
39271,22529
39272,22488
39273,22501
39274,22547
39275,21702
39277,22289
39278,22178
39280,21987
39281,21987
39282,21987
39283,22366
39284,21916
39285,22197
39286,22549
39287,22540
39288,22540
39289,
39290,22550
39291,22049
39292,21833
39293,21186
39294,22551
39295,21328
39296,21703
39297,21834
39298,22567
39299,22563
39300,21963
39301,22463
39302,22568
39303,22569
39304,22513
39305,21765
39306,21449
39307,22570
39308,22421
39309,22246
39310,22250
39311,21943
39312,22289
39313,20996
39314,22548
39315,22208
39316,22564
39317,22493
39318,21774
39319,22501
39321,22492
39322,22497
39323,21943
39324,19840
39325,21320
39326,21320
39327,22049
39328,22387
39329,22387
39330,22420
39331,22575
39332,22506
39333,21932
39334,21995
39335,22576
39336,22576
39337,22574
39338,22366
39339,21981
39340,22363
39341,21875
39342,22566
39344,21328
39345,21592
39347,17095
39348,21703
39349,21702
39350,21447
39351,21454
39352,21450
39353,22577
39354,21456
39355,21455
39356,21448
39357,21586
39358,22543
39359,22421
39360,22579
39361,21606
39362,21476
39363,22586
39364,19319
39365,21995
39366,21722
39367,21561
39368,21469
39369,22543
39370,22322
39371,22520
39372,22474
39373,21320
39374,17805
39375,21564
39376,21963
39377,22580
39378,22503
39379,21488
39380,22282
39381,22592
39382,22358
39383,22309
39384,22506
39385,21606
39386,22498
39387,21774
39388,22164
39389,22155
39390,22595
39391,22197
39392,21916
39393,22535
39397,22051
39398,22369
39400,22582
39401,22584
39402,22599
39403,22497
39404,20996
39405,21755
39406,22463
39407,22536
39408,22492
39409,19840
39414,22593
39415,21943
39416,22089
39417,22596
39418,22598
39419,22581
39420,21328
39421,22588
39422,22312
39423,21186
39424,22601
39427,22497
39428,22608
39429,22614
39430,22262
39431,21745
39432,21487
39433,22618
39434,22615
39435,22616
39436,22617
39437,22607
39438,22604
39439,22578
39440,22589
39441,12955
39442,22613
39443,22597
39444,21914
39445,21400
39446,22592
39447,22366
39448,22366
39449,22637
39450,22631
39451,22544
39452,22536
39453,21186
39454,20733
39455,19319
39456,21755
39457,21290
39458,21561
39459,19966
39460,22000
39461,22580
39462,21664
39463,22516
39464,22618
39465,22259
39466,22638
39467,22645
39468,22421
39469,20996
39470,21703
39472,21916
39473,20172
39474,20376
39475,22516
39476,21592
39477,22648
39478,22648
39479,22246
39480,22369
39481,22369
39482,22369
39483,21817
39484,21817
39485,21817
39486,21766
39487,22631
39488,22363
39489,21476
39490,22354
39491,22633
39492,21995
39493,22636
39494,22632
39495,22591
39496,22564
39497,22262
39498,22373
39499,22644
39502,21984
39503,22068
39504,22612
39505,21916
39506,22577
39507,22569
39508,21186
39509,21703
39510,22357
39511,22664
39512,21701
39513,22247
39514,21290
39515,22250
39516,21055
39517,22593
39518,22676
39519,22676
39520,22672
39521,22639
39522,22654
39523,21290
39524,22250
39525,22634
39526,22645
39527,22301
39528,22665
39529,22678
39531,22600
39532,22649
39533,22660
39534,22363
39535,22652
39536,22653
39537,22535
39538,22671
39539,22673
39540,22674
39541,22540
39542,22474
39543,22668
39544,22669
39545,21888
39546,22119
39547,22667
39548,22662
39549,22369
39550,22588
39551,22499
39552,22683
39553,21869
39554,21722
39555,21835
39556,21835
39557,20733
39558,20733
39559,21373
39560,21995
39561,22301
39562,22260
39563,21373
39564,22260
39565,22369
39566,22588
39567,22681
39568,22685
39569,21802
39570,21943
39571,21995
39572,22686
39573,21628
39574,22372
39575,22526
39576,22432
39577,22237
39578,22459
39579,21447
39580,21454
39581,21448
39582,21450
39583,22662
39584,22580
39585,22658
39586,22657
39587,22659
39588,22656
39589,16439
39590,22618
39591,22682
39592,22617
39593,22516
39594,21916
39595,21373
39596,22660
39597,22577
39598,22618
39599,21108
39600,21111
39601,21864
39602,22457
39603,22118
39604,22594
39605,22699
39606,22651
39607,22519
39608,21323
39609,21558
39610,21333
39611,22661
39612,
39613,21963
39614,22197
39615,22197
39616,22608
39617,22643
39618,22695
39620,17805
39621,17805
39622,22691
39623,22685
39624,22684
39625,22575
39626,21774
39627,21766
39628,22369
39629,21702
39630,22551
39631,21834
39632,21591
39633,22663
39634,22590
39635,21588
39636,22418
39637,22705
39638,22697
39639,22697
39640,21664
39641,19319
39642,21593
39643,22689
39644,22653
39645,22653
39646,22617
39647,22642
39648,22106
39649,22688
39650,22535
39651,22540
39652,22696
39653,22700
39654,22701
39655,22681
39656,21835
39657,22584
39658,22668
39659,22474
39660,22687
39661,22580
39662,22580
39663,22660
39664,22581
39665,22706
39666,22707
39667,22641
39668,21589
39669,21587
39670,22692
39671,22370
39672,22649
39673,22051
39674,21449
39675,22491
39676,22089
39677,22633
39678,22679
39679,22680
39680,22306
39681,22291
39682,22119
39683,22693
39684,22694
39685,22662
39686,21875
39687,21703
39689,22246
39690,21943
39691,22350
39692,22303
39693,22172
39694,22000
39695,20733
39697,22260
39698,22574
39699,22658
39700,22363
39701,22178
39702,22359
39703,22121
39704,21593
39705,22656
39706,22681
39707,22646
39708,22618
39709,22580
39710,21590
39711,22051
39712,22682
39713,22710
39714,21916
39715,22719
39716,22719
39717,21774
39718,22577
39719,22577
39720,22197
39721,22197
39722,22194
39723,22596
39724,12955
39725,22717
39726,17626
39727,21587
39728,21589
39729,21588
39730,21408
39731,22720
39732,22685
39733,22317
39734,22208
39735,22708
39736,22571
39737,22705
39738,22696
39739,22696
39740,22475
39741,22681
39742,22718
39743,21766
39744,21943
39745,22738
39746,22734
39747,22737
39748,22491
39749,22089
39750,22709
39751,22659
39752,22707
39753,22658
39754,22473
39755,22695
39756,22575
39757,22577
39758,22197
39759,22729
39760,22729
39761,22729
39762,22657
39763,22732
39764,22676
39765,22703
39766,22588
39767,22516
39768,22551
39769,22580
39770,22644
39771,22063
39772,22311
39775,22724
39776,21605
39777,22681
39778,22477
39779,22476
39780,22464
39781,22546
39782,22542
39783,22481
39784,22480
39785,22363
39786,22734
39787,21833
39788,22659
39789,22784
39790,22747
39791,22369
39792,22728
39793,22733
39794,22733
39795,22657
39796,22706
39797,22707
39798,22656
39800,22758
39801,22745
39802,22745
39803,22724
39804,22357
39805,22722
39806,22350
39807,22748
39808,22748
39809,22753
39810,21817
39811,21766
39812,21290
39813,21943
39814,22574
39815,16439
39816,22742
39817,22246
39818,19375
39819,22710
39820,22260
39821,22708
39822,22066
39823,22723
39824,22721
39825,22614
39826,22197
39827,22197
39828,22730
39829,22760
39830,22428
39831,22757
39832,21703
39833,22608
39834,20698
39835,21459
39836,20871
39837,17626
39838,17626
39839,22315
39840,14916
39841,22745
39842,22758
39843,22713
39844,22711
39845,22714
39846,22715
39847,22755
39848,22751
39849,22759
39850,21774
39851,22676
39852,21802
39854,22681
39855,22735
39856,22736
39857,22772
39858,21628
39859,22291
39860,21590
39861,22739
39862,21963
39863,
39864,
39865,22760
39866,22760
39867,22719
39868,22747
39869,21817
39870,22246
39871,21290
39872,22781
39873,22728
39874,22574
39875,22724
39876,21766
39877,22710
39878,22706
39879,22762
39880,22777
39881,22618
39882,22778
39883,22119
39884,22363
39885,22357
39887,22354
39888,22694
39889,22632
39890,22646
39891,17805
39892,21224
39893,22787
39894,22787
39895,16439
39896,22734
39897,22067
39898,22070
39899,22749
39900,22750
39901,22527
39902,22476
39903,22425
39904,22792
39905,22350
39906,22761
39907,22763
39908,22763
39909,22763
39910,22681
39911,22767
39912,22783
39913,21833
39914,22766
39915,22734
39916,22770
39917,22507
39918,22500
39919,22363
39920,22773
39921,21108
39922,22776
39923,22780
39924,22068
39925,22580
39926,21321
39927,22786
39928,22676
39929,22207
39930,22260
39931,22789
39932,22373
39933,22157
39934,21891
39935,
39936,22821
39937,22769
39938,22782
39939,22699
39940,21594
39941,22509
39942,21875
39943,21589
39944,21587
39945,22794
39946,22794
39947,22714
39948,21623
39949,22758
39950,22476
39952,22481
39953,22306
39954,22696
39955,22696
39956,22363
39957,22363
39958,22363
39959,22794
39960,21455
39961,22793
39962,22793
39963,22793
39964,22793
39965,22793
39966,22793
39967,22793
39968,22826
39969,22729
39970,22790
39971,16439
39972,22723
39973,22733
39974,22227
39975,21850
39976,21845
39977,21851
39978,21852
39979,21290
39980,22734
39981,22734
39982,22734
39983,22291
39984,21766
39985,22713
39986,22703
39987,22369
39988,22490
39989,21224
39990,22584
39991,22748
39992,21981
39993,22119
39994,22760
39995,16439
39996,22831
39997,22833
39998,2964
39999,22813
40000,22827
40001,22812
40002,22632
40003,22795
40004,22798
40005,22797
40006,22801
40007,22799
40008,22799
40009,22800
40010,21628
40011,22659
40012,22431
40013,22589
40014,22632
40015,22301
40016,22474
40017,22811
40018,21963
40019,22748
40020,22809
40021,22171
40022,22810
40023,22808
40024,22906
40025,22754
40026,22752
40028,22762
40029,22728
40030,22459
40031,22909
40032,22909
40033,22733
40034,22760
40035,22781
40036,22758
40037,21594
40038,22818
40039,22822
40040,22816
40041,22089
40042,22931
40043,22912
40044,21875
40045,21875
40046,21605
40047,21589
40048,21455
40049,22709
40050,21817
40051,22588
40052,22683
40053,22760
40054,22459
40055,21766
40056,22933
40057,22763
40058,22763
40059,22763
40061,22935
40062,22913
40064,21835
40065,19165
40066,22119
40067,22728
40068,21455
40069,22459
40070,22750
40071,22462
40072,21961
40073,21961
40074,21961
40075,21449
40076,21833
40077,22716
40078,22766
40079,22950
40080,22952
40081,22911
40082,22795
40083,22929
40084,22905
40085,22801
40086,22928
40087,22618
40088,22688
40089,22825
40090,22833
40091,21664
40092,21664
40093,22942
40094,22942
40095,22957
40096,22963
40097,22964
40098,22676
40099,22676
40100,22941
40101,22291
40102,22965
40103,22966
40104,22696
40105,22696
40106,22795
40107,22929
40108,22905
40109,22824
40110,21116
40111,22951
40112,22953
40113,21788
40114,21108
40115,22762
40116,21290
40117,22703
40118,22490
40119,22127
40120,22474
40121,21117
40122,22535
40123,22954
40124,22930
40125,22758
40126,22910
40127,22589
40128,22932
40129,22118
40130,21224
40131,22959
40132,22762
40133,22923
40134,22752
40135,22924
40136,22925
40137,22897
40138,22898
40139,22786
40140,22955
40141,22956
40142,22960
40143,22961
40144,22733
40145,22818
40146,22709
40147,22749
40148,20896
40149,21766
40150,22360
40151,22741
40152,22816
40153,22459
40154,22967
40155,21588
40156,21290
40157,22968
40158,22089
40159,22969
40160,22753
40161,22736
40162,21455
40163,22972
40164,22974
40165,22711
40166,22754
40167,22706
40168,21981
40169,22794
40170,22723
40171,17626
40172,22728
40173,22976
40174,22978
40176,22977
40177,22754
40178,21664
40179,22586
40180,22512
40181,22741
40182,22574
40183,22766
40184,22970
40185,22975
40186,22659
40187,22954
40188,22758
40189,22760
40191,22992
40192,22706
40193,22953
40194,22699
40195,22014
40196,22912
40197,22709
40198,21766
40199,22952
40200,22824
40201,22929
40202,22359
40203,22800
40204,22800
40205,22787
40206,22958
40207,20172
40208,22999
40209,22927
40210,17805
40211,21963
40212,22809
40213,21663
40214,21663
40215,23000
40216,23000
40217,23000
40218,23000
40219,21115
40220,21114
40221,21113
40222,22208
40223,22795
40224,22359
40225,22928
40226,22723
40227,22833
40228,22942
40229,22676
40230,22676
40231,4327
40232,22998
40233,22759
40234,22752
40235,22964
40236,22688
40237,21455
40238,22897
40239,22937
40240,22936
40241,22706
40242,21564
40243,21564
40244,22360
40245,22360
40247,22981
40248,22984
40249,22786
40250,22994
40251,22758
40252,22790
40253,22989
40254,22825
40255,22990
40256,22991
40257,22914
40258,22769
40259,21875
40260,22728
40261,22766
40262,22618
40263,22815
40264,22775
40265,22776
40266,20698
40267,22980
40268,22462
40269,22713
40270,22711
40271,22979
40273,
40274,
40275,
40276,
40277,
40278,22588
40279,21817
40280,22762
40282,21833
40283,21833
40284,22951
40285,22779
40288,22929
40289,22979
40290,22586
40291,22935
40292,22752
40293,22587
40294,21833
40295,23005
40296,23006
40297,23006
40298,22708
40299,22659
40300,22974
40301,22538
40302,23007
40303,23008
40304,23028
40305,17805
40306,23024
40307,21869
40308,21801
40309,21801
40310,23099
40311,22462
40312,22713
40313,22928
40314,22208
40315,22584
40316,22736
40317,20172
40318,23015
40319,22588
40320,21835
40321,21835
40322,22676
40324,22676
40325,22260
40326,23022
40328,22369
40329,21633
40330,22612
40331,22207
40332,22207
40333,22207
40334,22524
40335,22260
40336,21835
40337,22260
40338,21835
40339,22524
40340,22794
40341,22612
40342,22474
40343,21981
40344,21981
40345,22728
40347,22714
40348,22715
40349,22760
40350,22708
40351,22911
40352,23044
40353,23018
40354,22588
40355,22825
40356,23032
40357,21961
40358,21422
40359,23019
40360,22589
40361,22701
40362,22703
40363,22986
40364,23025
40365,21115
40366,22908
40367,21474
40368,22399
40369,22400
40370,23058
40371,22932
40372,23038
40373,23041
40374,23046
40375,23047
40376,23048
40377,23050
40378,23022
40379,22754
40380,21290
40381,21664
40382,22089
40383,23031
40384,
40385,23049
40386,23052
40387,23040
40388,22512
40389,23066
40390,23065
40391,23064
40392,23053
40393,23054
40394,22970
40395,23063
40396,22733
40397,22815
40398,22013
40399,23016
40400,22743
40401,22682
40402,22914
40403,23027
40404,22974
40405,22951
40406,23004
40407,23009
40408,23010
40409,23011
40410,23012
40411,23013
40412,22574
40413,22713
40414,23042
40415,22529
40416,23039
40417,22816
40418,23021
40419,22462
40420,22790
40421,22799
40422,23072
40423,22676
40425,22909
40426,23060
40427,22119
40428,22760
40429,23073
40430,23073
40431,21455
40432,23071
40433,22447
40434,23061
40435,23057
40436,23020
40437,22993
40438,22708
40439,22977
40440,22432
40441,23074
40442,22818
40443,22897
40444,22898
40445,23076
40446,23044
40447,21605
40448,22752
40449,21766
40450,22935
40451,23067
40452,22587
40453,18733
40454,18733
40455,23051
40456,22943
40457,22944
40458,22945
40459,22946
40460,22947
40461,23075
40462,22524
40463,22474
40464,22612
40465,22753
40466,22793
40467,22984
40468,12955
40469,
40470,
40471,22291
40472,23088
40473,20698
40474,22988
40475,22932
40476,22927
40477,22588
40478,17626
40479,21875
40480,22825
40481,22119
40482,23079
40483,23081
40484,23083
40485,23084
40486,22653
40487,21835
40488,22900
40489,22902
40490,22903
40491,21963
40492,23100
40493,23092
40494,23044
40495,22760
40496,23095
40497,22733
40498,22910
40499,23094
40500,17387
40501,22794
40502,22934
40503,22934
40504,22934
40505,17411
40506,19375
40507,22187
40508,22948
40509,22949
40510,22771
40511,22647
40513,21914
40514,22753
40515,22937
40516,23029
40517,22612
40518,23097
40519,22939
40520,22983
40521,21510
40522,22172
40523,22959
40524,22832
40525,21474
40526,22118
40527,23024
40528,20733
40529,23033
40530,22748
40531,17805
40532,21664
40533,21224
40534,22733
40535,23105
40536,22753
40537,22951
40538,22986
40539,23122
40541,23095
40542,23063
40543,21801
40544,22663
40545,23095
40546,23122
40547,23093
40548,22708
40549,22760
40550,21455
40551,23106
40552,22932
40553,23115
40554,23117
40555,21115
40556,21114
40557,21590
40558,21589
40559,23001
40560,23001
40562,23001
40563,23114
40564,22910
40565,21113
40566,23126
40567,23128
40568,22646
40569,22646
40570,22504
40571,17805
40572,23073
40573,22815
40574,22754
40575,22588
40576,21961
40577,22588
40579,22709
40580,23021
40581,23039
40583,21766
40584,17626
40585,23137
40586,16439
40587,23134
40588,23135
40589,22974
40590,23138
40591,23141
40592,22904
40593,4327
40594,23095
40595,22708
40596,22760
40597,22711
40598,22523
40599,22978
40600,22430
40601,22655
40602,22655
40603,22655
40604,21664
40605,23142
40606,22974
40607,23148
40609,22647
40610,23054
40611,23053
40612,23050
40613,23048
40614,23047
40615,23046
40616,23041
40617,22990
40618,22989
40619,23147
40620,23140
40621,23042
40622,22703
40623,21290
40624,22574
40625,23150
40626,23150
40627,23150
40629,21961
40630,23038
40631,23154
40633,23155
40634,23155
40635,23088
40636,22979
40637,22713
40638,23027
40639,23115
40640,22587
40641,21981
40642,23143
40643,23144
40644,22970
40645,22970
40646,23146
40647,23150
40648,22714
40649,22715
40650,22529
40651,23057
40652,23061
40653,23158
40657,23160
40659,23160
40662,12955
40663,22403
40664,20166
40665,23076
40666,22760
40667,22708
40668,22430
40669,22978
40670,22752
40671,22754
40672,22676
40673,23137
40674,23154
40675,22743
40676,23148
40677,23156
40678,22207
40679,23167
40680,22647
40681,22374
40682,22432
40683,12972
40684,22766
40685,21875
40686,23105
40687,22535
40688,21835
40689,23140
40690,23136
40691,23102
40692,22106
40693,22561
40695,23145
40696,21455
40697,23169
40698,23168
40699,23170
40700,23171
40701,21765
40702,21817
40703,22903
40704,23042
40705,23042
40706,23125
40707,23078
40708,23152
40709,17956
40710,23157
40711,22708
40712,22951
40713,22970
40714,22932
40715,22935
40716,22709
40717,22218
40718,22733
40719,22977
40720,21801
40721,22301
40722,22955
40723,22647
40724,22374
40725,22978
40726,22914
40727,21564
40728,23162
40729,22612
40730,23153
40731,23153
40732,23162
40733,23057
40734,22490
40735,22955
40736,22490
40737,23070
40738,23068
40739,23069
40740,22793
40741,22753
40742,22753
40743,22474
40744,21633
40745,22955
40746,23055
40747,23056
40748,22775
40749,22585
40750,23137
40751,23207
40752,22218
40753,17626
40754,22535
40755,22753
40756,23000
40757,22655
40758,22369
40759,23021
40760,22588
40761,22955
40762,22703
40763,23026
40764,23182
40765,23181
40766,23183
40767,23190
40768,23189
40769,23117
40770,23114
40771,22788
40772,23096
40773,23176
40774,23208
40775,23210
40776,23211
40777,23212
40778,23213
40779,17411
40780,23175
40781,21835
40782,22970
40783,22951
40784,22904
40785,23138
40786,22713
40787,22993
40788,23073
40789,23115
40790,21833
40791,22647
40792,23061
40793,23177
40794,23092
40795,22069
40796,23174
40797,22528
40798,22378
40799,23196
40800,23173
40801,21455
40802,21474
40803,17805
40804,22655
40805,23202
40806,22769
40808,20697
40809,23192
40810,22207
40811,23214
40812,23172
40813,22976
40814,22753
40815,23271
40816,22956
40817,22980
40818,23115
40819,23167
40820,12972
40821,23275
40822,23276
40823,23274
40824,22733
40825,23115
40826,22429
40827,23178
40828,23179
40829,23155
40830,23273
40831,23209
40832,21709
40833,22226
40834,21732
40835,21662
40836,21847
40837,23060
40838,23137
40839,23114
40840,23117
40841,22708
40842,23190
40843,23215
40844,23189
40845,23039
40846,23192
40847,21765
40848,21766
40849,23187
40850,21801
40851,21664
40852,18733
40853,22299
40854,21981
40855,23296
40856,23064
40857,22569
40858,22823
40859,22490
40860,22474
40861,22959
40862,23278
40863,22746
40864,23099
40865,23049
40866,22743
40867,23295
40868,23290
40869,22939
40870,23284
40871,23068
40872,23057
40873,22978
40874,22528
40875,22432
40876,22711
40877,23015
40878,23299
40879,23255
40880,22815
40881,23292
40882,23277
40883,23213
40884,23212
40885,23211
40886,23210
40887,22106
40889,22588
40890,21765
40891,23129
40892,23039
40893,23021
40894,21290
40895,22754
40896,22369
40897,23289
40898,23192
40899,4327
40900,22760
40901,23106
40902,21765
40903,23300
40904,23300
40905,22833
40906,22833
40907,21664
40908,22218
40909,21564
40910,22766
40911,22951
40912,22970
40913,23275
40914,23301
40915,23076
40916,23279
40917,23279
40918,23173
40919,21940
40920,23073
40921,22993
40922,23071
40923,23273
40924,22535
40925,22512
40926,21928
40927,23329
40928,22089
40929,23280
40930,21981
40931,23191
40932,23188
40933,23324
40934,22709
40935,23303
40936,22585
40937,23325
40938,23304
40939,23186
40940,23185
40941,23184
40942,23296
40943,22760
40944,23150
40945,6267
40946,6267
40947,6267
40948,23330
40949,22754
40950,22588
40951,21765
40952,23042
40953,23125
40954,23039
40955,23078
40956,23152
40957,23289
40958,23208
40959,23115
40960,23125
40961,23152
40962,22369
40963,21766
40964,23297
40965,22807
40966,22802
40967,22676
40968,23150
40969,23166
40970,23201
40971,23282
40972,23283
40973,23021
40974,23129
40975,22703
40976,21961
40977,20698
40978,23094
40979,23342
40980,23078
40981,23335
40982,23336
40983,23337
40984,23340
40985,23338
40986,23344
40987,23345
40988,23346
40989,23347
40990,23348
40991,21981
40992,21875
40993,20697
40994,21833
40995,23039
40996,23134
40997,22760
40998,22708
40999,22301
41000,23332
41001,21758
41002,22207
41003,22529
41004,23279
41005,21835
41006,22956
41007,22528
41009,22430
41010,22527
41011,23001
41012,23331
41013,23106
41014,22803
41015,22796
41016,22796
41017,22796
41018,21766
41019,21833
41020,23155
41021,23357
41022,22586
41023,23131
41024,22540
41025,23099
41026,23097
41027,23348
41028,23344
41029,19375
41030,23279
41031,23339
41032,17805
41033,23150
41034,23182
41035,23176
41036,23338
41037,23292
41038,22474
41039,23061
41040,23057
41041,23334
41042,23378
41043,23335
41044,23336
41045,23337
41046,23199
41047,23333
41048,23351
41049,23379
41050,23379
41051,23372
41052,23369
41053,23367
41054,22807
41055,23017
41056,23354
41057,22980
41058,23365
41059,23374
41060,23356
41061,22977
41062,22432
41063,23360
41064,23361
41065,23151
41066,23183
41067,23362
41068,22753
41069,12955
41070,23376
41071,23376
41072,23376
41073,23373
41074,23358
41075,23076
41076,22587
41077,22711
41078,23296
41079,23334
41080,21422
41081,23327
41082,23328
41083,22703
41084,23027
41085,22978
41086,23379
41087,22780
41088,21002
41089,22585
41090,21940
41091,18733
41092,
41093,
41094,21126
41095,23388
41096,23150
41097,23329
41098,21115
41099,23184
41100,22612
41101,21664
41102,23327
41103,23391
41105,23167
41107,23134
41108,23404
41109,22823
41110,22733
41111,23299
41112,23349
41115,22585
41116,23181
41117,23189
41118,23069
41119,23070
41120,22983
41121,23393
41122,22939
41123,23153
41124,23390
41125,23414
41126,23415
41127,23389
41128,23412
41129,23400
41130,23099
41131,23097
41132,23411
41133,23410
41134,21510
41135,21801
41136,21564
41137,23301
41138,23339
41139,22794
41140,23000
41141,21961
41142,23342
41143,22369
41144,23078
41145,21123
41146,23407
41147,23408
41148,23418
41149,23417
41150,23416
41151,23403
41152,23402
41153,23401
41154,23392
41155,23346
41156,23292
41157,23213
41158,23336
41159,23335
41160,23347
41161,23136
41162,23175
41163,23182
41164,21760
41165,21758
41166,23420
41167,23303
41168,22540
41169,17805
41170,21633
41171,22574
41172,23387
41173,23386
41174,22970
41175,23395
41176,23208
41177,23422
41178,23422
41179,23423
41180,23423
41181,21817
41183,14916
41184,23424
41185,23425
41186,23425
41187,22574
41188,23396
41189,21869
41190,23215
41191,22976
41192,23331
41193,23413
41194,23176
41195,22956
41196,21126
41197,23388
41198,21123
41199,21115
41200,23057
41201,22780
41202,22713
41203,23322
41204,23322
41205,23397
41206,22529
41207,23398
41208,23399
41209,23342
41210,23375
41211,23375
41212,23427
41213,22369
41214,21002
41215,
41218,22587
41219,22587
41220,23432
41221,23434
41222,23430
41225,21981
41226,23150
41227,23292
41228,23391
41229,23401
41230,23402
41231,23403
41232,23417
41233,23418
41234,23428
41235,23429
41236,23437
41237,23439
41238,23440
41239,23443
41240,23441
41241,22803
41242,23153
41243,23406
41244,21561
41245,17805
41246,22939
41247,23125
41248,23192
41249,23021
41250,23042
41251,23129
41252,21766
41253,23185
41254,21123
41255,21123
41256,23208
41257,23136
41258,23326
41259,23166
41260,23426
41261,23138
41262,23342
41263,23431
41264,22574
41265,22369
41266,21115
41267,4327
41268,4327
41269,4327
41270,23214
41271,22676
41272,23427
41273,23438
41274,23131
41275,23445
41276,23360
41277,23331
41278,22976
41279,23296
41280,23185
41281,23182
41282,23329
41283,23150
41284,21817
41285,21961
41286,22703
41287,23389
41288,23078
41289,23342
41290,23039
41291,21869
41292,23447
41293,23446
41294,23442
41295,21758
41296,23390
41297,23416
41298,23448
41299,23094
41300,22897
41301,22902
41303,23339
41304,23387
41306,23386
41307,23386
41308,23021
41309,22908
41310,22733
41311,23400
41312,23003
41313,23323
41314,22612
41315,22959
41316,22540
41317,23450
41318,23278
41319,23097
41320,22810
41321,22676
41322,23203
41323,21126
41324,23000
41325,23057
41326,22993
41327,23070
41328,23068
41334,23468
41335,23461
41336,23460
41337,23446
41338,23184
41339,23184
41340,23189
41341,23189
41342,23155
41343,23155
41344,23183
41345,23183
41346,23182
41348,23182
41349,23191
41350,23191
41351,23185
41352,23185
41353,23188
41354,23188
41355,23181
41356,23181
41357,23190
41358,23190
41359,23440
41360,23429
41361,23428
41362,23401
41363,21760
41364,23444
41365,23444
41366,23020
41367,23464
41368,23443
41369,21561
41370,23073
41371,22528
41372,23376
41373,22490
41374,22490
41375,23296
41376,23442
41377,22711
41378,23454
41379,23475
41380,23456
41381,23465
41382,23151
41383,21126
41384,23478
41385,23450
41386,23351
41387,22815
41388,23455
41389,23477
41390,23127
41391,23471
41392,23134
41393,23015
41394,22527
41395,22970
41396,23397
41397,23481
41398,23482
41399,23340
41400,23483
41401,23484
41403,23487
41404,23488
41405,23463
41406,23472
41407,23468
41408,23473
41409,23329
41410,23070
41411,23073
41412,22993
41413,23131
41414,22753
41415,22207
41416,22474
41417,22612
41418,22301
41419,23466
41420,23023
41421,22746
41422,23450
41423,22793
41424,23476
41425,23480
41426,22793
41427,22997
41428,22711
41429,23068
41430,
41431,23376
41432,21561
41433,23208
41434,21833
41435,21981
41436,23073
41437,23464
41438,23143
41439,17626
41440,23439
41441,23513
41442,23507
41443,23461
41444,21889
41445,21889
41446,23416
41447,23487
41448,23183
41449,23182
41450,23189
41451,23188
41452,23190
41453,23181
41454,23505
41455,23323
41456,23492
41457,23493
41458,23497
41459,23408
41460,15957
41461,16286
41462,22603
41463,23360
41464,23482
41465,18733
41466,23479
41467,23479
41468,22676
41469,23508
41470,23499
41471,22721
41472,23515
41473,
41474,23512
41475,23299
41476,22780
41477,23365
41478,23362
41479,23354
41480,22980
41481,23256
41482,23519
41483,22819
41484,23259
41485,23264
41486,23265
41487,23269
41488,23522
41489,21758
41490,21758
41491,23457
41492,23494
41493,23502
41494,23500
41495,23490
41496,23491
41497,22306
41498,22306
41499,23516
41500,23516
41501,23516
41502,23516
41503,21912
41504,23489
41505,23504
41506,23518
41507,23408
41508,23181
41509,23094
41510,23360
41511,23258
41512,23260
41513,23260
41514,23267
41515,23267
41516,23266
41517,23266
41518,23391
41519,23301
41520,21002
41521,23182
41522,22794
41523,22983
41524,22301
41525,23001
41526,23000
41527,22655
41528,23501
41529,23501
41530,23424
41531,23444
41532,23542
41533,23188
41534,23189
41535,23477
41536,23543
41537,23070
41538,23189
41539,23495
41540,23496
41541,23511
41542,22802
41543,22796
41544,22803
41545,23553
41546,23552
41547,23551
41548,23547
41549,23546
41550,23513
41551,23461
41552,23468
41553,23523
41554,23301
41555,23490
41556,23301
41557,23165
41558,23484
41559,23456
41560,23525
41561,23374
41562,23436
41564,23539
41565,23537
41566,23190
41567,23526
41568,23535
41569,23328
41570,18733
41571,18733
41572,17626
41573,22775
41574,23545
41575,23494
41576,23548
41577,23549
41578,23550
41579,23540
41580,21758
41581,23541
41582,21981
41583,23188
41584,22775
41585,22589
41586,21833
41587,23376
41588,23068
41589,23079
41590,23083
41591,23084
41592,23462
41593,23180
41594,23531
41595,23533
41596,23536
41599,23528
41600,23178
41601,23179
41602,23167
41603,23070
41607,23619
41608,23284
41609,23162
41611,23527
41612,22207
41613,23458
41614,23521
41615,22788
41616,23099
41617,22983
41618,22474
41619,23453
41620,23444
41621,23472
41622,23190
41623,23188
41624,23182
41625,23189
41626,23002
41627,23101
41628,21801
41629,22810
41630,22794
41631,23001
41632,23001
41633,23299
41634,23021
41635,23499
41636,23393
41637,23476
41638,23448
41639,23400
41640,23431
41641,23560
41642,23558
41643,21474
41644,23328
41645,23470
41646,23592
41647,23374
41648,23425
41649,23598
41650,23468
41651,23559
41652,23583
41653,23460
41654,23461
41655,23562
41656,23595
41657,10944
41658,23602
41659,23603
41660,23542
41661,23594
41662,23106
41663,23516
41664,23597
41665,23597
41666,23597
41667,23597
41668,23597
41669,23597
41670,23597
41671,23431
41672,20697
41673,23400
41674,23609
41675,23609
41676,22585
41677,22369
41678,23499
41679,22976
41680,23265
41681,23579
41682,23568
41683,23619
41684,23619
41685,23619
41686,23619
41687,23619
41688,23596
41689,23284
41690,23003
41691,22612
41692,23393
41693,23323
41694,23548
41695,23496
41696,23523
41697,23331
41699,23399
41700,23519
41701,17956
41702,23157
41703,23555
41704,23555
41705,23610
41706,23606
41707,23556
41708,23557
41709,23301
41710,23391
41711,22574
41712,18655
41713,22793
41714,23474
41715,23620
41716,23600
41717,23477
41718,22281
41719,20697
41720,23605
41721,22819
41722,23448
41723,23408
41724,23407
41725,23619
41726,23473
41727,23021
41728,23475
41729,23570
41730,12955
41731,23424
41732,
41733,
41734,
41735,10944
41736,23611
41737,23604
41738,23599
41739,23215
41740,23526
41741,22374
41742,23628
41743,23647
41744,23634
41745,23021
41746,23648
41747,23637
41748,22780
41749,23360
41751,22585
41752,23480
41753,23189
41754,23143
41755,23608
41756,23651
41757,23627
41758,23175
41759,10944
41760,10944
41761,10944
41762,22529
41763,22528
41764,22711
41765,23015
41766,22769
41767,23601
41768,23652
41769,23652
41770,23460
41771,23559
41772,23583
41773,23633
41774,23636
41775,23638
41776,23640
41777,23468
41778,23595
41779,23386
41780,23519
41781,23406
41782,23621
41783,23622
41784,4327
41785,23457
41786,22897
41787,23592
41788,23544
41789,23494
41790,23425
41791,23641
41792,23608
41793,22902
41794,18733
41795,23479
41796,23479
41797,22425
41798,22425
41799,23342
41800,21914
41801,21961
41802,21961
41803,23559
41804,23656
41805,22207
41806,21833
41807,23547
41808,22978
41809,23657
41810,22984
41811,23039
41812,23475
41813,23489
41814,23653
41815,23660
41816,23021
41817,23342
41818,23628
41819,22527
41820,23634
41821,23650
41822,23639
41823,23652
41824,23652
41825,23653
41826,23609
41828,23476
41829,23167
41830,23082
41831,22971
41832,23609
41833,23656
41834,23470
41835,21981
41836,23603
41837,23668
41838,23668
41839,23506
41840,23636
41841,23476
41842,22369
41843,21757
41844,22655
41846,23266
41847,23447
41848,23547
41849,23594
41850,23640
41851,23654
41852,23165
41853,23666
41854,23397
41855,23215
41856,23391
41857,23276
41858,23523
41859,23663
41860,23655
41861,22527
41862,23479
41863,23604
41864,22314
41865,23452
41866,23622
41867,23672
41868,23470
41869,23660
41870,23002
41871,22769
41872,23475
41873,23677
41875,22585
41876,22538
41877,21961
41878,22793
41879,23669
41880,23669
41881,23413
41882,23447
41883,23665
41884,23567
41885,21801
41886,23162
41887,22959
41888,23097
41889,22746
41890,23457
41891,23662
41892,23659
41893,23563
41894,22711
41895,23693
41896,23266
41897,23027
41898,23540
41899,23015
41900,23672
41901,23673
41902,23687
41903,23683
41904,23682
41906,23702
41907,23665
41908,20697
41909,23704
41910,22807
41911,21981
41912,23600
41913,23547
41914,23638
41915,23679
41916,23680
41917,23706
41918,23707
41919,23516
41920,23516
41921,23711
41923,22589
41925,23158
41926,23690
41927,23689
41928,23713
41929,22793
41930,22993
41931,23464
41932,23444
41933,23391
41934,23167
41936,22794
41937,22976
41938,22529
41939,23717
41940,21912
41941,23675
41942,23691
41943,23691
41944,23686
41945,22655
41946,23690
41947,22538
41948,22270
41949,23674
41950,23676
41951,22655
41952,22655
41953,22655
41954,22655
41955,22655
41956,22655
41957,22655
41958,23407
41959,23664
41960,21961
41961,23481
41962,23718
41963,23527
41964,22369
41965,23688
41966,22803
41967,23349
41968,23376
41969,23349
41970,23461
41971,23720
41972,23604
41973,23622
41974,23721
41975,23367
41976,23716
41977,2964
41978,2964
41979,23622
41980,23661
41981,23722
41982,23453
41983,23453
41984,23453
41986,23700
41987,23671
41988,23444
41989,23473
41990,23718
41991,23721
41992,22803
41993,20697
41994,23480
41995,23719
41996,21961
41997,23476
41998,23452
41999,23691
42000,23470
42003,22369
42004,23499
42005,23393
42006,23508
42007,23460
42008,23464
42009,23745
42010,23735
42011,23735
42012,22769
42013,23391
42014,23622
42015,23724
42016,23723
42017,23727
42018,23118
42019,23119
42020,23120
42021,23121
42022,23744
42023,23742
42024,23668
42025,23743
42026,23123
42027,23668
42028,23444
42029,22269
42030,22268
42031,22267
42032,22266
42033,22265
42034,22264
42035,23679
42036,22374
42037,23707
42038,23736
42039,23399
42040,22527
42041,23535
42044,23713
42045,21633
42046,23565
42047,23101
42048,21633
42049,23450
42050,23453
42051,21633
42052,23453
42053,22540
42054,23458
42055,22297
42056,23520
42057,23520
42066,23669
42067,23450
42068,22612
42069,21633
42070,23732
42071,23731
42072,23686
42073,23712
42074,23705
42075,23455
42076,23650
42077,23205
42078,23157
42079,23622
42080,21981
42082,23688
42083,23691
42084,23683
42085,23689
42086,23453
42087,23458
42088,23696
42089,22794
42090,23698
42093,21963
42094,23701
42095,22748
42096,22743
42097,21561
42098,22788
42099,22788
42100,22788
42102,22788
42103,23669
42104,22746
42105,23003
42106,23003
42107,23355
42108,23162
42110,23097
42111,22959
42112,22301
42113,22474
42114,21801
42115,23748
42116,23750
42117,22540
42118,23751
42119,22939
42120,23751
42121,23752
42122,23752
42123,23753
42124,23754
42125,23453
42126,20697
42127,23721
42128,21981
42129,23686
42130,23688
42131,23683
42132,22976
42134,23757
42135,23498
42136,21874
42137,23758
42138,23579
42139,23711
42140,23761
42141,23728
42142,23729
42143,23756
42144,20166
42145,21961
42146,23767
42147,22512
42149,23760
42153,23749
42155,15118
42160,23326
42161,2831
42162,23460
42163,23731
42164,23736
42165,22270
42166,23464
42167,22268
42168,23444
42169,23774
42170,22269
42171,23764
42172,20697
42173,21757
42176,23367
42177,22780
42178,23689
42179,23775
42180,23470
42181,23691
42182,23766
42183,23747
42184,23485
42185,22803
42186,23743
42187,23663
42188,23608
42189,23143
42190,23779
42194,21981
42195,23263
42196,23525
42197,23409
42198,23501
42199,23503
42200,23619
42201,23555
42202,22585
42203,23622
42204,23782
42205,23766
42206,22374
42207,23032
42208,23778
42209,12955
42210,2964
42211,23776
42212,17626
42213,23555
42214,2831
42215,23673
42216,23783
42217,23784
42218,23691
42219,22527
42220,23777
42221,21835
42222,23118
42223,23120
42224,23121
42225,23604
42226,23481
42227,23711
42228,23375
42229,23375
42230,23375
42231,23375
42233,23375
42234,23375
42235,23790
42236,23781
42237,23138
42238,23138
42240,23528
42241,23538
42242,23083
42243,23084
42244,23635
42245,23635
42246,23635
42247,23635
42248,23635
42249,14916
42250,21497
42251,23609
42252,
42253,
42254,22903
42255,17635
42256,23453
42257,23725
42258,23679
42259,23779
42260,23622
42261,23735
42262,22780
42263,23205
42264,23776
42265,21914
42267,23744
42268,23742
42269,23793
42270,23367
42271,23765
42272,23765
42273,23444
42274,23447
42275,23447
42276,23713
42277,23664
42278,23393
42279,23767
42280,23472
42281,23758
42282,23689
42283,23691
42284,23458
42285,23768
42286,21564
42287,23685
42288,22721
42289,23770
42290,23772
42291,23773
42292,23803
42293,23803
42294,23800
42295,23806
42296,23805
42297,23807
42298,23807
42299,21757
42300,23809
42301,23808
42302,23756
42303,23775
42304,21961
42305,22369
42306,23713
42307,23664
42308,23767
42309,23393
42310,23749
42311,23609
42312,23689
42313,23758
42314,23691
42315,23772
42316,23688
42318,23788
42319,
42320,22529
42321,22975
42322,16449
42323,23816
42324,23819
42325,23817
42326,23735
42327,23826
42328,23827
42329,23802
42330,23768
42331,23812
42332,23767
42333,17635
42334,23393
42335,23609
42336,23749
42337,23705
42338,21961
42339,21757
42340,23133
42341,23039
42342,23779
42343,23714
42344,23639
42345,23815
42346,
42350,
42351,
42352,
42353,
42354,23520
42355,23520
42356,23520
42357,23520
42358,23520
42359,23520
42360,23520
42361,23520
42362,23472
42364,23831
42365,23814
42366,23656
42367,23194
42368,23832
42369,23520
42370,4327
42371,4327
42372,22788
42373,22267
42374,22266
42375,22265
42376,22264
42377,23833
42378,23393
42379,23806
42380,23716
42381,23835
42382,23158
42384,23836
42385,22527
42386,23838
42387,23752
42388,23691
42389,23841
42390,23839
42391,23840
42392,21874
42393,23855
42394,23837
42395,23516
42396,23555
42397,23858
42398,23859
42399,23720
42400,23597
42401,23597
42402,23863
42403,23831
42404,23713
42405,23664
42406,23767
42407,23393
42408,23854
42409,23864
42410,23864
42411,23862
42413,23826
42414,23838
42415,23827
42416,23691
42417,23768
42418,23688
42422,23868
42423,23464
42424,23326
42425,23777
42426,23818
42428,23472
42429,23099
42430,23599
42431,23495
42432,23869
42433,22207
42434,23782
42435,23819
42436,23871
42437,23824
42438,23886
42439,23817
42440,23728
42442,22589
42443,23334
42444,18670
42445,23788
42447,23887
42448,23688
42449,23744
42450,23882
42451,23609
42452,23793
42453,23133
42454,23143
42456,23555
42457,23735
42458,23864
42459,23864
42460,23756
42461,23866
42462,23872
42463,23743
42464,23173
42465,23767
42466,23393
42467,23039
42468,23841
42469,23749
42470,21757
42471,21961
42472,23839
42473,23700
42474,22993
42475,23685
42476,23685
42477,23455
42478,23757
42479,22976
42480,23888
42481,23301
42482,23470
42483,23480
42484,23890
42485,23884
42486,12965
42487,12965
42488,12965
42489,12965
42490,12965
42491,12965
42492,12965
42493,12965
42495,23528
42496,23883
42497,23301
42498,23400
42499,23448
42500,23499
42501,23718
42503,23476
42504,22369
42505,23880
42506,23880
42507,23891
42508,21757
42509,23542
42510,23827
42511,23788
42512,23663
42513,23508
42514,23497
42515,23877
42516,23138
42517,23138
42518,23084
42519,23875
42520,23874
42521,23789
42522,23862
42523,17956
42524,19471
42525,23854
42526,23688
42527,23865
42528,23826
42529,23688
42530,23827
42531,23857
42532,23794
42533,22788
42534,22788
42535,22788
42536,22788
42537,23413
42538,23412
42539,17805
42540,23527
42541,22512
42542,23447
42543,22612
42544,23777
42545,23817
42546,23781
42548,23874
42549,23907
42550,23907
42551,23907
42552,23882
42553,23729
42554,23728
42555,23691
42556,22976
42557,23905
42558,23783
42559,23823
42560,23894
42561,23910
42562,23818
42563,23579
42564,23889
42565,23825
42566,23722
42568,23893
42569,22975
42570,23885
42571,21757
42572,23913
42573,23711
42574,23916
42575,23916
42576,23839
42577,23916
42578,23409
42579,23542
42580,23663
42581,23497
42582,23749
42583,23775
42584,23136
42585,23832
42586,23609
42587,23609
42588,23879
42589,23326
42590,23898
42591,22769
42592,23871
42593,23817
42594,23914
42595,23915
42596,23854
42597,23918
42598,23917
42599,23916
42600,23743
42601,19652
42602,23864
42603,23924
42604,23923
42605,23923
42606,23925
42607,23925
42608,23925
42610,23728
42611,23688
42612,
42613,
42614,23929
42615,23729
42616,21927
42617,23936
42618,23936
42619,23936
42620,23908
42621,23822
42622,23948
42623,23608
42624,23608
42625,23608
42626,23905
42627,23926
42628,23749
42629,23039
42630,23951
42631,23890
42632,23173
42633,23173
42634,20822
42636,23953
42638,23954
42639,23879
42640,23914
42641,23679
42642,23932
42643,23821
42644,23821
42645,23712
42646,23516
42647,23934
42648,23935
42650,23928
42652,23937
42653,23749
42654,23888
42655,21757
42656,23448
42657,23718
42658,23499
42659,23470
42660,21961
42661,23950
42662,23542
42663,21961
42664,23943
42665,23942
42666,23508
42667,23939
42668,23940
42669,22369
42670,23497
42671,23476
42672,23663
42673,23952
42674,23952
42675,18438
42676,18438
42677,23123
42679,23121
42680,23941
42681,23959
42682,22655
42683,22655
42684,23743
42685,23175
42686,23892
42687,23520
42688,23520
42689,23520
42690,23964
42691,23965
42692,23728
42693,23326
42694,23818
42695,23820
42696,23820
42697,23820
42698,23820
42699,22512
42700,23956
42701,23957
42702,23958
42703,23969
42704,23772
42705,23970
42706,23692
42707,23769
42708,23773
42709,23813
42710,23830
42711,23829
42712,23828
42713,23771
42714,23962
42715,23856
42716,23963
42717,23965
42718,23830
42719,23769
42720,23856
42721,23772
42722,23963
42723,23862
42724,23771
42725,23973
42726,23947
42727,23520
42728,23949
42729,23946
42730,23975
42731,23971
42732,23498
42733,23498
42734,23856
42735,23964
42736,23173
42737,378
42738,23301
42739,23977
42740,23972
42741,23948
42742,23735
42743,23525
42744,23961
42745,23961
42746,23961
42747,12955
42748,12955
42749,23448
42750,23718
42751,23499
42752,23749
42753,23173
42755,23876
42756,23685
42757,23981
42758,23765
42759,23878
42760,23934
42761,23824
42762,23932
42763,24013
42764,23950
42765,23743
42766,19165
42767,4327
42768,4327
42769,22490
42770,22490
42771,23985
42772,23974
42773,23470
42774,23971
42775,23991
42776,24014
42777,22589
42778,23951
42779,24016
42780,24009
42781,24009
42782,23803
42783,24017
42784,24017
42785,23173
42786,23728
42787,23728
42788,23729
42789,23729
42790,23862
42791,23961
42792,24012
42793,23472
42794,23818
42795,21422
42796,24020
42797,23622
42798,24018
42799,24019
42800,24022
42802,23885
42803,23173
42804,23206
42805,23885
42806,22788
42807,22788
42808,23457
42809,23933
42810,21564
42812,22748
42813,24032
42814,24028
42815,24029
42816,22474
42817,22959
42818,23567
42819,23662
42820,23899
42821,22382
42822,24030
42824,22746
42825,24034
42826,24036
42830,24043
42831,24043
42832,24043
42834,23771
42835,23823
42836,24041
42837,23749
42838,23608
42839,23769
42840,24035
42841,23973
42842,23828
42843,23975
42844,21757
42846,23928
42847,23951
42848,22585
42849,23905
42850,23301
42851,23301
42852,21961
42853,21961
42854,22585
42855,23991
42856,23082
42857,22971
42858,23735
42859,22589
42860,24033
42861,24040
42862,23892
42863,23892
42864,23893
42865,23893
42866,23941
42867,23940
42868,23939
42869,23779
42870,23950
42871,23173
42872,23375
42873,23951
42874,23748
42875,23951
42876,24054
42877,24054
42878,24054
42879,23803
42880,23803
42881,23884
42883,23874
42884,23883
42885,24052
42886,24053
42887,24062
42888,20822
42889,24064
42890,23943
42891,24065
42892,24067
42893,23814
42894,24069
42895,23970
42896,24071
42897,24055
42898,24063
42899,23934
42900,23650
42901,23714
42902,23714
42903,24066
42904,24068
42905,23485
42906,23961
42908,23961
42909,24020
42910,24052
42912,23520
42913,24018
42914,24061
42915,23906
42916,19165
42917,24079
42918,23911
42919,24080
42920,24054
42921,22299
42922,22788
42923,24028
42924,23082
42925,22585
42926,22971
42927,24070
42928,23946
42929,23985
42930,
42931,23862
42932,21961
42933,23622
42934,23749
42936,23876
42937,23476
42938,23476
42939,24033
42940,23136
42941,23719
42942,24078
42943,23173
42944,23961
42945,23947
42946,24022
42947,23729
42948,23940
42949,23520
42950,23803
42951,23520
42952,23520
42953,23520
42954,18332
42955,23520
42956,24084
42957,24085
42958,21757
42959,24089
42960,23862
42961,23973
42962,23768
42963,23963
42964,23830
42965,23829
42966,23963
42967,23768
42968,23773
42969,23973
42970,23830
42971,24094
42972,24094
42973,24094
42974,22803
42975,23349
42976,24023
42977,24042
42978,24025
42979,23933
42980,23901
42981,24023
42982,23457
42984,23099
42985,23857
42986,24026
42987,24083
42988,23875
42989,23880
42990,23885
42991,23334
42992,21961
42993,23985
42994,22490
42995,24109
42996,24073
42997,24108
42998,24093
42999,24093
43000,24099
43001,23485
43002,24089
43005,24112
43006,23728
43007,23728
43008,24045
43009,24047
43010,24050
43011,24051
43012,24051
43013,23644
43014,24051
43015,24051
43016,23644
43017,24051
43019,23520
43021,24103
43023,24066
43024,23985
43025,23941
43026,23934
43027,23173
43028,23173
43029,24090
43030,23460
43031,24101
43032,24104
43033,12955
43034,24091
43035,24082
43036,24114
43037,22803
43039,23804
43041,24092
43042,23951
43043,24048
43044,23751
43045,23753
43046,23754
43047,23890
43048,22585
43049,24074
43050,23924
43051,24118
43052,24028
43053,24098
43055,24121
43056,23476
43057,23771
43058,23082
43059,22369
43060,24120
43061,22490
43062,23885
43063,24119
43064,24119
43065,24115
43066,24116
43067,24116
43068,24116
43069,24063
43070,24019
43071,24018
43072,21633
43073,21497
43077,23856
43078,23856
43079,23771
43080,22538
43081,23173
43082,23951
43083,24124
43084,24123
43085,24122
43087,23804
43089,23375
43090,23375
43092,23803
43093,23789
43094,23911
43095,23754
43096,23954
43097,23749
43098,21757
43099,21681
43100,21681
43101,21681
43102,21681
43103,22585
43104,23082
43105,22971
43106,23476
43108,23953
43109,18334
43110,23890
43111,22314
43112,22573
43113,24100
43114,24125
43115,23201
43116,23201
43119,24136
43120,23749
43122,23476
43124,23082
43126,23890
43127,24134
43128,23644
43129,23644
43130,23533
43131,23485
43133,23536
43134,23083
43136,23635
43137,23635
43138,23635
43139,24137
43140,24013
43141,23201
43142,24019
43143,4327
43144,24141
43145,23816
43146,24142
43147,24143
43148,24144
43149,24145
43150,22788
43151,22788
43152,22207
43153,23457
43154,23173
43155,23805
43156,24132
43157,23597
43158,23597
43159,23597
43160,23597
43161,23597
43162,23597
43163,23597
43164,23597
43165,4327
43166,24016
43167,24138
43168,24020
43169,23946
43170,24147
43171,21497
43172,24148
43173,24147
43174,24148
43175,23834
43176,23301
43177,24113
43178,23828
43180,23890
43181,24151
43182,23173
43183,23173
43184,23951
43185,18334
43186,24172
43187,24127
43188,24174
43189,23980
43190,23322
43191,24178
43192,23173
43193,24173
43194,23890
43195,21681
43196,23485
43197,24133
43199,22710
43200,24181
43201,23803
43202,23485
43203,24188
43205,23301
43206,24119
43207,24119
43209,24105
43210,24189
43211,24189
43212,24130
43214,17805
43216,23907
43217,23908
43218,23698
43219,24031
43220,22710
43221,21757
43222,24190
43223,24096
43225,24096
43226,17805
43227,24192
43228,24192
43229,24195
43230,24195
43231,24196
43232,23820
43233,23820
43234,23957
43235,23956
43236,23173
43237,23936
43238,24074
43239,23963
43240,23963
43241,22237
43242,23204
43243,22710
43245,24087
43246,23458
43247,23701
43248,22297
43249,24082
43250,24177
43251,23919
43252,24194
43254,24197
43255,23862
43256,24063
43257,24146
43258,23977
43259,24206
43260,24206
43262,24240
43264,23475
43265,24172
43266,24208
43267,18334
43268,23890
43269,22727
43270,24223
43271,24224
43272,23516
43273,24204
43274,22788
43275,24013
43276,23537
43277,24236
43278,23955
43279,24121
43280,24226
43281,23888
43283,24173
43284,23301
43285,23475
43286,21757
43287,23400
43288,23803
43289,22971
43290,22585
43291,24194
43292,23201
43294,23485
43295,24219
43296,24209
43297,24210
43298,23173
43299,23173
43300,24222
43301,24120
43302,21633
43303,23951
43304,24234
43305,24116
43306,24116
43307,24241
43308,23958
43309,23700
43310,24233
43311,23856
43312,23400
43313,22585
43314,24237
43315,24238
43316,23386
43317,23386
43318,24174
43319,24194
43320,23204
43321,17849
43323,21961
43324,21961
43325,21961
43326,24107
43327,23991
43328,24095
43329,24095
43330,24218
43331,24147
43332,24147
43333,22971
43334,21757
43335,23960
43336,24239
43337,24125
43338,24198
43340,24085
43341,24119
43342,24119
43343,24120
43344,24120
43345,24120
43346,23856
43347,24223
43348,23856
43349,23719
43351,24175
43353,24081
43355,24081
43356,24081
43357,24173
43358,23771
43359,18334
43360,24246
43361,23173
43362,24257
43363,24204
43364,21224
43365,23457
43366,24256
43367,23794
43368,23824
43369,23567
43370,23901
43371,24240
43372,24240
43373,24026
43374,24239
43375,22207
43376,20255
43377,21963
43378,23622
43379,24241
43381,24072
43382,24260
43383,23201
43384,22775
43385,23722
43386,24208
43387,24242
43388,23951
43389,23326
43390,24261
43391,24239
43392,24261
43393,24240
43394,24248
43395,24248
43396,24248
43398,18541
43399,24263
43400,23400
43401,22585
43402,22971
43403,24219
43404,24134
43405,24127
43406,24258
43407,24161
43408,24161
43409,24162
43410,24162
43411,24249
43412,24251
43413,24242
43414,24199
43415,24205
43416,21681
43417,24138
43418,24082
43419,23339
43420,23892
43421,24070
43422,24149
43423,23960
43424,22971
43425,24095
43426,24218
43427,23497
43428,21757
43429,23480
43430,22369
43431,21497
43432,22585
43433,23400
43434,24200
43435,23146
43436,24201
43437,24202
43438,24202
43439,19471
43440,22573
43441,24216
43442,24220
43443,24225
43444,24225
43445,24225
43446,24225
43447,24225
43448,24225
43449,24225
43450,24227
43451,24245
43452,23679
43453,24221
43454,24150
43455,24217
43456,21757
43457,23663
43459,23542
43460,23508
43461,23925
43463,21961
43464,24129
43465,23991
43466,23136
43467,24255
43468,24255
43469,24147
43470,24008
43471,22369
43472,24223
43473,24074
43474,23856
43475,23771
43476,23856
43477,24074
43478,23771
43479,24223
43480,23963
43481,24247
43482,24228
43483,23455
43484,24083
43485,23698
43486,24023
43487,24096
43488,24277
43490,24275
43491,24279
43492,24276
43493,23339
43494,24173
43495,24264
43496,24136
43497,24274
43498,24107
43499,22369
43500,24273
43501,24218
43502,24127
43503,24283
43504,24284
43505,24240
43506,23834
43507,24252
43508,24281
43509,24271
43510,24270
43511,24162
43512,24274
43513,23301
43514,24116
43515,24116
43516,24116
43517,24116
43518,24116
43519,24119
43520,24120
43521,24285
43522,24232
43523,24269
43524,24259
43525,24175
43526,24289
43527,24272
43528,24282
43530,24260
43531,23803
43532,24257
43533,23804
43534,22803
43535,24243
43536,12965
43537,24107
43538,23991
43539,24291
43540,24294
43541,23880
43542,23978
43543,23722
43544,22775
43545,23480
43546,23756
43547,24242
43548,23497
43550,24286
43551,24136
43552,24077
43555,24235
43556,24216
43557,24290
43558,23960
43560,12955
43561,22490
43562,23173
43563,24232
43564,23834
43565,24173
43566,23936
43567,23936
43568,24238
43569,23118
43570,23984
43571,24312
43572,24048
43574,24049
43575,24049
43576,24271
43577,24237
43578,22369
43579,21961
43580,23821
43581,18334
43582,24314
43583,24314
43584,24291
43585,24303
43586,24138
43587,24138
43588,24313
43589,24310
43590,24306
43591,24302
43592,21497
43593,23508
43594,24095
43595,4327
43596,4327
43597,24311
43598,24319
43599,24128
43600,24300
43601,24161
43602,24042
43603,23662
43604,24316
43605,22788
43607,24194
43608,23960
43609,23635
43610,23118
43611,23756
43612,24318
43614,23644
43615,23644
43617,24309
43618,24307
43619,24308
43620,23856
43621,23963
43622,24173
43623,23542
43624,24298
43625,24299
43626,23925
43628,24323
43629,22612
43630,22301
43631,24321
43632,23663
43633,23663
43634,23497
43635,24128
43636,24092
43637,23656
43639,24326
43640,24325
43645,23498
43647,24297
43650,24277
43651,24241
43652,24241
43653,24237
43654,20166
43656,23856
43657,23475
43658,24339
43659,24208
43660,18334
43661,24342
43662,24319
43663,23375
43664,24173
43665,23375
43666,23375
43667,23375
43669,24337
43670,23173
43671,18541
43672,24341
43673,24291
43674,23890
43675,23890
43676,23542
43677,23508
43678,24234
43679,24129
43680,24343
43681,24335
43682,24232
43683,24330
43684,24330
43685,24338
43686,24338
43687,24340
43689,24194
43690,23924
43692,23756
43693,24333
43694,24333
43696,22301
43697,24346
43698,24147
43699,23960
43700,24049
43701,23480
43702,24095
43703,24349
43704,18334
43705,24173
43706,23925
43707,23820
43708,23820
43709,24339
43710,24328
43711,24245
43712,24008
43713,23987
43714,23508
43715,23961
43716,24205
43717,24309
43718,23719
43719,23719
43720,24345
43721,24355
43722,24290
43723,23960
43724,23960
43725,24288
43726,24096
43727,22788
43728,24304
43729,23899
43730,22145
43731,23794
43732,23458
43733,21801
43734,24276
43735,24312
43736,24363
43737,24277
43740,23386
43741,24370
43742,23386
43743,24128
43744,23756
43745,24350
43746,24174
43747,24296
43748,24351
43749,24352
43750,24353
43752,22775
43753,24375
43754,23480
43755,24358
43756,24360
43757,24361
43758,23173
43759,24008
43760,23890
43761,24261
43762,24234
43763,24357
43764,24364
43766,24365
43767,24377
43768,24233
43769,24282
43770,24194
43772,23663
43773,23663
43774,24249
43775,24329
43776,24173
43777,23924
43778,24228
43779,24218
43780,24379
43781,23840
43782,24272
43783,22369
43784,23508
43785,24318
43786,23919
43787,23542
43788,24293
43789,24292
43790,24359
43791,24162
43792,24259
43793,24190
43794,24143
43795,24318
43796,24287
43797,4327
43798,23386
43799,23457
43800,24162
43801,24257
43802,23821
43803,20255
43804,24382
43805,24383
43806,24384
43807,24385
43808,24386
43809,24206
43810,24206
43811,21422
43812,24217
43813,24217
43814,24371
43815,24374
43816,24345
43817,24372
43818,24381
43819,23961
43820,23961
43821,24365
43822,24149
43823,24194
43824,23924
43825,24218
43826,24312
43827,24296
43828,24360
43829,24174
43830,24173
43831,23173
43832,23542
43833,23542
43834,24401
43835,23528
43836,23079
43837,23756
43838,24268
43839,23531
43841,24404
43842,23533
43843,21561
43844,24267
43845,23663
43848,24116
43849,23644
43850,23919
43851,24393
43852,24096
43853,24173
43854,24395
43856,24405
43860,24412
43861,23355
43862,24413
43863,24366
43864,24253
43865,24300
43866,24042
43867,24128
43868,23890
43869,23719
43870,23173
43871,24221
43872,24205
43873,23834
43874,24389
43875,24376
43876,23825
43877,24400
43878,24399
43879,23619
43880,24147
43881,24397
43882,24408
43883,23532
43884,23530
43885,24414
43887,24235
43888,24403
43889,24290
43891,24173
43892,24128
43893,24408
43894,22207
43895,24354
43896,24269
43897,24398
43898,23326
43899,24244
43900,23671
43901,23173
43902,23542
43903,24003
43904,24002
43905,24006
43906,23386
43907,23508
43908,23756
43909,23480
43910,24095
43911,21961
43912,24415
43913,24416
43914,24416
43915,24417
43916,24418
43917,22775
43918,24371
43919,24350
43920,21961
43921,22589
43922,22589
43923,24095
43924,23508
43925,23756
43926,23542
43927,23480
43928,24414
43929,24147
43930,24148
43932,23820
43933,24228
43934,24387
43935,24296
43936,24312
43937,23173
43938,24388
43939,24391
43941,23756
43942,23542
43943,23508
43944,23480
43945,24132
43946,24096
43947,21224
43948,24421
43950,24277
43951,20166
43952,24392
43953,24128
43954,24241
43955,24296
43956,24361
43957,24296
43958,24361
43959,24358
43960,24358
43961,24359
43963,24237
43964,23079
43966,23528
43968,24488
43969,24173
43970,22788
43972,24391
43973,23173
43974,23173
43975,24437
43976,23722
43977,24426
43978,24387
43979,23542
43980,24324
43981,23663
43982,23907
43983,24433
43984,24451
43985,24430
43986,24350
43987,24431
43988,24095
43989,24290
43990,21961
43991,24002
43992,24443
43993,24443
43994,24255
43995,23003
43996,21422
43997,24423
43998,24435
43999,23840
44000,24200
44001,24393
44002,24405
44003,24190
44004,24438
44005,22207
44006,24025
44007,24439
44009,17849
44010,23834
44011,24202
44013,24436
44014,24299
44015,24298
44016,23936
44017,24397
44018,24455
44019,24233
44020,23834
44021,24456
44022,24456
44023,24456
44024,24148
44025,24441
44026,24282
44027,24414
44028,24269
44029,24457
44030,24148
44031,24290
44032,23821
44033,23001
44034,24297
44035,22794
44036,22793
44037,23000
44038,24459
44039,24462
44040,21961
44041,24095
44042,24442
44043,22788
44044,24461
44045,24413
44047,22589
44048,24463
44049,24243
44050,23173
44051,22803
44052,24464
44053,24255
44055,24174
44056,24454
44057,24389
44058,24371
44059,17516
44060,24148
44061,24465
44062,24460
44063,
44064,24277
44065,
44066,
44067,24247
44068,24292
44069,24191
44070,24420
44071,24452
44072,24422
44073,24453
44074,23375
44075,23375
44076,23375
44077,24358
44078,24361
44079,24296
44080,24002
44081,24471
44082,19471
44083,23530
44084,24415
44085,24128
44086,24194
44087,24194
44088,24472
44089,24237
44090,22490
44091,22490
44092,24468
44093,23173
44094,22589
44095,22589
44096,22589
44097,22589
44098,22589
44099,24465
44100,24189
44101,24465
44102,24148
44103,24474
44104,24473
44105,24221
44106,23326
44107,24475
44108,23974
44109,23299
44110,24482
44111,
44113,24006
44114,24001
44115,24007
44116,24007
44117,24005
44118,23919
44119,24478
44120,24202
44121,24476
44122,24487
44123,378
44124,24461
44125,23803
44126,23803
44127,24215
44128,23536
44129,24438
44130,24481
44131,24298
44132,24465
44133,23961
44134,24480
44135,24483
44136,24483
44137,11966
44138,24485
44139,23972
44140,24477
44141,24484
44142,24488
44143,24489
44145,24279
44146,24491
44147,24349
44148,24492
44151,24493
44152,24493
44153,24493
44154,14916
44155,23173
44156,23907
44157,24081
44158,24175
44160,24191
44162,22538
44163,23580
44164,24503
44165,24461
44166,24190
44167,24296
44168,22589
44169,24443
44170,24497
44171,23173
44172,24255
44173,24255
44174,24227
44176,4327
44177,22788
44178,23961
44179,23961
44180,24486
44181,378
44182,24405
44183,23386
44184,22589
44185,24189
44186,23536
44187,24439
44188,21961
44189,23756
44190,24507
44191,24507
44192,24498
44193,24504
44194,24501
44195,24506
44196,24506
44197,24506
44198,23961
44199,24386
44200,24401
44201,24148
44202,23961
44203,23961
44204,24508
44205,23961
44206,23834
44207,24294
44208,23936
44209,24194
44210,24409
44211,23033
44212,24334
44213,24510
44214,24478
44215,24128
44216,24334
44217,23820
44218,24511
44219,24467
44220,24237
44221,24440
44222,19963
44223,24517
44224,21564
44225,23406
44226,24520
44227,
44228,23138
44229,24521
44230,23528
44231,24514
44232,
44233,24462
44234,24194
44235,23924
44236,24194
44237,23924
44238,21633
44239,23542
44240,24522
44241,24523
44242,24513
44243,24457
44244,21961
44245,24515
44246,24516
44247,24090
44248,24518
44249,24519
44250,23663
44251,24478
44252,24478
44253,23033
44254,23158
44255,23158
44256,23158
44257,23158
44258,23158
44259,23158
44260,23158
44262,23158
44263,23158
44264,23159
44265,23159
44266,23159
44267,23159
44268,23159
44269,23159
44270,23159
44271,23159
44272,23159
44273,23159
44274,24476
44275,24148
44276,24147
44277,24191
44278,24488
44279,24488
44280,24378
44281,24081
44282,24486
44283,24253
44284,24128
44285,24455
44286,24527
44287,24505
44288,24505
44289,24531
44290,24523
44291,24529
44292,24292
44293,24534
44294,24487
44295,24535
44296,24484
44297,24443
44298,24457
44299,24507
44300,23118
44301,24538
44302,24528
44303,24425
44304,22788
44305,378
44306,24537
44307,23530
44308,24007
44309,24539
44310,24483
44311,24483
44312,12955
44313,24501
44314,24530
44315,23803
44316,24504
44317,23756
44318,24148
44319,24148
44320,24542
44321,23919
44322,23919
44325,17516
44326,23972
44327,23961
44328,24221
44329,22490
44330,22490
44331,22270
44332,24147
44333,24147
44335,24408
44336,24214
44337,22269
44338,22268
44339,22267
44340,22266
44341,22265
44342,22264
44343,24008
44344,24540
44345,
44346,
44348,
44350,22788
44351,24409
44352,24547
44353,24554
44354,23406
44355,21564
44356,24322
44357,378
44358,24526
44359,24479
44360,24081
44361,24510
44362,24528
44363,24083
44364,23696
44365,23698
44366,24316
44367,22301
44368,21561
44369,24407
44373,23821
44374,24457
44375,24173
44376,24565
44377,24568
44378,24419
44379,24132
44380,24440
44381,23597
44382,23597
44383,23597
44384,23597
44386,23936
44390,24173
44391,24543
44392,24558
44393,23907
44394,24324
44395,24401
44396,24563
44397,24563
44398,24414
44399,24414
44400,23834
44401,24148
44402,24148
44403,24148
44404,24148
44405,24147
44406,24147
44407,24116
44408,24415
44409,24568
44410,24523
44411,24523
44412,24557
44413,24576
44414,23989
44415,23986
44416,24004
44417,24191
44418,24534
44419,23528
44420,24148
44421,24414
44422,23961
44423,24147
44424,24378
44425,21961
44426,23756
44427,24336
44428,24147
44429,24563
44430,24279
44431,24505
44432,24579
44433,23406
44434,21564
44435,24322
44436,24241
44437,378
44438,24421
44439,24268
44440,24479
44441,23375
44442,23821
44443,24457
44445,24593
44446,24081
44447,24594
44448,23834
44449,
44450,23527
44451,19900
44452,24572
44453,24533
44454,24548
44455,24560
44456,24562
44457,24564
44458,24567
44459,24477
44460,24116
44461,23972
44462,24582
44463,24147
44464,24147
44465,24595
44466,24147
44467,24147
44468,24173
44469,24414
44470,24148
44471,24148
44472,24277
44473,24524
44474,23079
44475,24509
44476,24534
44477,12862
44478,23536
44479,24512
44480,24599
44481,24601
44482,24602
44483,24600
44484,24277
44485,24279
44486,23404
44487,24173
44488,22540
44489,23961
44490,19471
44491,24604
44492,24590
44493,24577
44494,24268
44495,24268
44497,23834
44498,22490
44499,22490
44500,23729
44501,23728
44502,24597
44503,24598
44504,22490
44505,24603
44506,22490
44507,24128
44508,24545
44509,22490
44510,20973
44511,22490
44512,20973
44513,24202
44514,23919
44515,24608
44516,23781
44517,22476
44518,23173
44519,24415
44520,23143
44521,24565
44522,24609
44523,24462
44524,23821
44525,24457
44526,24558
44527,24513
44528,11400
44529,23001
44530,23003
44531,24257
44532,24173
44533,23806
44534,24557
44535,24322
44536,19165
44537,24543
44538,24423
44539,24485
44540,24561
44541,23530
44542,24581
44543,24588
44544,23722
44545,22538
44546,24571
44548,21961
44549,24202
44550,23820
44551,23803
44552,21224
44553,24614
44554,24241
44555,24616
44556,22788
44557,24617
44559,20255
44560,23729
44561,23728
44562,24554
44563,24519
44564,24516
44565,24649
44566,22207
44567,20255
44568,21633
44569,24148
44570,24414
44571,24644
44572,24652
44573,24563
44574,24468
44576,24468
44577,23961
44578,24627
44579,24643
44580,24646
44581,24147
44582,24147
44583,24580
44584,17516
44585,24533
44586,24336
44587,24567
44588,24564
44589,23806
44590,23960
44591,23960
44592,24189
44593,21224
44594,24661
44595,4327
44596,4327
44597,23936
44598,24651
44599,24650
44600,24189
44601,23960
44602,24471
44603,24566
44604,11400
44606,23299
44607,23299
44608,23299
44612,23299
44613,24680
44614,24369
44615,24654
44616,24654
44617,24513
44618,23143
44619,19471
44620,24577
44621,24577
44622,24581
44623,23079
44624,24686
44625,24221
44626,24687
44627,24685
44628,24677
44629,24004
44630,24653
44631,24336
44632,24666
44633,24667
44634,23961
44635,24676
44636,24679
44637,24678
44638,24574
44639,24425
44640,21497
44641,22207
44642,24518
44643,24443
44644,24668
44645,24599
44646,24660
44647,24659
44650,24657
44651,24509
44652,24512
44653,24651
44655,24468
44656,24650
44657,24689
44658,24277
44659,24668
44660,23580
44661,23527
44662,24415
44663,24378
44664,24614
44665,23899
44666,24617
44668,24488
44669,21561
44670,24457
44671,24324
44672,24386
44673,22490
44674,24557
44675,23961
44676,24699
44677,24699
44678,23960
44679,23960
44680,23960
44681,23961
44682,23961
44683,23961
44684,23961
44685,24701
44686,24702
44687,23961
44688,24652
44689,24652
44690,24703
44691,24703
44692,24704
44693,24443
44694,24147
44695,24705
44697,24689
44698,23961
44700,24707
44701,23530
44702,19471
44703,24571
44704,24201
44705,24381
44706,24481
44707,24708
44708,24649
44709,24366
44710,21963
44711,24604
44712,24604
44713,24713
44714,24701
44715,22788
44716,24606
44717,21564
44718,23406
44719,22788
44720,24657
44722,24595
44723,24721
44724,23821
44725,24206
44726,24712
44727,23375
44728,23375
44729,24706
44730,24415
44731,21438
44732,21633
44733,21497
44734,23960
44735,24147
44736,24189
44737,24386
44738,23961
44739,24717
44740,24724
44741,24716
44742,24563
44743,24566
44744,24423
44745,24723
44746,24714
44748,24718
44749,24561
44750,24443
44751,24725
44752,24148
44753,24443
44754,24206
44755,24206
44756,24386
44757,24206
44758,24703
44759,23923
44760,23960
44761,24189
44762,23960
44763,22490
44764,22455
44765,24147
44766,24147
44767,24414
44768,24414
44769,24148
44770,24148
44771,24703
44772,24699
44773,24723
44774,24721
44775,24719
44776,21588
44777,24560
44778,24562
44779,24569
44780,24567
44781,24564
44782,24728
44783,20255
44785,24622
44786,24626
44787,24721
44788,24651
44789,24509
44790,24509
44791,24492
44792,24726
44793,24729
44794,24730
44795,24406
44796,23821
44797,24691
44798,24691
44799,24300
44800,24733
44801,22793
44803,24697
44804,24591
44805,23936
44806,24461
44807,21963
44808,24734
44809,24731
44810,24322
44811,22794
44812,24128
44813,23899
44814,23527
44815,24366
44816,23919
44817,24132
44818,24496
44819,24502
44820,21572
44821,24495
44822,23961
44823,24494
44824,24564
44825,24562
44826,24727
44829,24147
44830,24189
44832,24147
44833,24206
44834,24189
44835,24451
44836,23960
44838,24189
44839,24206
44840,23961
44842,24742
44843,24451
44844,24392
44845,24415
44846,23409
44847,24649
44849,24507
44850,24698
44851,24500
44852,24128
44853,24666
44854,24748
44856,24749
44857,24546
44858,24342
44859,24750
44860,24754
44861,22803
44862,24650
44863,24739
44864,23756
44868,24740
44869,24755
44870,24563
44871,24006
44872,24756
44873,24745
44874,24746
44875,24743
44876,24744
44877,24667
44878,24756
44879,24699
44880,24701
44881,24722
44882,24722
44883,24741
44884,24268
44885,23530
44886,24571
44887,24759
44888,21497
44889,21497
44890,12955
44891,24659
44892,24758
44893,24189
44894,23961
44895,24519
44896,24580
44897,24588
44898,24652
44899,24652
44900,
44901,
44902,
44903,23834
44904,24415
44905,24731
44906,23820
44907,23820
44909,24509
44910,24509
44911,24650
44912,24705
44913,24761
44914,24241
44915,22788
44917,24025
44918,21561
44919,24734
44920,24612
44922,24736
44923,24759
44924,24735
44925,24763
44926,24586
44927,24760
44928,24592
44929,23001
44930,24315
44931,23527
44932,24767
44933,23375
44934,24132
44935,24461
44936,24651
44937,22207
44938,24654
44939,24718
44940,24765
44941,24407
44942,24723
44943,24717
44944,19165
44945,24772
44946,24006
44947,24002
44948,24004
44949,24773
44950,24762
44951,24702
44952,23960
44953,24564
44954,24562
44955,24451
44956,24451
44957,23960
44958,24451
44959,24451
44960,23960
44961,24189
44962,24451
44963,24206
44964,23960
44965,24451
44966,24386
44967,24451
44968,23961
44969,24386
44970,24651
44971,24268
44972,23083
44973,23083
44974,24766
44975,24451
44976,24776
44977,24778
44978,24781
44979,24779
44980,24777
44981,24774
44982,24775
44983,24780
44984,24785
44985,24718
44986,23729
44987,23728
44988,24770
44989,24793
44990,24771
44991,24769
44992,24757
44993,24792
44994,24796
44995,24534
44996,24788
44997,24701
44998,24659
44999,24599
45000,24656
45001,24790
45002,24703
45003,24699
45004,24766
45005,24756
45006,24651
45008,24392
45009,24500
45010,24128
45011,24799
45012,24786
45013,24784
45014,24783
45015,22939
45016,24661
45017,22788
45018,23375
45019,24378
45020,24811
45022,24366
45023,24241
45024,24800
45025,24806
45026,378
45027,24803
45028,24350
45029,24369
45030,24564
45031,24775
45032,24567
45033,24804
45034,24451
45036,24451
45037,24206
45038,24451
45039,24451
45040,24451
45041,24810
45042,23663
45043,24731
45044,22490
45045,23961
45046,24755
45047,23820
45048,23820
45049,24798
45050,24702
45051,24814
45052,24500
45053,24802
45054,24801
45055,24801
45056,24813
45057,24006
45058,24004
45059,24002
45060,4327
45061,4327
45062,24817
45063,24803
45064,24818
45065,24702
45066,24666
45067,24776
45068,24778
45069,24795
45070,24129
45071,23961
45072,24791
45073,24789
45074,24766
45075,24766
45076,24724
45077,24758
45078,24581
45079,24808
45080,24726
45081,24227
45082,24794
45083,24561
45084,24805
45085,24815
45086,23143
45087,24200
45088,24719
45089,24468
45090,23158
45091,23729
45092,24534
45094,23375
45097,24401
45098,24822
45099,24769
45100,24824
45101,24823
45102,24466
45103,24731
45104,24415
45105,23496
45106,23527
45107,22793
45108,22939
45109,24072
45110,24322
45111,21561
45112,24809
45113,24826
45114,24140
45115,
45116,24461
45117,24827
45118,24828
45119,24494
45120,24366
45121,23936
45122,24756
45123,24780
45124,24567
45125,24778
45126,23375
45127,21963
45128,19165
45129,24650
45130,24564
45131,24518
45132,24652
45133,24833
45134,24832
45135,24831
45136,24714
45137,24820
45138,24451
45139,24451
45140,24507
45141,24580
45142,21961
45143,24750
45144,24342
45145,24386
45146,24830
45147,24825
45148,24804
45149,24821
45150,24810
45151,22490
45152,22490
45153,23663
45154,24129
45156,24392
45157,24783
45158,23527
45159,24401
45160,24206
45161,24451
45162,24839
45163,24771
45164,24268
45165,24838
45166,24605
45167,24605
45168,24605
45169,24605
45170,24468
45171,24650
45172,24468
45173,24722
45174,24689
45175,24842
45176,24844
45177,24841
45178,24500
45179,24843
45180,24767
45181,24128
45182,24847
45185,24829
45186,24848
45187,24849
45188,24834
45189,24666
45190,24850
45191,24836
45192,24837
45193,24451
45194,24386
45195,24451
45196,23644
45197,24852
45198,24799
45199,24853
45200,23820
45201,24731
45202,21561
45203,24690
45204,24820
45205,24810
45206,24855
45207,24854
45208,24796
45209,24702
45210,24617
45211,23527
45212,24856
45213,24858
45214,24863
45215,24860
45216,24861
45217,24850
45218,24386
45219,24471
45220,24851
45221,22269
45222,24004
45223,22788
45224,22787
45225,24727
45226,24703
45227,19905
45228,24206
45229,24451
45230,24451
45231,23663
45232,24869
45233,24758
45234,24857
45236,24757
45237,24451
45238,24770
45239,24132
45241,23597
45244,23597
45246,23597
45247,23597
45248,23597
45249,24871
45250,19905
45252,24864
45253,24866
45254,24865
45255,24814
45256,12955
45257,24868
45258,24708
45259,24206
45260,24451
45261,23923
45262,24225
45263,24225
45264,24386
45265,24451
45266,24451
45267,24206
45268,24725
45269,24468
45270,24689
45271,24689
45272,24813
45273,23083
45274,24824
45275,24276
45276,21963
45277,22788
45278,24586
45279,24425
45280,24526
45281,24809
45282,24140
45283,24828
45284,24827
45285,24366
45286,24736
45287,24840
45288,24783
45289,24875
45290,24816
45291,24862
45292,24798
45293,24466
45294,24816
45295,24767
45296,24879
45297,24879
45298,24879
45299,23820
45300,24880
45302,9277
45303,24852
45304,24661
45305,24081
45306,24175
45307,24661
45308,24415
45309,24892
45310,23597
45311,24132
45312,24770
45313,24770
45314,24770
45315,24770
45317,24896
45318,24893
45319,24894
45321,24128
45323,24889
45324,24859
45325,24897
45326,24002
45328,24904
45330,24903
45331,24494
45333,24842
45334,24465
45335,24465
45336,24465
45337,24465
45338,24465
45339,22803
45340,24910
45341,24819
45342,24703
45343,24711
45344,24710
45345,24709
45346,24878
45347,24749
45349,24451
45350,24206
45351,24451
45352,24451
45353,24206
45354,24386
45355,24911
45356,24810
45357,24206
45358,24874
45359,24816
45360,24900
45361,24129
45362,24877
45363,24898
45364,24567
45365,24564
45366,24912
45367,24496
45368,24852
45369,23961
45370,23961
45372,24562
45373,24802
45374,24801
45375,24004
45376,24746
45377,24743
45378,24494
45379,24745
45380,24744
45381,24763
45382,24241
45383,24408
45384,24867
45385,24758
45386,24915
45387,24386
45388,24560
45389,24206
45390,24386
45391,24533
45392,24548
45393,24569
45394,22490
45395,22490
45396,21497
45397,24917
45398,24916
45399,24916
45400,24913
45401,24767
45402,23961
45403,24451
45404,24147
45405,24883
45406,24883
45407,24883
45408,24884
45409,24884
45410,24884
45411,24917
45412,24907
45413,24832
45414,24836
45415,24831
45416,24833
45417,24837
45418,24858
45419,24874
45420,23387
45421,23387
45422,24468
45423,20255
45424,24840
45425,24890
45426,24842
45427,24622
45428,24875
45429,24827
45430,24928
45431,24828
45432,24927
45433,24891
45434,23441
45435,23176
45436,24224
45437,23865
45438,23969
45439,24705
45440,24510
45441,24930
45442,24128
45443,24915
45444,24451
45445,24002
45446,24206
45447,24934
45448,24918
45449,24937
45450,24886
45451,24841
45452,24580
45453,24901
45454,24206
45455,24451
45456,23923
45457,24386
45458,21633
45460,24904
45461,24905
45462,24906
45463,24386
45464,24386
45465,24929
45466,24386
45467,24386
45468,24334
45469,23834
45470,24526
45471,24336
45472,24129
45473,23663
45474,24889
45475,24415
45476,24940
45477,23803
45478,23803
45479,23961
45480,24128
45481,23961
45482,24268
45483,24925
45484,24769
45485,24451
45486,24451
45487,24789
45488,24378
45489,24927
45490,24942
45491,24942
45492,24943
45493,24823
45494,24900
45495,24929
45496,23961
45497,24386
45498,24885
45499,24716
45501,24147
45502,24872
45503,24431
45504,22984
45505,24744
45506,24745
45507,24911
45508,
45509,
45510,
45511,24891
45512,24927
45513,24771
45514,24415
45515,23083
45516,24758
45517,24605
45518,24468
45519,24650
45520,23387
45522,12965
45523,12965
45534,24958
45535,24867
45536,24392
45537,24816
45538,24963
45539,24798
45540,24862
45541,24622
45542,24622
45543,24954
45544,23734
45545,24941
45546,21801
45547,24567
45548,24955
45549,22788
45550,24957
45551,23961
45552,24961
45553,24964
45554,24966
45555,24939
45556,24959
45557,24953
45558,23961
45559,24451
45560,22490
45561,24451
45562,24386
45563,23961
45564,24451
45565,23961
45566,23961
45567,21889
45568,23961
45569,24451
45570,24336
45571,24923
45573,24887
45575,24225
45576,24225
45578,24969
45579,24881
45580,24969
45581,24654
45585,12965
45586,12965
45589,12965
45590,12965
45591,12965
45592,24927
45593,24970
45594,24903
45595,24900
45596,24392
45597,24954
45598,24971
45599,21561
45600,24147
45601,24924
45602,4327
45603,24833
45604,24956
45605,24654
45606,24973
45607,24887
45608,23961
45609,24974
45610,24873
45611,24873
45612,24975
45613,24945
45614,24976
45615,24126
45616,24081
45617,24588
45618,19905
45619,24650
45620,24980
45621,24981
45622,24983
45623,25011
45624,24933
45625,24889
45626,24844
45627,24986
45628,24987
45629,24973
45630,24942
45631,24140
45632,24425
45633,24322
45634,21561
45635,24586
45636,24967
45637,24979
45638,24978
45639,24977
45640,24763
45641,21963
45642,21963
45643,24927
45644,24900
45645,24969
45646,24958
45647,24999
45648,24985
45649,25012
45650,24336
45651,24336
45652,23961
45653,24622
45654,23820
45655,23820
45656,24982
45657,24652
45658,24951
45659,24883
45660,24988
45661,19471
45662,24905
45663,24902
45664,24901
45665,24947
45666,24580
45667,24652
45668,23961
45669,24652
45670,24652
45671,24984
45672,23387
45673,24415
45674,24963
45675,25015
45676,4327
45677,25017
45678,24946
45679,24567
45680,24564
45681,25014
45682,25020
45683,22490
45684,25000
45685,24968
45686,24762
45687,24443
45689,24129
45690,24129
45691,24959
45693,24507
45694,25013
45695,24726
45696,24938
45697,23803
45698,24789
45699,22265
45701,24885
45702,24652
45704,24669
45708,24670
45709,24670
45710,24671
45711,24671
45712,24671
45717,24672
45719,24673
45722,24675
45726,25022
45727,24983
45728,22788
45729,25021
45730,25028
45731,24969
45732,25036
45733,25052
45734,24771
45735,24969
45736,25003
45737,23002
45738,24942
45739,25057
45740,24968
45741,23961
45742,25060
45743,378
45744,24953
45745,23339
45746,24580
45747,25061
45748,25061
45749,25011
45750,24989
45751,25032
45752,25012
45753,23820
45754,24268
45755,24769
45756,25055
45757,25002
45758,25066
45759,25066
45760,24654
45761,25065
45762,24902
45763,25030
45764,25030
45765,24901
45766,25029
45767,25033
45768,25035
45769,25057
45770,25024
45771,22264
45772,24386
45773,24465
45774,24652
45775,24716
45777,24465
45778,24654
45779,24386
45780,24932
45781,24936
45782,23961
45783,24334
45784,23961
45785,24336
45786,24652
45787,24465
45788,24334
45789,24336
45790,23961
45791,24336
45793,24886
45794,24465
45795,23961
45796,23961
45797,24336
45798,24334
45799,24465
45800,23961
45801,
45802,
45803,
45804,
45805,24769
45806,24268
45807,24970
45808,24622
45809,25052
45810,25036
45811,24415
45812,25031
45813,25091
45814,25028
45815,24081
45816,24425
45817,20255
45818,23734
45819,24315
45821,25062
45822,24392
45823,24942
45824,
45825,25063
45826,25063
45827,24979
45828,25094
45829,25012
45830,24981
45831,25084
45832,378
45833,25098
45834,24605
45835,24983
45836,24126
45837,25091
45838,25102
45839,25015
45840,25104
45841,25103
45842,24919
45843,24921
45844,24920
45845,25106
45846,25096
45847,25082
45848,24654
45849,25074
45850,25075
45851,23083
45852,25076
45853,25077
45854,23961
45855,25109
45856,25100
45857,25011
45858,25011
45860,25083
45861,25083
45862,24652
45863,19905
45864,24652
45865,24336
45866,22702
45867,24654
45868,24336
45869,24334
45870,24336
45871,23961
45872,24938
45873,25055
45874,23961
45875,23961
45876,23961
45877,24652
45878,24989
45879,25092
45880,25093
45881,24465
45882,24465
45883,25030
45884,24147
45885,23961
45886,25097
45887,21497
45888,12955
45889,25038
45890,24968
45891,24959
45892,24959
45893,25105
45894,21510
45895,25121
45896,24670
45897,24671
45898,25122
45899,24663
45900,24662
45901,25123
45902,24770
45903,23387
45904,25097
45905,25057
45906,21963
45907,25124
45908,25125
45909,25102
45910,25126
45911,24580
45912,23803
45913,23961
45914,24336
45915,24652
45916,6397
45917,21633
45918,23961
45919,24116
45920,24588
45921,24983
45922,25061
45923,25034
45924,21437
45925,24392
45927,22788
45928,25063
45929,25064
45931,25064
45932,21561
45933,25138
45934,25137
45936,25128
45937,24586
45938,24969
45939,25086
45940,25088
45941,25087
45942,25081
45943,25003
45944,25085
45945,25142
45947,25145
45948,24986
45949,25151
45950,25143
45951,25154
45952,25060
45953,378
45954,25149
45955,24884
45956,24564
45957,24564
45958,24567
45959,24567
45961,24562
45962,24533
45963,24533
45964,24560
45965,24560
45966,24569
45967,24569
45968,24548
45969,24548
45970,24580
45972,24902
45973,24833
45974,25029
45975,23961
45976,23961
45979,24652
45980,23961
45981,23961
45982,24147
45983,24465
45984,24465
45985,24652
45986,24336
45987,24334
45988,25153
45989,25107
45990,24881
45991,25152
45992,25156
45993,25141
45994,25146
45995,25144
45996,25092
45997,25093
45998,25125
45999,24654
46000,25021
46001,25165
46002,25164
46003,22721
46004,22603
46005,25163
46006,25030
46007,25166
46008,21437
46009,25168
46010,25170
46011,25170
46012,25171
46014,25172
46015,25160
46016,25173
46018,24954
46019,25167
46020,25131
46021,24988
46022,21889
46023,25149
46024,19471
46025,24336
46027,24443
46028,24887
46029,25162
46031,25158
46032,25132
46033,25134
46034,25174
46035,25133
46036,25135
46037,25136
46038,25140
46039,23803
46040,25099
46041,25176
46042,22788
46043,24401
46044,25123
46045,25122
46046,24081
46047,25180
46049,24465
46050,24126
46051,24126
46052,25175
46053,22490
46054,24336
46056,24560
46057,24548
46058,24580
46059,25182
46060,25012
46061,23961
46062,23961
46063,23961
46064,24147
46065,24336
46066,24465
46067,24465
46068,24652
46069,25181
46070,25179
46071,25141
46072,25093
46073,25030
46074,25184
46075,19471
46076,24942
46077,25185
46078,25185
46079,25185
46080,25186
46081,23961
46082,25187
46083,25188
46084,25145
46085,25190
46086,22768
46087,25189
46088,24562
46089,25061
46090,24681
46091,24744
46092,24746
46093,25083
46094,21561
46095,25186
46096,25061
46097,25195
46098,25194
46099,25169
46100,378
46101,22788
46102,25101
46103,23355
46104,25063
46105,25191
46107,25031
46108,24392
46109,21561
46110,25091
46111,24849
46112,24848
46113,24847
46114,25060
46115,25197
46116,25202
46117,25203
46118,25099
46119,25208
46120,24129
46121,25210
46122,25212
46123,25213
46124,25192
46125,25201
46126,25193
46127,25196
46128,25198
46129,24569
46130,24562
46131,25214
46132,25100
46134,25160
46135,25158
46136,22490
46137,25211
46138,24465
46139,24147
46140,24334
46141,24336
46142,25185
46143,25190
46144,25199
46145,25200
46146,22768
46148,25206
46149,4327
46150,25011
46151,23961
46152,23961
46153,12965
46154,23961
46155,24378
46156,23729
46157,23961
46158,25217
46159,24770
46160,22490
46161,25073
46162,25107
46163,25219
46164,24129
46165,25217
46168,24964
46169,25224
46170,25216
46171,25225
46172,25226
46173,25218
46174,25220
46175,25221
46176,25222
46177,24887
46178,24887
46179,25107
46180,24968
46181,25185
46182,25205
46183,23729
46184,23644
46185,22788
46186,25061
46187,25215
46188,378
46189,21561
46190,378
46191,25229
46192,24769
46193,24659
46194,25076
46196,25230
46197,24268
46198,25169
46199,24930
46200,25069
46201,25071
46204,23834
46206,25177
46207,22702
46208,24942
46209,25249
46210,25249
46211,25167
46212,25167
46213,25167
46214,25167
46215,24569
46216,24567
46217,25247
46218,25231
46219,25231
46220,23299
46221,24129
46222,24887
46223,22490
46224,25228
46225,25237
46226,24378
46227,25245
46228,25248
46229,25248
46230,25248
46232,24465
46233,24336
46234,24334
46235,25185
46236,25185
46237,25185
46238,25216
46239,24873
46240,24873
46241,25224
46242,21497
46243,25250
46244,25225
46245,25226
46246,14718
46247,24887
46248,14712
46249,25185
46250,25224
46251,12955
46252,24745
46253,25238
46254,25251
46255,25251
46256,25251
46257,25252
46258,25253
46259,25242
46260,25061
46262,25217
46263,24081
46264,23662
46265,25254
46266,25105
46267,25261
46268,24126
46269,25063
46270,22207
46272,25191
46273,24942
46274,21437
46275,23729
46276,25264
46277,25187
46278,25184
46279,25184
46280,25214
46281,24936
46282,25083
46283,25145
46284,24771
46286,25185
46287,25107
46288,24334
46289,23597
46290,23597
46291,23597
46292,23597
46293,23820
46294,25260
46295,25260
46296,25260
46297,25147
46298,24465
46299,25167
46300,25185
46301,24334
46302,14709
46303,14710
46304,14705
46305,17319
46306,17116
46308,16282
46309,14708
46310,16285
46311,14720
46312,24886
46313,25271
46314,24942
46315,25185
46316,25269
46317,25185
46318,25263
46319,25011
46320,25268
46321,10944
46322,10944
46323,10944
46324,10944
46325,10944
46326,10944
46327,25267
46328,25274
46329,25276
46330,25277
46331,24268
46332,25246
46334,24711
46335,24671
46336,24711
46337,25280
46338,25273
46339,25027
46340,25185
46341,25185
46342,25185
46343,24930
46344,25185
46345,25185
46346,25185
46347,25185
46348,24848
46349,24849
46350,23339
46351,19905
46352,25225
46353,23803
46354,24873
46355,25107
46358,23159
46359,23159
46360,23159
46361,23159
46362,23159
46363,24334
46364,24336
46365,25167
46366,25167
46367,25185
46368,23136
46369,25184
46370,25184
46371,24710
46372,25281
46373,25222
46374,25221
46375,25287
46376,24072
46377,378
46378,25255
46380,25283
46381,25292
46382,25293
46383,25145
46384,25294
46385,25267
46386,25185
46387,25247
46389,25263
46390,25290
46391,25291
46392,25074
46393,21437
46394,25260
46395,25260
46396,25296
46397,24567
46398,24580
46399,25224
46400,25166
46401,25270
46402,25192
46403,14683
46404,14710
46405,25225
46406,16279
46407,12965
46408,14694
46410,25260
46411,25263
46412,25261
46413,25301
46414,25301
46417,25303
46418,25303
46419,25161
46420,378
46422,25191
46423,25080
46425,22702
46426,25244
46431,22173
46434,25220
46435,25305
46436,25305
46437,25307
46438,25295
46439,24588
46440,16285
46441,14683
46442,25226
46443,25250
46444,25304
46445,25224
46446,25309
46447,25310
46448,25216
46449,25185
46450,24948
46451,14721
46452,17171
46453,14684
46454,24126
46455,14713
46456,16332
46457,17164
46458,25246
46459,24392
46460,25254
46461,25313
46462,25312
46463,25298
46464,25217
46465,25330
46466,25212
46467,25193
46468,25172
46469,25100
46470,25302
46471,25333
46472,23644
46473,25334
46474,378
46475,25184
46476,25335
46477,25335
46479,16285
46480,25185
46481,25167
46482,25167
46483,25331
46484,25330
46486,25353
46488,24873
46489,25205
46490,25274
46491,25320
46492,25320
46493,25145
46494,25320
46495,25320
46496,25320
46497,25320
46500,25320
46501,22207
46502,24979
46503,25354
46504,25300
46505,25321
46506,24903
46507,25090
46508,24702
46509,12965
46510,25214
46511,14710
46512,25306
46513,25286
46514,25285
46515,25284
46516,25284
46517,25284
46518,4327
46519,4327
46520,25185
46521,25320
46522,25107
46523,14717
46524,14722
46525,14693
46526,14707
46527,25205
46528,25185
46529,25167
46530,25269
46531,24334
46532,25167
46533,25167
46534,25185
46536,25263
46537,24884
46538,25290
46539,25220
46540,25318
46541,16203
46542,25184
46543,25355
46545,22702
46546,25073
46547,25218
46548,25211
46549,25366
46550,25359
46551,25167
46552,25185
46553,25185
46554,25365
46555,16285
46556,25361
46557,25360
46558,14684
46559,25295
46560,25250
46561,25188
46562,25362
46563,25370
46564,24580
46565,25367
46566,25330
46567,25244
46568,23803
46569,25305
46570,24622
46571,25364
46572,25364
46573,25364
46574,25364
46575,25371
46576,25183
46577,25069
46578,25071
46579,14710
46580,14708
46581,25226
46582,16282
46583,14713
46584,14709
46585,17319
46587,25225
46588,25224
46589,24873
46590,25371
46591,25185
46592,25107
46593,25269
46594,23136
46595,25071
46597,24659
46598,25354
46599,25312
46600,25085
46601,25145
46602,25064
46603,25395
46604,25209
46605,24671
46606,25166
46608,25212
46609,24749
46610,25396
46611,25400
46612,25399
46613,25404
46614,25403
46615,25402
46616,25405
46617,25253
46618,25173
46619,22207
46620,25406
46621,25406
46622,16912
46623,24664
46624,24665
46625,23803
46626,24674
46627,24674
46629,24672
46630,25552
46631,25418
46632,16287
46633,16913
46634,14685
46635,14685
46636,14687
46637,14714
46638,14688
46639,17073
46640,17078
46641,24984
46642,14684
46643,25185
46644,25185
46645,25419
46646,25242
46647,14718
46648,17116
46649,14720
46650,25269
46651,21497
46652,25185
46653,25421
46654,25423
46655,25355
46656,25424
46657,22589
46658,24873
46659,17164
46660,23339
46661,23820
46662,16285
46663,25250
46664,17171
46665,25310
46666,25309
46667,25413
46669,24336
46670,25107
46671,25426
46672,25428
46673,25428
46674,25428
46675,25429
46676,25429
46677,25429
46678,25430
46682,25263
46683,25362
46684,25316
46685,14710
46686,14684
46687,14713
46688,24710
46689,24710
46690,24710
46691,16332
46692,24334
46693,14718
46696,25414
46697,25411
46698,14708
46699,12955
46700,
46701,378
46702,378
46703,25509
46704,4327
46705,4327
46707,25166
46708,25439
46709,25438
46710,25292
46711,25436
46712,25436
46713,25303
46714,25440
46716,25354
46718,25242
46719,25441
46720,25441
46721,25425
46723,23083
46724,23083
46725,23351
46726,23333
46727,25310
46728,14688
46729,25431
46730,23339
46731,25095
46732,25442
46733,21963
46734,24336
46735,25246
46736,25444
46737,25444
46738,25432
46739,25432
46740,25432
46741,25432
46742,25432
46743,25432
46746,25432
46747,25432
46748,14683
46749,25437
46750,25190
46751,25278
46752,25446
46753,25266
46754,25200
46755,25200
46756,25265
46757,25265
46758,22985
46759,22985
46760,22721
46761,25414
46762,
46763,24982
46764,25448
46765,24757
46766,24671
46767,25405
46768,25335
46769,25447
46770,25269
46771,14720
46772,25449
46773,16285
46774,16282
46775,14688
46776,25185
46777,25185
46778,25185
46779,25185
46780,25185
46781,25185
46782,25445
46783,23936
46784,25354
46785,25363
46786,25451
46788,25358
46789,25452
46791,25303
46792,25450
46793,25254
46794,25458
46795,25454
46796,24749
46798,25320
46800,25456
46801,25456
46802,25456
46804,25436
46805,25455
46806,25185
46807,25107
46808,25425
46809,23136
46810,25185
46811,25362
46812,25435
46813,25416
46814,25435
46815,25286
46816,25167
46817,25167
46818,24948
46819,14723
46820,14695
46822,25280
46824,17171
46825,14713
46826,17116
46827,25414
46828,25284
46829,25285
46830,25453
46831,23597
46832,23597
46833,25447
46834,25291
46835,24532
46836,24532
46839,25246
46840,25371
46841,25413
46842,24970
46844,25166
46845,14695
46847,14712
46848,22721
46849,25398
46850,23803
46851,25253
46852,25489
46853,17077
46856,17075
46857,17076
46858,25414
46859,22764
46860,22764
46861,22765
46862,22765
46863,25486
46864,25447
46865,25490
46866,25433
46867,25410
46868,25415
46869,25415
46871,25415
46872,25407
46873,25407
46875,25407
46876,14688
46877,25185
46878,25185
46879,25185
46880,25185
46881,25185
46882,25254
46883,25394
46884,25191
46885,25317
46886,25493
46887,25095
46888,25404
46889,25083
46890,25402
46891,25403
46892,25064
46893,25496
46894,25446
46895,
46896,25145
46897,25494
46898,25456
46899,25497
46900,25424
46901,25424
46902,25288
46903,14723
46904,23136
46905,23136
46906,25285
46907,23936
46908,25310
46910,25361
46911,17115
46912,24936
46913,16913
46914,16287
46915,25398
46916,25499
46917,25407
46918,25500
46919,25500
46920,25253
46921,16285
46922,14683
46923,12965
46924,16279
46925,17171
46926,17078
46927,14718
46928,14684
46929,14685
46930,14693
46931,17077
46932,17075
46933,14720
46934,14694
46935,25502
46936,25161
46937,25394
46938,25300
46939,25505
46940,25075
46941,24588
46942,25446
46943,25504
46944,25431
46945,24602
46946,24602
46947,17116
46948,24984
46949,25425
46950,25366
46951,25495
46954,25199
46955,25199
46957,22768
46960,24888
46962,24888
46963,24888
46964,24888
46966,25506
46967,25291
46968,25286
46969,25498
46970,25185
46971,
46972,25280
46973,25508
46974,25288
46975,25075
46976,25513
46977,25510
46978,25511
46979,25423
46980,23728
46981,25519
46982,25520
46983,25516
46984,25515
46985,25296
46986,25522
46987,24710
46988,25394
46989,25525
46990,25527
46991,25253
46992,17164
46993,25528
46994,24948
46995,25512
46996,25529
46997,25522
46998,25364
46999,25371
47000,25502
47001,24569
47002,25367
47003,25285
47004,25431
47005,25263
47006,25503
47007,25530
47008,25532
47009,14684
47010,25284
47011,16913
47012,25410
47013,22764
47014,25523
47015,22765
47016,25278
47017,25167
47018,25414
47019,25411
47020,21633
47021,25426
47022,14712
47023,25537
47024,25537
47025,25537
47026,16279
47027,25500
47028,25269
47029,25267
47030,21497
47031,16287
47034,25407
47035,16332
47036,14709
47037,12955
47038,17164
47039,14708
47040,14688
47041,23159
47042,23159
47043,23159
47044,23159
47045,23159
47046,25512
47047,
47048,
47050,
47053,23136
47054,
47057,25145
47058,24580
47059,24948
47060,25541
47061,25542
47062,25443
47063,25354
47064,25543
47065,25509
47066,25514
47067,24984
47068,25075
47069,25395
47070,25394
47071,378
47072,25547
47073,25528
47074,25394
47076,25513
47077,25549
47078,25247
47079,25167
47080,25545
47081,25413
47082,25191
47083,25510
47084,25177
47085,25451
47086,25363
47087,25494
47088,25370
47089,14693
47090,25364
47091,14687
47092,25548
47093,25432
47094,25432
47095,25185
47096,25185
47097,25267
47098,25269
47099,25544
47100,25305
47101,25305
47102,25305
47103,25305
47104,25278
47105,25533
47106,25185
47107,25410
47108,25410
47109,22765
47110,25167
47111,25413
47112,16287
47113,24336
47114,25456
47115,25456
47116,25291
47117,17078
47118,25063
47119,25063
47120,25551
47121,25280
47122,25360
47124,24675
47125,24675
47126,22764
47127,25424
47128,25285
47129,25439
47130,25556
47131,23136
47132,14694
47133,25423
47134,25284
47135,24532
47136,25167
47137,22765
47138,25286
47139,25554
47140,25526
47141,25555
47142,25555
47143,25555
47145,14712
47146,14709
47147,24580
47148,25525
47150,21437
47151,23729
47152,23729
47154,25429
47155,25280
47156,25404
47157,25064
47158,25403
47159,25402
47160,378
47161,25063
47162,25507
47164,25559
47165,25558
47166,25561
47167,25242
47168,25069
47169,25564
47170,25565
47171,25566
47172,25185
47173,25553
47174,14694
47175,25398
47176,25398
47177,25238
47178,25523
47179,25569
47180,25570
47181,25568
47182,25432
47183,25432
47184,16287
47185,25185
47186,25285
47187,25185
47188,25199
47189,25557
47190,25562
47191,25562
47192,25567
47193,25567
47194,25500
47195,25500
47196,16279
47197,14685
47198,25284
47199,25541
47200,25572
47201,25573
47202,14684
47203,17164
47204,16913
47205,14707
47206,25284
47207,16282
47208,25285
47209,25546
47210,25286
47211,25286
47212,17076
47213,25320
47214,25367
47215,25576
47216,23803
47217,25371
47218,25579
47219,22764
47220,22768
47221,22768
47222,25335
47223,25335
47224,14694
47225,23820
47226,25199
47227,25532
47228,25584
47229,17075
47230,25305
47231,17078
47232,25586
47233,22764
47235,25246
47236,25573
47237,25570
47238,25578
47239,25543
47240,25442
47241,25441
47242,25443
47243,25404
47244,25402
47245,25403
47246,25064
47247,25424
47248,25574
47249,25575
47250,25509
47251,25583
47252,25583
47253,25581
47254,25582
47255,25585
47257,24675
47258,25023
47259,25280
47260,25588
47261,25397
47262,25592
47263,25242
47264,25412
47265,25412
47266,25185
47267,25394
47268,25569
47269,24580
47270,25604
47271,25557
47272,16913
47273,25589
47274,25185
47275,25364
47276,
47277,
47278,
47279,
47280,
47281,16287
47282,23803
47283,14707
47284,17077
47285,25590
47286,25606
47287,25590
47288,25367
47289,25576
47290,22775
47291,25601
47292,25601
47293,16332
47294,25411
47296,25414
47297,22765
47298,22765
47299,24532
47300,25284
47301,25284
47302,25414
47303,25437
47304,22764
47305,25185
47306,25605
47307,25230
47308,25185
47309,25500
47310,25608
47311,25278
47314,22768
47315,25611
47316,25510
47317,25613
47318,22764
47319,22764
47320,25199
47321,25199
47322,25506
47323,22764
47324,25278
47325,24336
47326,22768
47327,25412
47328,25185
47329,25185
47330,25614
47331,25615
47332,25565
47333,23803
47334,21583
47335,25612
47336,25595
47337,25411
47338,24532
47339,25561
47340,25596
47341,25575
47342,25543
47343,25456
47344,25625
47345,25500
47346,25191
47347,25454
47348,25454
47349,25303
47350,25321
47351,25595
47352,4327
47353,4327
47354,25428
47355,25364
47356,25603
47357,25591
47358,25609
47359,25605
47360,25599
47361,25593
47362,25627
47363,25525
47364,25424
47365,25075
47366,25562
47367,25567
47368,23597
47369,25435
47370,22768
47371,25602
47372,25371
47373,25265
47375,23729
47376,25628
47377,25626
47378,25303
47380,25510
47381,25590
47382,12965
47383,25633
47385,25632
47386,25532
47387,25449
47388,25600
47389,25549
47390,25073
47391,25353
47392,25486
47393,25634
47394,25635
47395,25636
47396,14693
47397,17075
47398,25535
47400,24532
47401,25407
47402,25415
47403,22768
47404,25412
47405,24532
47406,25412
47407,25185
47408,25185
47409,25185
47410,25185
47411,25394
47412,25325
47413,25161
47414,25650
47415,
47416,25607
47417,25497
47418,25641
47419,25533
47420,25230
47421,25644
47422,22207
47423,25566
47424,25485
47425,25643
47426,25646
47427,25647
47428,25640
47429,25649
47430,25616
47431,25578
47432,24126
47433,25485
47434,25305
47435,25305
47436,25562
47437,25433
47438,25432
47439,25651
47440,25481
47441,25320
47442,25645
47443,25648
47444,25265
47445,25278
47446,25407
47447,25407
47448,25266
47449,25481
47450,25433
47451,25415
47452,25415
47453,25500
47454,25586
47455,25407
47456,25590
47457,25435
47458,25648
47459,25583
47461,25629
47462,25692
47463,25363
47464,25549
47465,25630
47466,25631
47467,25639
47468,25364
47469,25640
47470,25694
47471,25691
47472,25693
47473,378
47474,25394
47475,25702
47476,25703
47477,25240
47478,25567
47479,25570
47481,25415
47482,25706
47483,25265
47484,22768
47485,25665
47486,25664
47487,25707
47488,25185
47489,25185
47490,25185
47491,25185
47492,25185
47493,25320
47494,25645
47495,24532
47496,25278
47497,25199
47498,25266
47499,25712
47500,25714
47501,25481
47502,25716
47503,25278
47504,25266
47505,25199
47506,17164
47507,14687
47508,25485
47509,25611
47510,25717
47511,25717
47512,25713
47513,25416
47514,25717
47515,25715
47517,24532
47518,25355
47519,14685
47520,24984
47521,25719
47522,25265
47523,25721
47524,25721
47525,25633
47526,24622
47527,25722
47528,25398
47529,25398
47530,22768
47533,25371
47534,25412
47535,25412
47536,25481
47537,25664
47538,25665
47539,25590
47540,25023
47541,25650
47542,25596
47543,378
47544,25709
47545,25644
47546,25533
47547,25533
47548,25600
47549,25592
47550,25230
47551,
47552,25353
47553,25727
47555,25728
47557,25730
47558,25566
47559,25567
47560,25731
47561,25732
47562,25732
47563,25733
47564,25729
47565,23160
47566,25735
47567,25740
47569,25723
47570,25743
47571,25742
47572,25744
47573,25731
47574,25454
47575,25300
47576,25454
47577,25745
47578,25747
47579,25748
47580,25749
47581,25750
47582,25751
47583,24580
47584,25746
47585,25752
47586,25738
47587,25739
47588,25355
47589,25336
47590,25602
47591,25720
47592,25416
47593,25433
47594,25723
47595,25432
47596,25185
47597,25185
47598,25185
47599,25185
47600,25412
47601,25664
47602,25753
47603,25665
47604,25411
47605,25734
47606,25754
47607,25481
47608,25437
47609,25756
47610,22764
47611,25397
47612,24401
47613,25639
47614,25755
47615,25394
47616,23821
47617,25567
47618,25758
47619,25760
47620,25752
47621,25411
47622,25481
47623,25407
47624,25407
47625,25764
47626,25437
47627,25230
47628,25639
47630,25161
47631,25064
47632,25595
47633,25558
47634,25575
47635,25651
47636,25630
47637,25755
47638,25641
47639,25766
47640,25429
47641,25767
47642,25611
47643,25770
47644,23160
47645,23160
47646,25769
47647,23160
47648,23160
47649,23160
47650,23160
47651,25773
47652,25526
47653,25721
47654,25364
47655,17076
47656,17075
47657,21633
47658,25721
47659,25063
47660,21633
47661,14685
47662,25185
47663,25185
47664,25185
47665,24888
47666,24888
47667,25665
47668,25752
47669,25781
47670,25781
47671,25780
47672,25780
47673,25779
47674,25779
47675,19257
47676,25415
47677,25415
47678,25775
47679,25776
47680,25777
47681,25778
47682,25782
47683,25783
47684,25783
47685,25783
47686,25783
47687,25746
47688,
47689,25430
47690,25702
47691,25253
47692,25625
47693,25585
47694,25582
47695,17075
47696,25366
47697,23299
47698,25788
47700,25230
47701,25398
47702,25744
47703,25366
47704,25364
47705,5356
47706,25567
47707,25707
47708,25460
47709,25646
47710,25790
47711,25772
47712,21497
47713,25407
47714,25731
47715,25731
47716,
47717,
47718,
47719,25300
47720,25724
47721,25724
47722,25647
47723,25791
47724,
47727,25768
47728,25454
47729,25394
47730,25754
47731,378
47732,22207
47733,25759
47734,25288
47735,25638
47736,25415
47737,25371
47738,25769
47739,25639
47740,25730
47741,25302
47742,25397
47743,25336
47744,25064
47745,24045
47746,25185
47747,24921
47748,25185
47749,25792
47750,25185
47751,25190
47752,25265
47753,24888
47755,25481
47756,25200
47757,25774
47758,25794
47759,25433
47760,25398
47761,25320
47762,25797
47763,25795
47764,25796
47766,25191
47767,25567
47768,14707
47769,25416
47770,25075
47771,4327
47772,24948
47773,22768
47774,25664
47775,25757
47776,25801
47777,12965
47778,23597
47779,17076
47780,17116
47781,25803
47782,25804
47783,25723
47784,16296
47785,25481
47786,25265
47787,25190
47788,24888
47789,25790
47790,25407
47791,25807
47792,25729
47793,25809
47794,378
47795,24401
47796,25815
47797,17115
47798,25816
47799,25817
47800,25188
47801,25638
47802,25800
47803,25798
47804,25799
47805,25818
47806,25793
47808,22702
47809,25629
47810,25772
47811,25535
47812,25820
47813,25760
47814,25567
47815,25185
47816,25185
47817,25185
47818,25185
47819,25802
47820,25796
47821,25415
47822,14707
47823,25801
47824,25611
47825,25814
47826,25415
47827,25481
47828,25064
47829,14707
47830,25825
47831,25398
47832,25823
47833,24049
47834,24049
47835,25783
47836,25023
47837,25826
47838,25063
47839,25733
47840,21510
47841,25811
47842,25813
47843,25812
47844,25807
47845,25159
47846,378
47847,378
47848,25561
47849,378
47850,25744
47851,25576
47852,25829
47853,25625
47854,25253
47855,25830
47856,25831
47857,25825
47858,25760
47859,25355
47860,25288
47861,25485
47862,24244
47863,24401
47864,25549
47865,25842
47866,25841
47867,25840
47868,25839
47869,25838
47870,25646
47871,17076
47872,25801
47873,17399
47874,25723
47875,25810
47876,25824
47877,25416
47878,25185
47879,25583
47881,25843
47882,25793
47883,25833
47884,25833
47885,25833
47886,25834
47887,25834
47888,25836
47889,25836
47890,25835
47891,25835
47892,25835
47893,25835
47894,25835
47895,25837
47897,25837
47898,25415
47899,25185
47900,25837
47901,25837
47902,25837
47903,25837
47904,25837
47905,25320
47906,25648
47907,25432
47908,25364
47909,25743
47910,25567
47911,25639
47912,25824
47913,25810
47914,25810
47915,25481
47916,25847
47917,25848
47918,25845
47919,25825
47920,25321
47921,25850
47922,25639
47923,25577
47924,25577
47925,25692
47926,25854
47927,25853
47928,25852
47929,25253
47930,22764
47931,25856
47932,25855
47933,25851
47934,16279
47935,25432
47936,25857
47937,25416
47938,25858
47939,25185
47940,21649
47941,22985
47942,25702
47943,14683
47944,14684
47945,14688
47946,14683
47947,14684
47948,14688
47949,17076
47954,16287
47956,25063
47957,25440
47958,25161
47960,25806
47961,25579
47962,25253
47963,25625
47964,22702
47965,25851
47966,25861
47967,25862
47968,25863
47969,25863
47970,25864
47971,25865
47972,25867
47973,25866
47974,25729
47975,25730
47976,25868
47977,25869
47978,25871
47979,25873
47980,25859
47981,25860
47982,25190
47983,25532
47985,25364
47986,25850
47987,25023
47988,25772
47989,25876
47990,25872
47991,24888
47992,25870
47993,25185
47994,25874
47995,25416
47996,25185
47997,25185
47998,25790
47999,25412
48000,25432
48001,25853
48002,25881
48003,25882
48004,25631
48005,25883
48006,25885
48007,25884
48008,25888
48009,25648
48010,25890
48011,25889
48012,25880
48013,25891
48014,14683
48015,16332
48016,25855
48018,25894
48019,25894
48020,25432
48021,22561
48022,25625
48023,25730
48024,25579
48025,25161
48026,25879
48027,25878
48028,25877
48029,25861
48030,25872
48031,25416
48032,25895
48033,25897
48034,25692
48035,25898
48036,25899
48037,25721
48038,25901
48039,25063
48040,25908
48041,25526
48042,25876
48043,23160
48044,25808
48045,25432
48046,25910
48047,23113
48048,25611
48049,23116
48050,25909
48051,25432
48052,25185
48053,25407
48054,25407
48055,25860
48056,25859
48057,25432
48058,25887
48059,25415
48060,25265
48061,25532
48062,25611
48063,25432
48064,25432
48065,25918
48066,25625
48067,25929
48068,25930
48069,25364
48070,25734
48071,25911
48072,25920
48073,25921
48074,25432
48075,25931
48076,25919
48077,25460
48078,25935
48079,25188
48080,25398
48081,25190
48082,25731
48083,25731
48084,25185
48086,25432
48087,25200
48088,25432
48089,25860
48090,25859
48092,
48093,
48094,
48095,25924
48096,25924
48097,25937
48098,25932
48099,25923
48100,25925
48101,25943
48102,25927
48104,25734
48105,25826
48106,25161
48107,25939
48108,25926
48109,25940
48110,25744
48111,25941
48112,25893
48113,25892
48114,25756
48115,25944
48116,25636
48117,25946
48118,25837
48119,25242
48120,25947
48121,24932
48122,25185
48123,25432
48124,21497
48125,25407
48126,25185
48127,25200
48128,25432
48129,25739
48130,25909
48131,25911
48132,25929
48133,25949
48134,23160
48135,24888
48136,25951
48137,25951
48140,25842
48141,25841
48142,25839
48143,25838
48144,25567
48145,25429
48146,25428
48147,25430
48151,25555
48152,12965
48153,25451
48154,25702
48155,25265
48156,25481
48157,25942
48158,25367
48159,25576
48160,25933
48161,25934
48162,25665
48163,25665
48164,25432
48165,25432
48166,23160
48167,22561
48169,25625
48170,25897
48171,25964
48172,25724
48173,25965
48174,25928
48175,25966
48176,25971
48177,25738
48178,25972
48179,25692
48180,25625
48181,25873
48182,24888
48183,25765
48184,25975
48185,25924
48186,25976
48187,25454
48188,25407
48189,25979
48190,25948
48191,25980
48192,25953
48193,16332
48194,25954
48195,25955
48196,25812
48197,25956
48198,25407
48199,16279
48200,25977
48201,25983
48202,25929
48203,25648
48204,25780
48205,25984
48206,25185
48207,25934
48208,25519
48209,24976
48210,25983
48211,25432
48212,25871
48213,23781
48214,25842
48215,25974
48216,25902
48217,25987
48218,16332
48219,25864
48220,25765
48221,25770
48222,25916
48223,25952
48224,25915
48225,25063
48226,25988
48227,25730
48228,25948
48229,25625
48230,25972
48231,25416
48232,25856
48233,25994
48234,25200
48235,25944
48236,25665
48237,24888
48238,25432
48239,25995
48240,21497
48241,25185
48242,25638
48243,25743
48244,25190
48245,25190
48246,25996
48247,25963
48248,25997
48249,25997
48250,25432
48251,25965
48252,25432
48253,25185
48254,25185
48255,19991
48256,25185
48257,25859
48258,25772
48259,25190
48260,25407
48261,25407
48262,22985
48263,25859
48264,25772
48265,25993
48266,25027
48267,25998
48268,23160
48269,24670
48270,24669
48271,24663
48272,25989
48273,25979
48274,25942
48275,25860
48276,25999
48277,25991
48279,25994
48280,25773
48281,25884
48282,25978
48283,25978
48284,25811
48285,26000
48286,26001
48287,24976
48288,25665
48289,24888
48290,26005
48291,25454
48292,25063
48293,24830
48294,25989
48295,25631
48296,23752
48297,23754
48298,25994
48299,25967
48300,25968
48301,25969
48302,25965
48303,25970
48304,26013
48305,25217
48306,25217
48307,25943
48308,25916
48309,25811
48310,25625
48311,26014
48312,25546
48313,14693
48314,14693
48315,17171
48316,17171
48317,25866
48318,25743
48319,25354
48320,25354
48321,25651
48322,25610
48323,26018
48324,25887
48325,25730
48326,23160
48328,25648
48329,24039
48330,22985
48331,25200
48332,25407
48333,26003
48334,25801
48335,25665
48336,24888
48337,25811
48338,25185
48339,26002
48340,26028
48341,25951
48342,25976
48343,25191
48344,25948
48345,24039
48346,26033
48347,25930
48348,25185
48349,25185
48350,25432
48351,25185
48352,25432
48353,25185
48354,25364
48355,26034
48356,16279
48357,16912
48358,16912
48359,26029
48360,25775
48361,26036
48362,26036
48363,26036
48364,22606
48365,26027
48366,26026
48367,26035
48368,25882
48369,25881
48370,24868
48371,25407
48372,
48373,26003
48374,25625
48375,25864
48376,26038
48377,26039
48378,26044
48379,25724
48380,26046
48381,25933
48382,25200
48383,23919
48384,25868
48385,25868
48386,25866
48387,22985
48388,25200
48389,25994
48390,25651
48391,25631
48392,26053
48393,25191
48395,25648
48396,25185
48397,25185
48398,25185
48399,25432
48400,25432
48401,25978
48402,25820
48403,26036
48404,26036
48407,26036
48408,26036
48409,26057
48410,26056
48411,17164
48412,25738
48413,26058
48414,26055
48415,26055
48416,25526
48417,26060
48418,25584
48419,25951
48420,25593
48421,25959
48422,25957
48423,25958
48425,25567
48426,24888
48427,25415
48428,25415
48429,24888
48430,25200
48431,22985
48432,25407
48433,26067
48434,24888
48435,25185
48436,26003
48437,25840
48438,26068
48439,26061
48440,26070
48441,26038
48442,25795
48443,25996
48444,25625
48445,22985
48446,26073
48447,26074
48448,25730
48449,25743
48450,25546
48451,26082
48452,26078
48453,25064
48454,25925
48455,26083
48456,25407
48457,24976
48458,24976
48459,25554
48460,25555
48462,25795
48465,26084
48466,26084
48467,25200
48470,25407
48474,25820
48476,25429
48477,25429
48478,25781
48479,26036
48480,26085
48481,26086
48482,26098
48483,26097
48484,26096
48485,26095
48486,26094
48487,26093
48488,26092
48489,4327
48490,26091
48491,26090
48492,26088
48493,26089
48494,26099
48495,26087
48496,26084
48497,26084
48498,26084
48499,26084
48501,25802
48502,26084
48503,17116
48504,25802
48505,25593
48506,26072
48507,26101
48508,25432
48509,25185
48510,25185
48511,25432
48512,24652
48513,17116
48515,26102
48516,26079
48517,26069
48518,26050
48519,25958
48520,26048
48521,25903
48522,25064
48523,26103
48524,25724
48525,26104
48526,26114
48527,25965
48528,26073
48529,26115
48530,26119
48531,26118
48532,26118
48533,26117
48534,26120
48535,26120
48536,26117
48537,26118
48538,26119
48539,26121
48540,25979
48541,26124
48542,26124
48543,26122
48544,25743
48546,26072
48547,26128
48548,26127
48549,25820
48550,24888
48551,25415
48552,26083
48553,25795
48555,25407
48556,25185
48557,25407
48559,25185
48560,25625
48561,25730
48562,25866
48563,24976
48564,25794
48565,25794
48566,25774
48567,25774
48568,25610
48569,25610
48570,25432
48571,25185
48572,25432
48573,25821
48574,25724
48575,25841
48576,25724
48577,25965
48578,26122
48579,25730
48580,25902
48581,26080
48582,378
48583,378
48584,378
48585,378
48586,25063
48587,25063
48588,25625
48589,25593
48590,25584
48591,25864
48592,26047
48593,26115
48594,26074
48595,26130
48596,25185
48597,25794
48598,25794
48599,25774
48600,26049
48601,25288
48602,25354
48603,25665
48604,26114
48605,25738
48606,26135
48607,25957
48608,25958
48609,25960
48610,26134
48611,25371
48612,24334
48613,24336
48614,25957
48615,16912
48616,17116
48617,25631
48618,26104
48619,25974
48620,25025
48621,16913
48622,25802
48623,25743
48624,17319
48625,26132
48626,26045
48627,14709
48628,14694
48629,14713
48630,26139
48632,23752
48633,25665
48634,25965
48635,26117
48636,25185
48637,26140
48638,25185
48639,25364
48640,26141
48641,26062
48642,26063
48643,26142
48644,26066
48645,25288
48647,25794
48648,26143
48649,25253
48650,25253
48651,26138
48653,26146
48654,26147
48656,26145
48657,25902
48658,26080
48659,25811
48660,25802
48661,14693
48662,14693
48663,17164
48664,17164
48665,14712
48666,26143
48667,25546
48668,26144
48670,26151
48672,26148
48673,26149
48674,26150
48675,26153
48676,25364
48677,26152
48678,25534
48679,26158
48680,26159
48681,26045
48682,26160
48683,26155
48684,16912
48685,17116
48686,17116
48687,14713
48688,14694
48689,26168
48690,25979
48691,26063
48692,26062
48693,17319
48694,26124
48695,26098
48696,26097
48697,26173
48698,25958
48699,26175
48700,25025
48701,26174
48702,26066
48703,26176
48704,26065
48705,26064
48706,26178
48707,26180
48708,26180
48709,26070
48710,26177
48711,25730
48712,25774
48713,26134
48714,25795
48715,26074
48716,
48717,
48718,26184
48719,26185
48720,25415
48721,25415
48722,25407
48723,25610
48724,25774
48725,25602
48726,26000
48727,26134
48728,26135
48729,26015
48731,25185
48732,25185
48733,25185
48734,25743
48735,26002
48736,25185
48737,26187
48738,26187
48741,24888
48743,25320
48744,25795
48745,26191
48746,26190
48747,25835
48748,24888
48749,24976
48750,26183
48751,26192
48752,24401
48753,23754
48754,24401
48755,25884
48756,23752
48757,23754
48758,25832
48759,25832
48760,24888
48761,25610
48762,26179
48763,25407
48764,25185
48765,25063
48766,26189
48767,26189
48768,26189
48769,26193
48770,25724
48771,26194
48772,25407
48773,26000
48774,26000
48775,26000
48776,26000
48777,21497
48778,26104
48779,26104
48780,26079
48781,25354
48782,25354
48783,26153
48784,26152
48785,25898
48786,26182
48787,26181
48788,26130
48789,26117
48790,25965
48791,26144
48792,25832
48793,26176
48794,26138
48795,25364
48796,26190
48797,26084
48798,14709
48799,14694
48800,26310
48801,14713
48802,14713
48803,26065
48804,26064
48805,26063
48806,26174
48807,26178
48808,26062
48809,25743
48810,25253
48811,21281
48812,21281
48815,25665
48816,25415
48817,25774
48818,26202
48819,26053
48820,25665
48821,26134
48822,16912
48823,25415
48824,25185
48825,14712
48826,26074
48827,26083
48828,25774
48829,26203
48830,26201
48831,21281
48832,21281
48833,21281
48834,21281
48835,26201
48836,26201
48837,26201
48838,25610
48839,25795
48840,25794
48841,25185
48842,24976
48843,26036
48844,26187
48845,26205
48846,26114
48847,4327
48849,14692
48850,26206
48851,25636
48852,26047
48853,26215
48854,26160
48855,26070
48856,25185
48857,25665
48858,25185
48859,25974
48860,26117
48861,25965
48862,26104
48863,26117
48864,26216
48865,26201
48866,26217
48867,26218
48868,25061
48869,26143
48870,26143
48871,26143
48872,26065
48873,25902
48874,26219
48875,25958
48876,25457
48877,25373
48878,26212
48879,25470
48880,26105
48881,26105
48882,26195
48883,25161
48884,26178
48885,26220
48886,25802
48887,26066
48888,26223
48889,26223
48890,26223
48891,26223
48892,26223
48893,26223
48894,25063
48895,26226
48896,26224
48897,23160
48898,26055
48901,25864
48902,25864
48903,21497
48904,21281
48905,25774
48906,25794
48907,25794
48908,25185
48909,25185
48910,25185
48911,25185
48912,25837
48914,25890
48915,26211
48916,26211
48917,26211
48918,26078
48919,25813
48920,21633
48921,26084
48923,26227
48924,25583
48925,25582
48926,25415
48927,25407
48928,25185
48929,25602
48930,26135
48931,24888
48932,25407
48933,26228
48934,26219
48935,26225
48936,26133
48937,26131
48938,26229
48939,378
48940,25161
48941,25665
48942,26149
48943,25774
48944,25061
48945,26230
48946,14709
48947,14709
48948,25995
48949,17096
48950,26203
48951,25958
48952,25185
48953,26229
48954,26229
48955,26229
48957,25282
48958,25938
48959,26231
48960,25185
48961,23160
48962,26232
48963,25185
48964,25185
48965,16287
48966,16913
48967,26124
48968,25582
48969,25802
48970,23752
48971,23752
48972,25583
48973,26084
48974,26239
48975,25554
48977,21633
48978,21633
48979,21633
48980,21633
48981,21633
48982,21633
48983,26240
48984,26074
48985,25185
48986,26124
48987,25665
48988,24888
48989,25185
48990,26216
48991,25733
48992,378
48993,25161
48994,
48995,
48997,26236
48998,26235
48999,26233
49000,26234
49001,26203
49002,26233
49003,14692
49004,24888
49005,25407
49006,25794
49007,25837
49011,22606
49012,26027
49013,26242
49014,26151
49015,26244
49016,25064
49017,25185
49018,26236
49019,26074
49020,21497
49021,26223
49024,25407
49025,25794
49026,16287
49027,25583
49028,16287
49030,21633
49031,16912
49032,25801
49033,14696
49034,16279
49035,26237
49036,26187
49038,22061
49039,25185
49040,
49041,21497
49042,21497
49043,21497
49044,21497
49045,25457
49046,26069
49047,26246
49048,4574
49049,14718
49050,26248
49051,26249
49052,26250
49053,26250
49055,25185
49056,25185
49057,26251
49058,25185
49059,25602
49060,26232
49061,25161
49062,378
49063,16287
49064,25801
49065,26252
49066,26255
49067,26243
49068,26256
49069,25835
49070,24401
49071,24401
49072,24888
49073,25665
49074,25602
49075,14696
49076,26030
49077,26259
49078,25743
49079,26257
49080,25832
49081,26135
49082,26084
49083,25554
49084,26084
49085,21497
49086,25185
49087,25185
49088,25583
49089,25185
49090,24888
49091,24888
49092,25665
49093,26245
49094,25743
49095,26063
49096,16913
49097,14692
49098,26062
49099,26192
49101,25960
49102,16287
49103,26203
49104,26240
49105,25185
49106,25665
49107,25583
49108,26260
49109,25583
49110,25185
49111,25602
49112,26232
49113,26237
49114,26216
49115,26232
49116,26263
49117,25161
49118,26232
49119,25185
49120,26216
49121,26248
49122,26248
49123,26264
49124,26264
49125,25774
49126,25555
49127,25554
49128,16279
49129,25802
49130,25185
49131,25583
49132,24262
49133,25864
49134,26187
49136,16913
49137,26249
49138,16279
49139,26232
49140,16912
49141,14707
49142,25602
49143,25801
49144,14720
49145,26265
49147,26177
49148,16287
49149,16913
49151,26264
49152,26264
49153,26223
49154,26248
49155,26259
49156,21633
49157,21633
49158,25185
49159,26229
49160,26216
49161,26232
49162,26263
49163,25161
49164,16287
49165,16287
49166,25554
49167,26084
49168,22123
49169,25802
49170,14692
49171,14692
49172,14696
49173,14696
49174,26211
49179,21788
49180,26268
49181,26065
49182,26064
49183,26184
49184,26177
49185,26274
49186,26274
49187,24888
49188,26000
49189,25835
49190,26255
49191,25837
49192,26267
49193,26248
49195,26275
49196,16913
49197,14696
49198,25801
49199,26238
49200,26036
49201,26036
49202,26188
49203,26055
49204,26188
49205,25602
49206,26074
49207,26187
49208,4574
49209,26238
49210,26275
49211,26084
49212,24888
49213,26266
49214,16279
49215,25774
49216,26245
49217,24888
49218,25774
49219,26245
49220,26266
49221,26267
49222,26250
49223,23160
49224,26236
49225,25185
49227,23160
49228,25555
49229,25602
49230,378
49231,25960
49232,26265
49233,26232
49234,26192
49236,378
49237,26277
49239,26279
49240,26249
49241,26249
49243,26282
49244,26243
49245,16912
49246,25832
49247,26280
49248,26223
49249,26285
49250,25185
49251,21497
49252,25743
49253,26267
49255,25185
49256,25743
49257,26000
49258,25801
49259,26238
49260,25864
49261,25602
49262,26288
49263,23160
49264,26201
49265,26142
49266,25185
49267,25064
49268,25185
49269,21633
49270,26296
49271,26283
49272,25282
49273,26287
49275,25802
49276,25802
49277,26189
49278,26060
49279,25929
49280,26031
49281,25064
49282,26216
49283,26289
49284,16279
49285,25185
49286,12955
49287,12955
49288,12955
49289,12955
49290,12955
49291,25801
49292,26142
49293,378
49294,26274
49295,26277
49296,21963
49297,26298
49298,26297
49299,16912
49300,16912
49301,16272
49302,26301
49303,26279
49304,25743
49305,23160
49306,23160
49307,25185
49308,26223
49309,25774
49310,26238
49311,26238
49312,26238
49313,26238
49314,25371
49315,26264
49316,26304
49317,25185
49318,25897
49319,26305
49320,24888
49321,26305
49322,16287
49323,24888
49324,26245
49325,26300
49326,25864
49327,26306
49329,24499
49330,25924
49331,26158
49332,26140
49333,22123
49334,22123
49335,26000
49336,25977
49337,26307
49338,26307
49339,26245
49340,26302
49341,26287
49342,25774
49344,25555
49345,25555
49346,26308
49347,24401
49348,25250
49349,25216
49350,26287
49351,26084
49352,26084
49353,26084
49354,26084
49355,26267
49356,23160
49357,26223
49358,26311
49359,26266
49360,25743
49361,26279
49362,21788
49363,26192
49364,19600
49365,
49366,25185
49367,378
49368,26306
49369,26223
49370,26305
49371,25457
49372,25929
49373,26060
49374,26312
49375,25185
49376,25457
49377,26275
49378,26313
49379,25064
49380,25861
49381,25770
49382,26289
49384,25774
49385,26245
49386,25924
49387,23160
49388,26267
49389,26264
49390,14723
49391,26266
49392,26266
49393,25802
49394,26312
49395,25887
49396,26315
49397,25185
49398,4327
49399,26287
49400,26220
49401,26258
49402,26317
49403,26306
49404,26219
49405,26310
49406,25354
49407,26189
49409,26306
49410,26321
49411,26320
49412,26319
49413,26318
49414,26201
49415,26201
49416,26279
49417,25554
49418,4574
49419,25774
49420,26223
49421,26306
49422,23160
49423,23160
49424,4574
49425,25185
49426,26203
49427,26308
49428,23160
49429,25887
49430,26324
49431,26325
49432,26211
49433,25250
49434,16913
49436,26327
49437,26322
49438,25225
49439,17076
49440,17078
49441,17077
49442,25185
49443,26312
49444,13797
49445,25161
49447,378
49449,26084
49450,25602
49451,26289
49452,26000
49453,26326
49454,26328
49455,25185
49456,25185
49457,25185
49458,25774
49459,25216
49460,4574
49461,26287
49462,25774
49464,16279
49465,26189
49466,26083
49467,26158
49469,26334
49470,26296
49471,25977
49473,25250
49474,26304
49475,26306
49476,26306
49477,26220
49478,26220
49479,26223
49480,26332
49481,26335
49482,22123
49484,25371
49485,378
49486,378
49487,26336
49488,26337
49489,16279
49490,16279
49491,25457
49492,25802
49493,26211
49494,26328
49495,26326
49496,26312
49497,26338
49498,25554
49499,25224
49500,25185
49501,26318
49502,26319
49503,26320
49504,25868
49505,25868
49506,25868
49507,4574
49508,26083
49509,17078
49510,25225
49511,17076
49512,16913
49513,16913
49514,16913
49515,26201
49516,25887
49517,25886
49518,25185
49519,26312
49520,25554
49521,26000
49522,25868
49523,22123
49524,22123
49525,26287
49526,26203
49527,17077
49528,25250
49529,26084
49530,26084
49531,26084
49532,26084
49533,26220
49534,25216
49535,26325
49536,17076
49537,26000
49538,26289
49539,26062
49540,26062
49541,26344
49542,26346
49543,26345
49544,26053
49545,26348
49546,26074
49547,26349
49548,26343
49549,25602
49550,26347
49551,26216
49552,26223
49553,26352
49554,25185
49555,25868
49556,25868
49557,26306
49559,26238
49560,26201
49561,25371
49562,12955
49563,12955
49564,12955
49565,12955
49566,12955
49567,21497
49568,21497
49569,21497
49570,21497
49571,21497
49572,26353
49573,26358
49574,25862
49575,25981
49576,378
49577,26274
49578,25241
49580,25554
49581,26359
49582,26323
49583,26360
49584,26361
49585,26331
49586,26364
49587,26158
49588,25775
49589,26367
49590,26363
49591,24590
49592,24771
49593,24771
49594,24268
49595,26223
49596,24925
49597,26083
49598,25801
49599,26266
49600,23197
49601,26000
49602,26289
49603,26236
49604,25602
49605,26287
49606,25225
49607,26371
49608,26306
49609,24968
49610,26377
49611,26376
49612,25554
49613,25897
49614,25861
49615,378
49616,25457
49617,26371
49618,26371
49619,26371
49620,26371
49621,26371
49622,26373
49623,26061
49624,26372
49625,23597
49626,26380
49627,25958
49628,4574
49629,26069
49630,26069
49631,26287
49632,25802
49633,25802
49634,17084
49635,25225
49636,26380
49637,25927
49638,
49639,26306
49640,26223
49641,26220
49642,26381
49643,25602
49644,26385
49645,26384
49646,26387
49647,26392
49648,26371
49649,26378
49650,26379
49651,26379
49652,25774
49654,24968
49655,24968
49656,26376
49657,26376
49658,26388
49659,26389
49660,26390
49661,26391
49662,24590
49663,26375
49664,26300
49665,24771
49666,25225
49667,24505
49668,25974
49669,26338
49670,25224
49671,26403
49672,26404
49673,26395
49674,26383
49675,17077
49676,25185
49677,17078
49678,26267
49679,26325
49680,16913
49681,26300
49682,26312
49683,26394
49684,26376
49685,26399
49686,25868
49687,25185
49689,25185
49690,17076
49691,25216
49692,26381
49693,26238
49694,26378
49695,4574
49696,26396
49698,26405
49699,25801
49700,25801
49701,26410
49702,378
49703,26409
49705,25225
49706,25977
49707,26401
49708,26267
49709,22123
49710,26325
49712,26411
49713,26216
49714,26232
49715,24401
49716,25191
49717,26084
49718,26320
49719,26213
49720,25250
49722,26053
49723,26267
49724,26414
49725,25025
49726,26047
49727,25224
49728,26211
49729,26403
49730,23597
49731,26387
49732,25185
49733,26084
49734,26238
49735,26238
49736,26284
49737,26284
49738,26000
49739,26000
49740,26365
49741,26382
49742,26370
49743,26379
49744,4574
49745,4574
49746,26070
49747,26423
49748,378
49749,25648
49750,26084
49751,26084
49752,26424
49753,26084
49754,26084
49755,26084
49756,26084
49757,26419
49758,26084
49759,26417
49760,
49761,26410
49762,26201
49763,26400
49764,25837
49765,26428
49766,23197
49767,26419
49768,25955
49769,26403
49770,17078
49771,26420
49772,26213
49773,25185
49774,25868
49775,25938
49776,26425
49777,26400
49778,26418
49779,26418
49780,26359
49781,26429
49783,25185
49784,25796
49785,25734
49786,26232
49787,26371
49788,24968
49789,16913
49790,25602
49791,26289
49792,26000
49793,25801
49794,
49795,26430
49796,26431
49797,26433
49798,26373
49799,26434
49800,25226
49801,25955
49802,26117
49803,26216
49804,26440
49805,26435
49806,4327
49807,26442
49808,26442
49809,26211
49810,26000
49811,26371
49813,24968
49815,26375
49816,26443
49817,26232
49818,26213
49819,26441
49820,26000
49821,26440
49823,16913
49824,26061
49825,26447
49826,17319
49827,26450
49828,26450
49829,26450
49830,26450
49831,26450
49832,26450
49833,26451
49834,26387
49835,26452
49836,25602
49837,26289
49838,26376
49839,26238
49840,26453
49841,17078
49842,25216
49843,26371
49844,26289
49845,26000
49846,26284
49847,26455
49848,26410
49849,26410
49850,26454
49851,17077
49852,17077
49853,26431
49854,26425
49855,26434
49856,26457
49857,26460
49858,26462
49859,26446
49860,25025
49861,26465
49862,26466
49863,23083
49864,25927
49865,20166
49866,26469
49867,26470
49869,26468
49870,26471
49871,25185
49872,25185
49873,26473
49874,25602
49875,25602
49876,25837
49877,25224
49880,26321
49883,26411
49884,26467
49885,26474
49886,26456
49887,21497
49888,21497
49890,21497
49891,21497
49893,12955
49894,12955
49895,12955
49896,12955
49897,12955
49898,25226
49899,17076
49900,25224
49901,26375
49902,25862
49903,26318
49904,378
49905,378
49906,26146
49907,26229
49908,26445
49909,26445
49910,26426
49911,26472
49912,26464
49913,26463
49914,378
49915,26438
49916,25938
49917,26476
49918,26456
49919,26455
49920,26477
49921,26466
49922,26418
49923,24401
49924,25216
49925,26452
49926,26468
49927,16913
49928,25224
49929,26436
49930,26480
49931,26481
49932,26481
49933,26481
49934,26482
49935,25730
49936,26129
49937,26483
49938,26461
49939,26461
49940,26461
49941,25185
49942,25602
49943,26120
49944,26119
49945,26289
49946,26411
49947,26453
49948,26481
49949,26104
49950,26384
49951,26061
49952,26400
49953,26371
49954,26428
49955,26084
49956,25185
49958,26468
49959,26468
49961,26441
49962,26474
49963,26238
49964,25924
49965,25224
49966,26424
49967,25185
49968,26493
49969,26493
49970,26492
49971,26490
49972,26491
49973,26001
49974,26117
49976,26494
49977,26059
49978,26036
49979,26059
49980,26059
49981,26059
49982,26451
49983,26473
49984,24539
49985,17076
49986,25734
49987,26499
49988,23803
49989,23803
49990,26104
49991,26319
49992,26462
49993,26500
49994,26494
49997,25225
49998,26391
50000,25801
50001,25801
50002,26476
50003,26498
50004,26220
50005,16203
50006,25185
50007,26497
50009,26371
50010,25185
50011,26471
50012,26104
50013,26403
50014,26201
50015,26375
50016,26344
50017,25216
50018,25226
50019,26084
50020,26084
50021,25796
50023,26467
50025,26500
50026,25730
50027,26511
50028,26440
50029,26233
50030,23644
50031,26516
50032,25185
50033,26234
50034,25185
50035,26519
50036,26428
50037,26000
50039,16913
50040,25602
50041,26289
50042,26235
50043,26279
50044,26238
50045,26080
50046,26505
50047,26521
50048,26513
50049,26510
50050,26509
50051,26522
50052,26524
50053,21788
50054,26418
50055,26289
50056,26525
50057,17076
50058,26104
50059,25303
50060,26526
50061,26319
50062,26523
50063,26000
50064,25602
50065,25434
50066,25371
50067,25665
50068,25371
50069,26455
50070,26453
50072,26477
50073,26403
50074,24968
50075,24968
50076,24968
50077,24968
50078,24968
50080,24670
50081,24663
50082,25209
50083,24665
50084,26498
50085,26318
50086,16913
50087,26235
50088,26509
50089,26510
50090,25801
50091,26371
50092,25602
50093,25303
50094,26453
50095,26000
50096,26289
50097,26505
50098,26527
50099,26497
50100,26497
50101,26375
50102,26234
50104,26279
50106,25216
50107,26084
50108,26084
50109,26084
50110,26284
50111,26284
50112,25955
50113,26516
50114,26535
50115,24968
50116,26537
50117,26537
50118,26233
50119,26519
50120,26201
50121,26445
50122,26532
50123,26531
50124,26530
50127,26539
50128,378
50129,24968
50130,26540
50131,26541
50132,26529
50133,26376
50134,26321
50135,26428
50136,17076
50137,25665
50138,26371
50139,25602
50140,26000
50141,26289
50142,26464
50143,26464
50144,26472
50145,25970
50146,24675
50147,26084
50148,26483
50149,24539
50150,4327
50151,26545
50152,25665
50153,25801
50154,26431
50155,26229
50156,26232
50157,26547
50158,26547
50159,25185
50160,26548
50161,26527
50162,26498
50163,23803
50165,24968
50166,24968
50167,24968
50168,24968
50169,24968
50170,26371
50171,26519
50172,26235
50173,26234
50174,25922
50175,26451
50176,26520
50177,25835
50178,26279
50179,26552
50180,26535
50181,26250
50182,26568
50183,26431
50184,26431
50185,25216
50186,26524
50187,26570
50188,26522
50189,26201
50190,21281
50191,26576
50193,26579
50194,25604
50195,25604
50196,26573
50197,26547
50198,26547
50199,24675
50200,25970
50201,26492
50202,26490
50203,26493
50204,26400
50205,26544
50206,26543
50207,26538
50208,26238
50209,24968
50210,26578
50211,25922
50213,26520
50214,26522
50215,26461
50216,26588
50217,25320
50218,26592
50219,26593
50221,24675
50222,25970
50223,26594
50224,26428
50225,26595
50226,26452
50228,25862
50229,25418
50230,26464
50231,26321
50232,26472
50233,25989
50234,26523
50235,26319
50236,26532
50237,26596
50238,26596
50239,25927
50240,25602
50241,26289
50242,26000
50243,17077
50244,26545
50245,24968
50246,23803
50247,26235
50248,26477
50249,26403
50250,26279
50251,16913
50252,26233
50253,26522
50254,26201
50255,26452
50256,26598
50257,26534
50258,26603
50259,26604
50260,26605
50261,26606
50262,26607
50263,26436
50264,24968
50265,26608
50266,25861
50267,25897
50268,26609
50269,24968
50270,26520
50271,26544
50272,16913
50273,25602
50274,26000
50275,26289
50276,26371
50277,25602
50278,26000
50279,26289
50280,26371
50281,26238
50282,25602
50283,26000
50284,26289
50285,26371
50286,26552
50287,26135
50288,26001
50289,25185
50290,25927
50291,26612
50292,26382
50293,26601
50294,26574
50295,26574
50296,25531
50297,378
50298,26611
50299,26620
50300,25801
50301,25801
50302,25224
50305,26616
50306,26615
50307,16913
50308,26614
50309,26613
50310,26595
50311,26403
50312,26621
50313,26490
50315,26129
50317,26491
50318,26576
50319,23803
50320,26279
50321,26622
50322,26623
50323,21281
50324,26624
50325,26625
50326,26210
50327,25209
50328,26084
50329,26084
50330,26626
50331,26628
50332,26436
50333,26606
50334,26605
50335,26603
50336,26632
50337,26527
50338,26634
50339,26640
50340,26642
50341,24968
50342,24968
50343,26646
50344,24968
50345,26573
50346,26238
50347,24670
50348,26400
50349,26629
50350,26631
50351,26633
50352,24968
50353,26635
50354,21497
50355,12955
50356,12955
50358,12955
50359,12955
50360,26636
50361,26461
50362,25531
50363,26461
50364,26637
50368,26638
50369,25418
50370,21649
50371,26602
50374,25226
50375,26450
50376,26450
50377,26450
50379,26645
50380,26419
50381,26644
50382,26450
50383,26643
50384,26514
50385,26641
50386,26641
50388,26651
50390,26652
50391,26525
50392,25989
50393,26433
50394,26649
50395,26655
50396,
50398,26493
50399,26548
50400,26657
50401,26658
50402,26659
50403,26625
50404,25638
50405,25638
50406,25927
50407,26660
50408,26662
50409,26662
50410,26662
50411,26662
50412,25226
50413,26663
50414,26493
50415,26664
50416,26650
50417,
50419,
50420,26622
50421,26406
50422,25216
50423,26525
50424,26084
50425,26493
50426,26623
50427,26210
50428,26491
50429,26490
50431,26201
50432,26235
50433,26279
50434,26595
50435,26670
50436,26211
50437,26436
50438,26671
50439,26445
50440,26605
50441,26666
50442,26673
50443,25193
50444,26675
50445,24968
50446,24968
50447,26641
50448,25933
50449,25665
50450,26238
50451,26471
50452,26677
50453,26677
50454,26668
50455,24968
50456,25943
50457,26433
50458,26616
50459,26667
50460,26497
50461,25224
50462,21497
50463,21497
50464,21497
50465,21497
50466,26641
50467,26657
50468,26545
50469,26610
50470,25027
50471,26602
50472,26643
50473,26679
50474,26641
50475,25185
50476,26676
50477,25185
50479,26542
50480,26059
50481,26665
50482,25185
50483,26502
50484,26669
50485,26672
50486,26663
50487,24968
50488,26657
50489,26682
50490,26683
50492,24968
50493,25216
50494,26201
50495,26622
50496,26623
50497,26643
50498,23803
50499,26670
50500,17319
50501,26636
50502,4327
50503,26321
50504,26220
50505,26059
50506,26542
50507,26678
50508,26680
50509,26681
50511,24670
50512,16913
50513,16913
50514,26461
50515,26686
50516,26687
50518,26659
50519,26658
50520,26403
50521,26678
50522,25193
50523,24968
50524,24968
50525,24968
50526,24968
50527,25801
50528,25226
50529,25638
50530,26452
50531,25665
50532,25861
50533,26318
50534,25862
50535,25981
50536,26426
50537,25665
50538,25665
50539,26683
50540,26238
50541,26321
50542,21633
50543,26419
50544,26602
50545,26602
50546,26671
50547,25224
50548,26687
50549,26686
50550,26671
50551,26660
50552,26622
50553,26493
50554,26491
50555,26480
50556,17319
50557,26433
50558,26689
50559,26689
50560,26601
50561,26532
50562,26426
50564,26319
50565,26532
50566,26532
50568,26574
50569,25801
50570,26471
50571,26692
50573,26493
50574,26129
50575,26502
50576,25193
50577,26490
50578,26628
50579,26650
50580,26592
50581,26238
50582,25224
50583,26655
50584,26620
50585,26433
50586,26210
50587,26604
50588,26629
50589,26084
50590,26084
50592,26665
50593,26502
50594,26696
50598,26698
50599,26695
50600,26634
50601,26699
50602,26700
50603,26220
50606,26701
50607,21281
50608,17319
50609,26703
50610,26605
50611,26704
50612,24968
50613,26693
50614,25897
50615,26445
50617,24968
50618,26667
50619,24968
50620,26697
50621,26400
50622,26708
50623,26433
50624,26709
50625,26705
50626,26471
50627,21633
50628,26664
50629,26371
50630,26000
50631,25665
50632,26710
50633,26711
50634,26686
50636,17319
50637,26687
50638,26318
50639,25861
50640,25981
50641,26684
50642,26426
50644,26213
50645,21281
50646,26712
50647,25933
50648,26001
50649,26710
50650,26594
50651,26403
50652,23803
50653,21633
50654,26714
50656,26715
50657,26673
50661,26493
50662,26713
50663,26706
50665,23803
50666,26719
50667,25226
50668,25665
50669,26641
50670,26643
50671,25989
50672,26689
50673,26129
50674,26686
50675,26238
50676,26611
50677,26551
50678,26611
50679,26611
50680,26611
50681,26611
50682,26667
50683,25193
50684,26712
50685,26709
50686,26714
50687,26604
50688,26701
50689,26400
50690,26721
50692,26223
50693,26722
50694,26723
50695,26724
50696,17319
50697,16913
50698,26210
50699,26210
50700,26725
50701,26592
50702,26726
50703,26727
50704,26728
50705,26624
50706,26717
50707,
50708,26720
50709,14724
50710,26664
50711,26426
50712,26601
50713,25897
50714,26574
50715,26718
50716,26605
50717,25224
50718,26704
50719,25418
50720,24670
50721,25418
50722,25418
50723,24670
50724,24968
50725,26471
50726,26636
50727,26686
50728,26433
50729,26433
50730,26714
50731,26716
50732,25226
50733,26129
50734,26686
50735,378
50736,26729
50737,26493
50738,26730
50739,26730
50740,26730
50741,26720
50742,26363
50743,26084
50744,25224
50745,26733
50746,26734
50747,26735
50748,26694
50749,26669
50752,
50753,26609
50754,26715
50755,26706
50756,16913
50757,
50758,
50759,26712
50760,26708
50761,
50762,
50763,
50764,
50765,26491
50766,26492
50767,26739
50768,26738
50769,9460
50770,26135
50771,26741
50772,26740
50773,25434
50774,26604
50775,24968
50776,26689
50777,26220
50778,26732
50779,26714
50780,26731
50781,26757
50782,26698
50784,26736
50785,26687
50786,26624
50787,26754
50788,26601
50789,26542
50790,26238
50791,26692
50792,26758
50793,21497
50794,12955
50795,26753
50796,26737
50797,17319
50798,26759
50799,26729
50800,26760
50801,26706
50802,26678
50803,26461
50804,26755
50805,26738
50806,26738
50807,26738
50808,26738
50809,26738
50810,25743
50811,26762
50812,26763
50813,26761
50814,16913
50815,26754
50816,26601
50817,26426
50818,12955
50819,4574
50820,26664
50821,21281
50822,4574
50823,26732
50824,26687
50825,26698
50826,21497
50827,26686
50828,12955
50829,12955
50830,12955
50831,25193
50832,26491
50833,26624
50834,26765
50835,26769
50836,26701
50837,26755
50838,26738
50839,26738
50840,26770
50841,26780
50842,26782
50843,26784
50845,26784
50846,26785
50847,26715
50848,26706
50849,26786
50850,26788
50851,26084
50852,26084
50853,26792
50854,26652
50855,26524
50856,26793
50857,26491
50858,26493
50860,26210
50861,26794
50862,26129
50863,26795
50864,26766
50865,26767
50866,26768
50867,26779
50868,24968
50870,26781
50871,21497
50872,26732
50873,26692
50874,26783
50875,26801
50876,26729
50877,26729
50878,25185
50879,26461
50880,25193
50881,25193
50882,25193
50883,26791
50884,26791
50885,26611
50886,26611
50887,26611
50888,26791
50889,26611
50890,26602
50891,25224
50892,26813
50893,26811
50894,26812
50895,26761
50896,26646
50897,26814
50898,26796
50900,26805
50901,26815
50902,26816
50905,26818
50906,26689
50908,26819
50910,26823
50912,26664
50913,26824
50914,26824
50915,26461
50916,26702
50917,26825
50918,26826
50919,26689
50920,26794
50921,26210
50922,26210
50923,26493
50924,26788
50925,26840
50926,26792
50927,25111
50928,25743
50929,26795
50930,26844
50931,26847
50932,26849
50933,26770
50934,26492
50935,26765
50936,16913
50937,26852
50938,26851
50943,26763
50945,
50946,26711
50947,
50948,
50949,26783
50950,26790
50951,26864
50952,26611
50953,26865
50954,26611
50955,26862
50956,26814
50957,26863
50959,26857
50960,26433
50961,26220
50962,26848
50963,26838
50964,26839
50965,26850
50966,26238
50967,26854
50968,26855
50969,26805
50970,26858
50971,25224
50972,26868
50973,26827
50974,26827
50975,26611
50976,26611
50977,26811
50979,21497
50980,21497
50982,21497
50983,26702
50985,26706
50986,26715
50987,26870
50988,26812
50989,26867
50990,26860
50991,26872
50992,26871
50993,26673
50994,26817
50995,26858
50996,26867
50997,25531
50998,26594
50999,26816
51000,26818
51001,26819
51002,26853
51003,26755
51005,26709
51006,26689
51008,26802
51009,25185
51010,25185
51011,26220
51012,26868
51013,26687
51014,26686
51015,26687
51016,25224
51018,26877
51019,26877
51020,26878
51021,
51022,
51023,26879
51024,
51025,23920
51026,23920
51028,23920
51029,23920
51030,23920
51035,23920
51036,26784
51037,26201
51038,26684
51039,26880
51040,26875
51042,26881
51043,26445
51044,26860
51045,26882
51046,26884
51047,26885
51048,26673
51049,26770
51050,26886
51051,26887
51052,26888
51053,26890
51054,26889
51055,26893
51056,26895
51057,26861
51058,26899
51059,26900
51060,25834
51061,25836
51062,26891
51063,26891
51065,26862
51066,26868
51067,26741
51068,26784
51069,26874
51070,26755
51071,26894
51072,26892
51073,26750
51074,26876
51075,26873
51076,26740
51077,26238
51079,26238
51080,26238
51081,26238
51082,26611
51083,26611
51084,21633
51085,21633
51086,21633
51087,21633
51088,21633
51089,26689
51090,26862
51091,26692
51092,26869
51096,26790
51097,26602
51098,26602
51099,25864
51100,26084
51101,26493
51102,26851
51103,26904
51104,25531
51105,25933
51106,26907
51107,26905
51108,26372
51110,26783
51111,26729
51112,26729
51113,25185
51114,26698
51115,26908
51116,26909
51117,26802
51118,26878
51119,26875
51120,25743
51121,26740
51122,26684
51123,26915
51124,26438
51125,26918
51126,26758
51127,26915
51128,26791
51129,26794
51130,26877
51131,26913
51132,26742
51133,25531
51134,26827
51135,26922
51136,26921
51137,26220
51138,26879
51139,26711
51140,25185
51141,26790
51142,26687
51143,26686
51144,26923
51145,26805
51146,26758
51147,25193
51148,26848
51149,26461
51150,26823
51151,26689
51152,21633
51153,26924
51154,26755
51155,26925
51156,26210
51157,26686
51158,26687
51159,26794
51160,26897
51161,26926
51162,26926
51163,26711
51165,26884
51166,12955
51167,26919
51168,26914
51169,26743
51170,26888
51171,26883
51172,26706
51173,26906
51174,26903
51175,26805
51176,26709
51177,26702
51178,26740
51179,26201
51180,26814
51181,26757
51182,26930
51183,26932
51184,26934
51185,26729
51186,26611
51187,24944
51188,26493
51189,24944
51190,24944
51191,26210
51192,22561
51193,26940
51194,26941
51195,26209
51196,26763
51197,26943
51198,26944
51200,26846
51201,26844
51203,26574
51204,26951
51205,26952
51206,26445
51207,26747
51208,26828
51209,26611
51211,26930
51212,26927
51213,25193
51214,26931
51215,26802
51216,26802
51217,26923
51218,26935
51219,26862
51220,26878
51221,26936
51222,26878
51223,26908
51224,26813
51225,26791
51226,26848
51227,26937
51228,12955
51229,26972
51230,26784
51231,26784
51232,26942
51234,26827
51235,26922
51236,26975
51237,26974
51238,26921
51239,26928
51240,26929
51242,22561
51243,21497
51244,26885
51245,26641
51246,26960
51247,26870
51248,26977
51249,26937
51250,26974
51251,26717
51252,22123
51254,26711
51255,26814
51256,26978
51257,26979
51258,26851
51259,25743
51261,26728
51262,25989
51263,26729
51264,26729
51265,26742
51266,25531
51267,21633
51270,26980
51271,23803
51272,26403
51274,26729
51275,26981
51276,26983
51278,26884
51279,26084
51281,16913
51282,6397
51284,26884
51285,26908
51286,26876
51287,21497
51288,24968
51289,26909
51290,12955
51291,26984
51292,26985
51293,26641
51294,26687
51295,26686
51296,26932
51297,26936
51298,26938
51299,26939
51300,26862
51304,26802
51305,26802
51306,26883
51307,26974
51308,26975
51309,26692
51310,26692
51311,26725
51312,26709
51313,26709
51314,21633
51315,21633
51316,21633
51317,21633
51318,26056
51319,26988
51320,26989
51321,26908
51322,26602
51323,26740
51324,26961
51325,26992
51326,26935
51327,26974
51328,26929
51329,26641
51330,26687
51331,26602
51332,24968
51333,12955
51334,26611
51335,26238
51336,26909
51337,21497
51338,26729
51339,26641
51340,26938
51341,26729
51342,26993
51343,26611
51344,26827
51345,23803
51346,26684
51347,26796
51348,26991
51349,26998
51350,26743
51351,26445
51352,26746
51353,26102
51354,27004
51355,26903
51356,26942
51357,27005
51358,27008
51359,27006
51360,25743
51361,26805
51362,27019
51363,26709
51364,26684
51365,26684
51366,26839
51367,26995
51368,26994
51369,26996
51370,26997
51371,26999
51373,26990
51374,27026
51375,27009
51376,26862
51377,26961
51378,27013
51379,22123
51380,27016
51381,27000
51382,26705
51383,16913
51384,27007
51385,25282
51386,
51387,25627
51388,27021
51389,26984
51391,26876
51392,26784
51393,26875
51394,26641
51397,26709
51398,25933
51399,26975
51400,27025
51401,26974
51402,26725
51403,26209
51404,23803
51405,26904
51406,26717
51407,26763
51408,26763
51409,27031
51410,26823
51411,27032
51412,27037
51413,27030
51414,26403
51415,16913
51416,27033
51417,26763
51418,26763
51422,27038
51423,27039
51426,27040
51428,27052
51430,
51434,26725
51435,26923
51436,26210
51437,26209
51438,26940
51440,25061
51441,25061
51442,16913
51443,16913
51444,27056
51445,26533
51446,26496
51447,
51448,
51449,27059
51450,27060
51451,27006
51452,26813
51453,26813
51454,27063
51455,26862
51456,21497
51457,26641
51458,12955
51459,27073
51460,26908
51461,27034
51462,26935
51463,27074
51464,26815
51465,26816
51466,26961
51467,26817
51468,26818
51470,26819
51471,26784
51472,26823
51473,27038
51474,26641
51475,
51476,26403
51477,
51478,
51479,
51480,
51481,27075
51483,15118
51484,27077
51485,25743
51486,27076
51487,27028
51488,22123
51489,27079
51490,27079
51491,27040
51492,27080
51493,27080
51494,27032
51495,27081
51496,27082
51498,26802
51499,26802
51500,26445
51501,4327
51502,27083
51503,27084
51504,27083
51505,27079
51506,27080
51507,26641
51508,12955
51509,26961
51510,26908
51511,21497
51512,27081
51513,27039
51514,25989
51515,26797
51516,27022
51517,26728
51518,26611
51519,26445
51520,27088
51521,26890
51522,
51523,
51524,26816
51525,26818
51526,26923
51527,27096
51528,27097
51529,22123
51530,22218
51531,27078
51532,26713
51533,26716
51534,26201
51535,27089
51536,27090
51539,27091
51540,27092
51541,26725
51542,27077
51543,27075
51544,27015
51545,26882
51546,23803
51547,8895
51548,27022
51549,26960
51550,378
51551,26868
51552,26532
51553,26951
51554,26747
51555,26750
51556,26611
51557,26747
51558,26755
51559,27057
51560,26699
51561,26201
51562,22218
51564,27099
51565,27099
51566,27099
51567,27099
51568,27099
51570,27099
51571,27099
51572,27059
51573,26209
51574,26403
51575,26210
51576,27108
51577,26943
51578,27111
51579,27020
51580,26611
51581,26717
51582,26785
51583,27119
51584,27120
51585,27121
51586,27121
51587,27098
51588,26802
51589,27122
51590,27123
51592,26862
51593,27052
51594,27124
51595,27041
51596,27125
51597,26790
51598,27118
51599,27117
51600,27055
51601,27114
51602,27110
51603,26823
51604,26823
51605,27127
51606,27126
51607,26882
51608,26684
51609,26602
51613,27132
51614,27137
51615,27140
51616,27102
51617,27119
51618,27113
51619,27059
51620,26818
51621,26816
51622,26981
51623,27106
51624,27105
51625,27104
51626,27103
51627,26981
51628,27082
51629,27079
51630,27084
51631,22123
51632,27083
51633,26862
51634,27100
51635,27021
51636,21633
51637,21633
51638,21633
51639,21633
51640,21633
51641,26445
51642,27080
51643,27024
51644,26908
51645,27013
51646,27144
51647,27143
51648,26908
51649,26445
51650,27023
51651,27030
51652,25531
51653,26846
51654,26979
51656,27146
51657,27130
51658,27077
51659,27075
51660,27142
51661,27145
51662,25743
51663,26210
51664,26210
51665,27074
51666,27097
51667,26209
51668,27147
51670,27083
51671,27148
51672,27084
51673,27042
51676,27079
51677,27080
51678,27149
51680,26961
51681,27041
51682,27130
51683,26689
51685,27052
51688,27080
51689,27079
51692,27047
51693,27080
51694,27124
51695,27083
51696,27084
51697,27081
51699,26961
51701,27079
51703,27048
51705,27049
51706,27043
51708,27051
51709,27051
51710,27150
51714,27156
51717,27152
51723,27155
51724,27156
51735,26699
51736,27024
51737,26785
51738,26004
51739,26445
51740,27075
51741,26725
51742,26445
51743,26403
51744,26823
51745,27077
51746,23803
51747,26673
51748,27166
51749,27165
51750,27163
51751,27167
51752,27169
51753,26903
51754,27172
51755,27175
51756,27176
51757,27177
51758,26209
51759,27178
51760,27108
51761,27178
51762,26201
51763,26533
51764,26026
51765,12862
51766,27103
51767,27180
51768,27160
51769,27162
51770,26581
51771,27078
51772,27110
51773,27171
51774,27171
51775,27170
51776,27040
51777,26755
51778,26862
51779,27047
51780,26666
51781,26797
51782,27100
51783,27182
51784,27079
51785,27183
51786,27184
51787,27149
51788,22218
51789,12955
51790,26961
51791,27082
51793,26951
51795,27187
51796,27190
51797,27185
51798,27191
51799,27192
51800,27193
51801,27193
51804,27193
51805,27082
51806,23919
51807,27174
51808,27173
51809,27173
51810,27173
51811,27173
51812,26802
51813,27173
51814,27173
51815,26743
51819,25531
51820,26520
51821,26864
51822,26864
51823,26961
51824,27081
51825,27098
51826,26951
51828,27041
51830,27190
51831,26879
51832,27175
51833,22218
51834,27151
51835,27152
51836,27152
51837,27152
51839,27153
51842,27154
51848,27155
51849,27158
51850,27155
51851,27158
51852,27158
51853,27157
51854,27157
51855,27079
51856,27233
51857,27079
51858,26876
51861,26852
51862,27113
51863,27110
51865,26138
51866,26144
51867,26145
51868,26250
51869,26294
51870,17972
51871,27199
51872,27196
51873,27189
51874,26852
51875,26852
51877,26962
51878,26962
51879,12955
51880,27168
51881,27198
51882,26102
51883,378
51884,27197
51885,27027
51886,26611
51887,26729
51888,27164
51889,26673
51890,23803
51891,27119
51892,26201
51894,26986
51895,27023
51896,27093
51897,27138
51898,27061
51899,26194
51900,27207
51901,27099
51902,27013
51903,
51904,
51905,
51906,
51907,
51908,
51909,
51910,26684
51911,27040
51912,27182
51913,26686
51914,27160
51915,27160
51916,26004
51917,26004
51918,27222
51919,27046
51920,27044
51921,27141
51922,27217
51923,27223
51924,27221
51925,27206
51926,26614
51927,27210
51928,27211
51930,27216
51931,26852
51932,27160
51933,27220
51935,27205
51937,26725
51938,27224
51940,27213
51941,27224
51942,27225
51943,27112
51944,27112
51945,26747
51946,26747
51947,26800
51948,26800
51949,27183
51950,27184
51951,26743
51952,26743
51953,26445
51954,26445
51955,26445
51956,26862
51957,27088
51958,26725
51959,26686
51960,26687
51961,27204
51962,328
51963,27234
51964,26882
51965,26823
51966,26403
51967,26532
51968,26689
51969,26796
51970,27010
51971,27230
51972,27203
51973,27229
51974,27231
51975,27079
51977,27212
51978,22218
51979,22218
51980,27215
51981,27226
51982,27151
51983,26729
51984,26729
51985,27013
51986,27237
51987,26201
51988,27078
51990,27141
51991,27214
51992,27124
51993,23803
51994,27246
51996,27227
51997,27255
51998,27258
51999,27259
52000,27260
52001,27262
52002,27263
52003,27263
52004,27267
52005,27269
52006,26686
52007,26687
52008,27230
52009,26461
52010,27273
52011,27045
52012,27080
52013,27088
52014,27088
52015,27264
52016,27268
52017,27254
52018,26684
52019,26574
52020,27186
52021,25531
52022,27238
52023,27240
52024,27234
52025,26984
52026,27038
52027,27194
52028,27257
52029,23803
52030,27039
52031,27241
52032,27099
52033,27274
52034,21497
52035,26962
52036,26961
52037,26852
52038,27213
52039,26445
52040,27201
52041,26532
52042,27292
52043,27276
52044,27276
52045,25531
52046,26581
52047,26846
52049,26962
52050,26961
52051,26852
52052,27287
52053,27283
52054,26294
52055,27011
52056,27239
52057,22123
52058,22123
52059,27245
52060,27100
52061,27100
52062,27100
52063,27243
52064,27242
52065,27242
52066,27282
52067,27292
52068,27291
52069,27295
52070,26445
52071,27296
52072,4327
52073,22218
52074,27184
52075,27299
52076,27270
52078,25367
52079,27300
52080,27301
52081,27286
52082,27285
52083,26802
52084,26961
52085,27302
52086,26461
52087,27234
52088,27195
52089,27203
52090,27186
52091,27301
52092,27203
52093,27194
52094,26876
52095,27039
52096,27221
52097,27237
52098,27259
52099,27262
52100,27263
52101,26445
52102,27290
52103,27293
52104,27293
52105,27078
52106,23803
52107,27260
52108,27222
52109,27306
52110,27307
52111,27307
52113,26755
52114,26862
52115,26986
52116,27183
52117,26797
52118,26250
52119,27269
52120,26250
52121,26823
52122,27194
52123,26882
52124,26882
52125,27273
52126,26826
52127,25567
52128,12955
52129,12955
52130,26445
52131,27312
52132,27147
52134,
52135,
52136,
52137,
52138,27124
52139,26885
52140,27230
52141,27044
52142,27046
52143,27047
52144,27048
52145,27049
52146,27050
52147,27043
52148,27043
52149,27045
52150,26970
52151,21497
52152,27051
52153,27196
52154,25460
52157,27311
52158,27233
52159,26532
52160,27310
52161,27283
52162,27287
52163,26862
52164,26862
52165,27149
52166,27300
52169,27159
52170,27159
52171,27159
52176,26952
52179,27195
52180,27205
52181,26876
52182,27234
52183,27013
52184,27216
52185,27262
52186,27237
52187,27246
52188,27313
52189,25567
52190,26201
52191,26201
52192,27321
52193,27203
52194,26823
52195,27291
52196,27078
52197,27325
52198,27324
52199,25625
52200,26445
52201,27168
52202,26785
52203,27328
52204,26729
52205,27297
52206,27319
52207,27318
52208,27317
52209,27329
52210,27316
52211,27314
52212,27315
52213,27281
52214,27330
52215,27331
52216,27275
52217,26574
52218,27332
52219,27277
52220,27009
52221,25902
52222,26790
52223,27335
52224,27335
52225,27278
52226,27278
52227,10972
52228,10972
52229,10972
52231,27334
52232,27337
52234,27338
52235,27333
52236,27339
52237,27340
52238,12955
52239,27099
52240,27322
52241,27323
52242,27323
52243,27343
52244,26862
52245,26755
52246,27326
52247,26602
52248,27051
52249,27312
52250,27348
52251,27194
52252,27349
52253,26800
52254,27301
52255,27351
52256,21497
52257,27222
52258,27345
52259,27294
52260,27320
52261,26666
52262,27345
52263,27345
52264,27320
52265,27257
52266,27309
52268,27327
52269,27347
52270,27230
52271,27352
52272,27149
52273,27350
52274,27354
52275,27356
52276,27355
52277,27336
52278,27358
52279,27139
52280,27128
52281,27206
52282,27124
52283,27235
52284,27308
52285,27272
52286,27357
52287,27353
52288,27263
52289,27032
52290,26876
52291,27329
52292,27108
52293,26960
52294,26684
52295,26823
52296,27345
52297,27228
52298,27362
52299,27267
52300,27032
52301,26876
52302,27269
52303,27153
52304,26372
52305,27290
52306,27154
52307,27157
52309,27149
52311,27193
52312,27364
52313,27355
52314,27366
52315,27369
52316,27368
52317,27367
52318,27370
52319,27371
52320,27372
52321,27373
52322,27374
52323,27375
52324,27376
52325,27377
52326,27378
52327,27379
52328,27380
52329,27381
52330,27382
52331,27383
52332,27384
52333,27385
52334,27386
52335,27387
52336,27388
52337,27389
52338,27390
52339,27391
52340,27393
52341,27395
52342,27396
52344,27398
52345,27399
52346,27400
52347,27401
52348,27402
52349,
52352,26201
52353,27078
52354,27319
52355,26445
52356,26612
52357,27349
52358,27328
52359,27317
52360,27405
52361,27408
52362,27168
52363,
52364,27332
52365,27331
52366,27419
52367,27420
52368,27194
52369,27051
52370,27302
52371,22218
52372,27245
52373,27203
52374,27039
52375,26826
52376,27286
52377,27407
52378,27340
52379,27340
52380,27357
52381,27346
52382,26970
52383,27360
52384,27363
52385,27353
52386,27361
52387,27421
52388,27043
52389,27421
52390,27328
52391,27365
52392,27305
52393,27045
52394,27042
52395,27318
52396,27422
52397,27425
52398,27425
52399,27079
52400,27342
52401,27342
52402,27342
52403,27100
52406,27147
52407,27100
52408,27100
52409,27100
52410,27100
52411,27100
52412,27100
52413,27100
52414,27100
52415,27100
52416,27100
52417,27100
52421,27424
52422,27286
52423,27241
52424,27433
52425,27013
52426,27353
52427,27432
52428,27431
52429,27430
52430,27149
52431,27366
52432,12955
52433,27194
52434,21633
52435,21633
52436,21633
52438,21633
52439,21633
52440,27302
52441,27300
52442,27315
52443,26693
52444,27302
52446,27269
52447,27296
52448,27357
52449,27268
52450,27351
52452,27407
52453,27232
52454,27427
52455,26294
52456,27239
52457,27332
52458,27332
52459,27245
52463,27435
52465,27269
52466,27267
52467,27061
52468,27188
52469,27138
52470,26602
52471,27297
52472,27438
52473,27437
52474,27408
52475,27133
52476,27328
52477,27051
52478,27436
52479,27042
52480,27148
52481,27045
52482,26194
52483,27080
52484,27207
52485,27310
52486,27353
52487,26717
52488,27444
52489,27445
52490,27454
52491,27437
52492,27375
52493,27233
52494,27367
52495,27234
52496,27453
52497,24369
52498,27099
52499,27181
52500,27099
52501,27307
52502,27307
52503,27307
52505,27456
52506,27436
52507,27353
52508,27353
52509,27353
52510,27458
52511,27459
52512,26201
52513,27337
52514,27307
52515,27307
52516,27235
52517,27307
52518,27307
52519,27307
52520,27373
52521,27357
52522,25460
52523,27230
52524,27457
52525,12955
52526,27364
52527,13326
52528,27152
52529,27153
52530,27397
52531,27372
52532,27353
52533,27125
52534,27406
52548,27427
52549,27460
52550,27426
52551,27433
52552,27465
52553,27343
52554,27232
52555,27469
52556,27267
52557,27148
52558,26656
52559,27201
52560,27397
52561,27435
52562,27425
52564,27302
52565,27445
52566,12955
52567,27340
52568,26581
52569,27440
52570,27441
52571,27442
52572,27443
52573,27409
52574,27414
52575,27377
52576,27357
52577,26213
52578,27389
52579,27424
52580,27475
52581,26666
52582,27407
52583,27269
52584,25567
52585,27466
52586,27480
52587,27462
52588,27481
52589,27355
52590,27327
52591,27483
52592,27484
52593,27374
52594,26717
52595,27482
52596,27485
52597,27387
52598,27331
52600,27078
52601,26689
52602,27369
52603,26729
52604,27370
52605,26445
52606,27486
52607,27487
52608,27488
52609,27476
52610,27346
52611,27045
52612,27045
52613,27039
52614,27038
52615,27397
52616,27490
52617,27489
52618,22218
52619,27491
52620,27357
52621,27370
52622,27369
52623,22218
52624,27410
52625,27314
52626,27275
52627,26445
52628,26574
52629,27198
52630,26693
52631,26693
52632,27314
52633,26445
52634,27061
52635,27297
52636,27138
52637,27412
52638,27471
52639,27470
52640,27210
52641,27379
52642,27045
52643,27042
52644,27422
52645,27380
52646,27397
52647,27381
52648,27371
52649,27340
52650,27363
52651,27374
52652,27390
52653,27375
52654,27376
52655,27395
52656,27396
52657,27391
52658,27421
52660,27393
52661,27386
52662,27398
52663,27399
52664,27400
52665,27401
52666,27397
52667,27402
52668,27391
52669,27396
52670,27156
52671,27151
52672,27372
52673,27376
52674,27377
52675,27378
52677,27011
52678,27093
52679,27226
52680,27201
52681,26729
52682,27491
52683,27418
52684,27462
52685,27480
52686,27520
52687,27410
52688,27521
52689,27523
52690,27099
52691,27280
52693,27483
52694,27269
52695,26194
52696,27207
52697,27173
52698,25567
52699,27522
52700,27455
52701,26823
52702,27527
52703,27525
52704,27148
52705,27286
52706,27407
52707,27353
52708,27384
52709,27384
52710,27181
52711,27391
52712,27532
52713,27353
52714,27396
52715,27385
52716,27385
52717,27397
52718,27421
52719,27540
52720,27541
52721,27323
52722,27545
52723,27535
52724,27536
52725,27537
52726,27538
52727,27539
52728,27534
52729,27546
52730,27547
52731,27548
52732,27099
52733,12955
52734,27530
52735,27531
52736,27457
52738,27395
52739,27545
52740,27393
52741,27541
52742,27286
52743,27540
52744,25567
52745,27547
52746,27548
52747,27152
52748,27549
52749,27550
52750,26729
52751,27486
52752,10972
52753,26611
52754,27201
52755,26693
52756,26445
52757,26828
52758,27533
52759,
52760,27484
52761,27563
52762,27563
52763,27563
52764,27490
52765,27483
52766,27490
52767,27483
52769,27567
52770,27337
52771,27460
52772,27337
52773,27337
52774,27435
52775,27099
52776,27099
52777,27572
52779,26611
52780,27489
52781,27207
52782,26194
52788,27594
52789,27594
52790,27594
52795,27810
52796,27811
52798,24401
52799,27469
52800,27577
52801,27549
52802,27376
52803,27561
52804,27584
52805,27559
52806,27558
52807,27557
52808,27307
52809,27307
52810,27377
52811,27148
52812,27421
52813,27307
52814,26839
52815,27421
52816,27421
52817,26895
52818,12955
52819,27099
52820,27539
52821,27534
52822,27546
52823,27378
52824,27385
52825,27574
52826,27569
52827,27425
52828,27353
52829,27568
52830,27570
52831,27571
52832,27336
52833,27580
52834,27561
52835,27549
52836,27417
52837,27579
52838,27583
52839,27585
52840,27586
52841,27582
52842,27391
52843,26869
52844,27422
52845,25490
52846,27421
52847,27590
52848,27181
52849,27181
52850,26648
52851,26611
52852,27588
52853,27589
52855,27581
52856,27592
52857,27557
52858,27353
52859,27593
52860,27595
52861,27562
52862,27269
52863,27207
52864,25567
52865,27359
52866,27245
52867,27535
52868,27536
52869,27537
52870,27538
52871,27377
52872,27559
52873,27009
52874,27009
52875,27539
52876,27549
52877,27595
52878,27155
52879,27173
52880,27421
52881,12955
52882,27099
52883,27099
52884,27099
52885,26201
52886,27484
52887,27596
52889,27597
52890,24413
52891,27421
52892,27355
52893,27277
52894,27319
52895,25770
52896,27009
52897,27606
52898,10972
52899,27307
52900,27425
52901,27181
52902,27342
52903,27342
52904,27532
52905,27376
52906,27412
52907,27608
52908,27582
52909,27609
52910,27607
52911,26970
52912,27602
52913,27584
52914,27445
52915,27310
52916,27475
52917,27476
52918,27459
52919,27539
52920,27600
52921,27181
52922,27355
52923,26611
52924,27610
52926,27596
52927,27147
52928,27363
52930,27489
52931,27612
52932,27612
52933,26869
52934,27597
52935,27613
52936,27613
52938,27233
52942,27616
52944,27620
52945,27611
52947,27611
52948,27611
52953,27621
52954,27601
52955,27539
52956,26602
52957,27366
52958,27624
52959,27374
52960,27384
52961,27389
52962,27390
52963,27397
52964,27625
52965,27626
52968,27181
52969,27629
52972,27631
52973,27634
52975,27634
52981,25625
52982,27642
52983,27619
52984,27619
52985,27546
52986,27604
52987,27561
52988,27602
52989,27601
52990,26656
52991,27368
52992,27207
52993,27608
52994,25761
52995,26714
52996,27374
52997,27384
52998,27389
52999,27390
53000,27601
53001,27397
53002,27382
53003,25567
53004,27623
53005,27295
53006,27302
53007,26574
53008,26796
53009,26445
53010,26693
53012,26445
53013,26693
53014,27302
53015,27302
53016,27300
53017,21633
53018,21633
53019,21633
53020,21633
53021,21633
53022,27366
53023,27608
53025,27188
53026,27302
53027,27410
53028,27421
53029,27609
53030,27130
53031,27421
53032,27078
53033,27552
53034,27039
53035,27560
53036,27542
53037,27543
53038,27541
53039,27301
53040,27643
53041,27644
53042,27368
53043,27388
53044,27544
53045,27551
53046,27646
53047,27546
53048,27382
53049,27099
53050,27099
53051,27099
53052,26201
53053,26201
53055,27651
53056,27651
53057,27652
53059,27093
53060,27653
53061,27661
53062,27374
53063,27598
53064,26445
53065,27425
53066,27431
53067,26862
53068,27574
53069,27551
53070,27608
53071,27662
53072,27181
53073,27155
53074,27552
53075,26970
53076,27359
53077,27445
53078,27525
53079,27230
53080,27659
53081,26970
53082,27425
53083,27374
53084,27544
53085,27643
53086,27154
53087,27665
53088,26287
53089,27669
53090,27669
53091,27039
53092,27542
53093,27560
53094,27543
53095,27541
53096,27388
53097,27665
53098,27138
53099,27491
53100,27603
53101,25761
53102,12955
53103,27646
53104,27672
53105,27532
53106,27286
53107,27445
53108,27597
53109,26445
53110,26445
53111,26814
53112,27524
53113,27158
53115,27603
53116,27670
53117,27673
53118,27674
53119,27675
53120,27671
53122,27660
53123,21497
53124,27368
53125,27667
53126,27181
53127,27662
53129,27608
53130,12955
53131,27381
53132,27382
53133,26814
53135,27078
53137,27659
53138,27337
53139,27678
53140,27677
53141,27652
53142,27469
53143,26026
53144,27323
53145,27680
53150,27682
53151,27307
53152,27651
53153,27704
53154,26611
53155,26611
53156,26611
53157,26611
53158,26611
53159,26611
53160,26611
53161,26611
53162,26084
53164,26084
53166,26084
53167,26084
53168,26084
53170,27425
53171,27707
53172,27708
53173,27708
53174,27708
53175,27286
53176,27457
53177,27230
53178,27373
53179,27374
53180,26862
53181,27603
53182,26970
53183,27445
53184,27078
53185,27605
53186,27686
53187,27679
53188,10972
53189,27384
53191,27375
53192,27376
53193,27377
53194,27378
53195,27379
53196,27719
53197,27728
53198,27425
53200,27720
53201,27489
53202,27584
53204,27380
53205,27734
53206,27734
53207,27734
53208,27382
53209,27385
53210,27732
53211,27676
53212,27386
53213,27387
53214,27737
53215,27738
53216,27388
53217,27739
53218,27739
53219,27389
53220,27390
53221,27391
53222,27393
53223,27395
53224,27396
53225,27042
53226,27312
53227,27603
53228,27703
53230,27043
53231,27044
53232,27045
53233,27693
53234,27397
53235,27398
53236,27399
53237,27695
53238,27699
53239,27400
53240,27401
53241,27353
53242,27353
53243,27718
53244,27402
53245,27421
53246,27046
53247,27047
53248,27048
53249,27049
53250,27050
53251,27051
53252,12955
53253,26293
53254,26201
53255,27678
53256,27677
53257,27651
53258,27566
53259,27099
53260,27743
53261,27652
53262,27615
53263,27748
53264,27750
53265,27078
53267,26611
53268,27708
53269,27181
53270,26293
53271,27719
53272,27719
53273,27425
53274,27672
53275,27353
53276,27681
53277,27709
53278,27687
53279,27690
53280,27688
53281,27740
53282,27741
53283,27631
53284,27737
53285,27742
53286,27753
53287,27753
53288,27689
53289,27692
53291,27747
53294,27157
53295,27373
53296,27374
53297,27386
53298,27608
53299,27746
53300,27739
53301,26984
53302,27032
53303,26084
53304,26785
53305,25761
53306,27760
53307,27759
53310,27720
53311,27534
53312,27535
53313,27536
53314,27726
53315,27537
53316,27538
53317,27539
53318,27540
53319,27541
53320,27542
53321,27543
53322,27398
53323,27544
53324,27342
53325,27545
53326,27546
53327,27547
53328,27548
53329,27549
53330,27400
53331,27399
53332,27388
53333,27373
53335,27759
53336,26876
53338,26985
53340,27038
53341,27039
53342,27402
53343,27739
53344,26970
53345,27040
53346,27041
53347,27149
53348,27233
53349,27234
53350,27700
53351,27745
53352,27685
53353,27694
53354,26445
53355,26445
53356,27696
53357,27744
53358,27700
53359,27761
53360,27762
53361,27763
53362,27764
53363,27765
53364,27766
53365,27613
53366,27771
53367,27099
53368,27337
53370,27205
53371,27277
53372,27741
53373,27296
53374,27783
53375,27780
53376,27032
53377,26984
53378,23486
53379,27608
53380,27733
53381,27078
53382,27342
53383,27421
53384,27425
53385,27704
53386,27445
53387,27752
53388,24746
53389,25770
53390,27748
53391,27594
53392,24746
53393,27776
53394,27776
53395,27459
53396,27396
53397,27379
53398,27784
53399,27472
53400,27774
53402,27569
53403,27778
53404,27777
53405,27155
53406,27669
53407,27720
53408,27155
53409,12955
53410,27459
53411,27459
53412,27787
53413,27788
53414,
53415,
53416,
53417,27769
53418,4574
53419,4574
53421,27789
53422,27768
53423,27768
53424,27770
53426,27772
53428,27374
53429,27388
53430,27400
53431,27373
53432,27402
53433,27396
53434,27398
53435,27399
53436,27379
53437,27782
53438,27790
53439,27693
53440,27705
53441,27767
53442,27475
53443,25367
53444,27271
53445,27795
53446,27445
53449,21497
53450,27806
53451,27425
53452,27809
53453,27812
53454,27812
53455,27812
53456,27812
53458,27475
53459,27560
53460,27550
53461,27551
53462,27421
53463,27552
53464,27557
53465,26876
53466,27159
53467,27425
53468,26876
53469,27421
53470,27560
53471,27386
53472,27388
53473,27386
53474,27374
53475,27421
53476,27402
53477,27545
53478,27396
53479,27379
53480,27373
53481,27398
53482,27386
53483,27399
53484,27400
53485,27560
53486,27545
53487,27602
53488,27689
53489,27045
53490,27044
53491,27549
53492,27234
53493,27181
53494,26201
53495,27704
53496,27615
53498,27806
53499,27624
53500,27533
53501,27773
53502,27277
53503,27491
53504,27804
53505,27694
53506,27093
53507,27226
53508,27078
53509,27099
53510,27342
53511,27099
53512,27402
53513,27032
53514,26984
53515,27700
53518,27799
53519,26699
53520,27818
53521,27823
53522,27822
53523,27549
53524,27560
53525,27234
53526,27286
53527,27669
53528,27825
53529,27301
53530,27158
53531,27181
53532,27560
53533,27608
53534,27808
53535,27808
53536,27459
53537,27820
53538,12955
53539,27159
53540,4574
53541,4574
53542,27827
53543,27828
53544,26611
53545,27618
53546,27686
53547,27829
53548,27561
53549,27595
53550,27643
53551,27644
53552,27646
53553,27301
53554,27051
53555,27051
53556,27371
53557,27355
53558,27368
53559,27366
53560,27369
53561,27370
53562,27558
53563,27425
53564,26909
53565,27603
53566,27603
53567,27684
53568,27045
53569,27472
53570,27813
53571,27819
53572,21633
53573,21633
53574,21633
53575,21633
53576,21633
53577,21633
53578,21633
53579,21633
53580,21633
53581,21633
53582,21633
53583,21633
53584,27300
53585,26445
53586,27226
53587,27367
53588,27372
53589,27559
53590,4574
53591,27312
53592,27312
53593,27402
53594,27301
53595,27545
53596,27368
53597,10972
53598,26611
53599,27044
53600,27425
53601,27760
53602,27445
53603,27234
53604,27549
53605,27672
53606,26084
53607,27368
53608,27368
53609,12955
53610,27181
53612,27752
53613,27750
53614,24746
53615,27828
53616,26611
53619,27337
53620,27756
53621,27835
53624,27783
53625,27834
53626,27848
53627,27850
53628,27116
53629,27851
53630,27116
53631,27743
53632,27704
53633,27099
53634,27099
53635,27842
53636,27840
53637,27032
53638,27312
53639,27845
53640,27785
53641,27857
53642,27856
53643,26984
53644,27608
53645,27778
53646,27859
53647,27728
53648,27777
53649,27045
53650,27720
53651,27860
53652,27860
53653,27846
53654,27368
53655,11867
53656,27849
53657,27844
53658,27855
53660,27843
53661,27015
53662,27736
53663,27841
53664,25848
53665,25761
53666,27816
53667,27368
53668,27032
53669,27772
53670,26984
53671,27044
53672,27861
53673,26201
53674,27618
53675,27771
53676,27173
53677,27777
53678,27669
53680,27445
53681,27445
53682,27728
53683,27051
53690,27704
53691,27462
53692,27807
53693,27864
53694,27868
53695,27865
53696,27866
53697,27760
53698,27051
53699,26084
53700,27842
53701,27840
53702,27819
53703,27867
53704,27772
53705,12955
53706,12955
53707,26084
53708,23011
53709,27861
53710,27861
53711,27807
53712,27181
53713,27740
53714,27241
53715,27871
53716,27573
53717,27573
53718,27761
53719,27275
53720,27854
53721,27707
53722,27078
53723,27624
53724,27874
53725,27773
53726,27312
53727,27608
53728,27860
53729,27736
53730,27841
53731,27672
53732,27849
53733,27312
53734,27881
53735,27870
53736,27873
53737,27875
53738,27872
53739,27879
53740,27750
53741,27173
53742,24746
53743,24746
53744,27181
53745,27618
53746,
53747,27608
53748,27608
53750,27860
53751,27312
53752,27809
53753,27748
53754,27878
53755,27877
53756,27810
53757,27811
53758,27824
53759,27886
53761,27606
53762,27472
53763,27855
53764,27859
53765,27885
53767,27889
53768,27425
53769,27890
53770,27890
53772,27896
53773,27897
53774,27897
53775,27898
53776,27669
53777,27720
53778,27728
53779,27777
53780,27669
53781,27770
53782,27720
53783,27728
53784,27777
53785,26201
53786,27770
53787,27899
53788,27899
53789,27181
53790,27795
53791,27799
53792,27826
53793,27826
53794,27445
53795,27810
53796,27753
53797,27853
53798,27853
53799,27608
53800,27734
53801,27099
53802,27368
53803,27810
53804,27809
53805,27750
53806,24746
53807,27044
53808,27860
53809,27734
53810,26611
53811,27587
53812,27226
53813,27762
53814,27743
53815,27901
53816,27902
53817,27905
53818,27907
53819,27337
53820,26201
53821,27904
53822,27859
53823,27853
53825,27678
53826,27915
53827,27704
53828,27851
53829,27759
53830,27812
53831,
53832,
53833,27916
53834,27676
53835,27672
53836,27918
53837,26823
53838,27867
53839,27891
53840,27917
53841,27819
53842,27903
53843,27812
53844,27888
53845,27616
53846,26692
53847,27425
53848,26963
53849,27860
53850,27710
53851,27730
53852,27425
53854,27603
53855,27924
53856,27837
53857,27838
53859,27847
53860,27858
53862,27657
53863,27899
53864,27425
53865,27368
53866,26963
53867,27734
53868,27925
53869,27153
53870,27759
53871,27927
53872,27425
53873,27150
53874,27860
53875,27150
53876,27924
53877,27884
53878,27928
53879,27078
53880,27879
53881,27879
53882,27173
53883,27152
53884,27152
53885,27618
53886,27860
53887,27051
53888,27045
53889,27890
53890,27929
53891,27704
53892,27099
53893,27930
53894,27931
53895,27839
53896,27839
53898,
53899,27731
53900,27731
53901,27731
53902,27731
53903,27939
53906,27573
53907,27573
53908,27936
53909,28045
53911,28441
53912,
53917,
53918,
53919,
53920,
53924,
53925,
53926,
53927,
53932,27931
53933,27939
53934,27939
53935,27942
53936,27903
53937,26611
53938,27940
53939,27944
53941,27226
53942,26983
53943,26981
53944,27880
53945,27822
53946,27883
53947,27946
53948,12955
53949,27919
53950,27947
53951,27947
53952,27947
53953,27908
53954,27920
53955,27704
53956,27910
53957,27909
53958,27945
53959,27911
53960,27425
53961,27941
53962,27921
53963,27938
53964,27923
53965,27603
53966,27603
53967,27736
53968,27841
53969,27044
53970,27711
53971,27768
53972,27782
53973,27775
53974,27949
53975,27592
53976,27686
53977,27812
53978,27937
53979,27899
53980,27859
53981,27312
53982,27312
53983,27181
53984,27820
53985,27152
53986,27941
53987,27927
53988,27948
53990,27150
53991,27151
53992,27951
53993,27941
53994,27816
53995,27816
53996,27952
53997,27953
53998,27808
53999,27154
54000,27155
54001,27157
54002,27156
54003,27927
54004,27046
54005,27047
54006,27425
54007,27608
54008,27860
54009,27368
54010,27924
54011,27958
54012,27959
54013,27863
54014,27876
54015,26611
54016,26611
54017,26611
54018,27841
54019,27968
54020,27968
54023,27772
54025,27575
54026,27575
54027,27679
54028,27897
54029,27898
54030,27961
54031,27961
54032,27782
54033,27608
54034,27657
54035,27811
54036,27810
54037,27809
54038,23011
54039,27785
54040,27944
54041,27337
54042,27826
54044,27619
54045,27863
54046,27916
54047,
54048,27847
54049,25625
54050,27905
54052,27762
54053,27828
54054,27624
54055,
54056,27956
54057,27954
54058,27848
54059,27955
54060,27797
54061,27656
54062,27924
54063,27867
54064,27740
54065,27964
54066,27963
54067,27730
54068,27812
54069,27425
54070,27044
54071,27919
54072,27618
54073,27924
54074,27909
54075,27908
54076,27973
54077,27975
54079,27976
54080,27969
54081,27962
54082,27960
54083,27978
54084,27712
54085,27731
54086,27762
54087,27858
54088,27736
54089,27736
54090,27967
54091,27979
54092,27811
54093,27970
54094,27312
54095,27608
54096,27153
54097,27152
54098,27734
54099,12955
54100,27181
54101,27841
54102,27151
54103,27984
54104,27985
54105,27987
54106,27988
54107,27150
54108,12955
54110,12955
54111,12955
54112,26409
54113,27044
54114,28000
54115,27998
54116,27997
54117,27996
54118,27995
54119,27994
54120,27993
54121,27992
54122,27991
54123,27990
54124,27181
54125,27713
54126,
54128,27944
54129,27949
54130,27770
54131,25625
54132,27839
54133,27615
54134,27775
54135,27976
54136,28008
54137,28010
54138,28009
54139,27656
54140,26909
54141,27960
54142,27044
54143,27811
54145,27841
54146,28017
54147,27860
54148,27824
54149,27312
54150,27312
54151,27181
54152,27768
54153,28015
54154,28016
54155,26648
54156,28003
54157,27891
54158,27618
54159,27445
54160,27445
54161,27826
54162,27938
54163,28018
54164,27960
54165,27491
54166,27903
54167,27907
54169,27762
54170,27905
54171,27816
54172,27312
54173,28022
54174,28024
54175,28000
54176,28023
54177,28023
54178,27312
54179,27671
54180,27181
54181,27876
54182,27044
54183,27151
54184,27984
54185,27941
54186,27841
54187,27425
54188,27941
54189,27841
54190,27425
54193,28071
54194,26611
54195,27045
54196,28073
54197,28073
54198,28073
54199,28073
54200,28074
54201,28074
54202,27181
54203,27156
54204,28029
54205,27993
54206,27048
54207,27049
54208,27050
54210,27151
54211,27150
54212,27156
54213,28016
54214,27759
54215,26909
54216,27152
54217,27151
54218,26611
54219,27990
54220,27949
54221,27962
54222,27993
54223,28032
54224,27297
54225,28017
54226,27898
54227,28027
54228,28028
54229,28019
54230,28013
54231,28012
54232,28011
54233,28007
54234,28006
54235,26980
54236,26982
54237,
54238,28033
54239,28035
54240,26201
54241,28036
54242,27812
54243,27987
54244,27860
54245,27151
54246,28030
54247,27657
54248,28000
54249,27713
54250,27712
54251,27045
54252,27924
54253,27045
54254,27971
54255,28037
54256,28037
54257,27962
54258,28038
54259,28039
54260,28040
54261,28041
54262,27207
54264,27181
54265,27860
54266,27961
54267,27961
54268,27207
54271,27156
54272,27150
54273,27907
54274,27972
54275,27972
54277,27960
54278,27731
54281,27826
54282,27619
54283,27671
54284,27181
54285,27882
54286,27867
54287,28015
54288,27672
54289,27152
54290,27615
54291,28000
54292,27768
54293,27154
54294,28049
54296,27766
54297,27986
54298,28014
54299,28050
54300,27772
54301,27989
54302,27989
54303,27152
54304,27337
54305,27152
54306,26909
54307,27671
54308,28030
54309,28051
54310,27924
54311,27153
54312,27159
54313,27900
54314,26409
54315,27826
54316,27619
54317,23919
54318,27863
54319,28052
54320,28052
54321,27671
54322,28033
54323,28028
54324,27988
54325,27988
54326,27760
54327,27760
54328,26909
54329,27337
54330,23011
54331,28054
54332,28054
54333,27943
54334,27961
54335,27961
54336,27979
54337,27976
54338,28010
54339,28008
54340,27848
54341,27848
54342,10972
54343,28056
54344,28008
54345,27987
54346,28059
54347,28060
54348,28061
54349,27158
54350,27816
54351,28030
54352,28053
54354,27838
54355,27867
54356,26194
54357,26409
54358,27919
54359,27267
54360,27914
54361,27858
54362,27908
54363,27812
54364,27912
54365,27269
54366,27913
54367,28058
54368,28062
54369,27847
54370,27671
54371,27672
54372,12955
54373,27584
54374,28051
54375,28063
54376,27826
54377,27826
54378,27960
54379,23919
54380,23919
54381,27826
54382,27826
54383,28065
54385,27590
54386,28064
54387,27924
54389,27924
54390,27924
54392,28069
54393,28066
54394,28067
54395,28068
54396,26194
54397,27921
54398,27477
54399,28036
54400,28074
54401,28075
54402,28075
54403,28046
54404,28025
54405,27964
54406,28046
54407,28046
54408,25315
54409,25315
54410,27269
54411,27985
54412,28076
54413,28077
54414,27729
54415,28079
54416,28080
54417,27608
54418,27785
54419,28078
54420,26963
54421,26963
54422,27671
54423,27853
54424,25625
54425,26201
54427,28010
54428,28090
54429,28091
54430,28093
54431,12955
54432,27785
54433,28084
54434,28085
54435,27078
54436,27888
54437,27883
54438,28014
54439,28092
54440,28088
54441,28083
54442,28089
54443,28083
54444,28029
54445,27977
54446,28087
54447,27822
54448,28094
54449,27099
54450,28095
54451,28086
54452,28098
54453,28099
54455,27288
54457,28084
54458,27824
54459,28059
54460,28057
54461,27505
54462,27505
54463,27987
54464,26213
54465,21497
54466,27955
54467,27759
54468,27759
54469,27590
54470,27985
54471,21497
54472,27267
54473,27985
54474,27984
54475,27575
54476,28102
54477,27979
54478,27955
54479,26194
54482,24738
54484,28047
54487,28103
54488,27672
54489,28016
54490,28101
54492,27904
54493,28064
54494,28104
54495,26909
54496,27810
54497,27848
54498,27429
54501,28110
54502,28108
54503,28015
54504,28111
54505,
54506,27823
54507,28109
54508,23011
54511,27288
54512,27924
54513,27924
54515,27924
54516,28112
54517,28113
54518,21497
54519,21497
54520,21497
54521,21497
54522,21497
54523,21497
54524,21497
54525,21497
54526,21497
54528,21497
54529,21497
54530,21497
54531,21497
54532,21497
54533,21497
54535,12955
54536,12955
54537,12955
54538,27985
54539,28072
54540,28094
54541,28072
54542,28072
54543,27853
54544,27984
54546,28085
54547,28145
54548,28051
54549,27429
54550,28016
54551,27990
54552,28121
54553,27960
54554,27772
54555,27812
54556,28029
54557,28120
54558,26250
54559,28118
54560,28102
54561,28071
54562,28126
54563,27884
54564,25779
54565,23919
54566,28128
54567,24007
54568,24007
54569,28132
54570,28132
54571,28090
54572,28091
54573,27749
54574,27672
54575,28115
54576,28115
54577,28115
54578,28114
54579,28114
54580,28114
54581,28099
54582,28098
54583,26963
54584,27985
54586,28016
54587,28133
54588,28071
54589,28134
54590,28136
54591,26888
54592,27904
54593,28138
54594,28139
54595,27749
54596,26963
54597,28125
54598,28141
54599,28143
54600,28140
54601,28140
54602,27904
54603,28126
54604,28135
54605,27984
54606,28142
54608,28087
54612,25780
54613,25783
54615,28129
54618,28129
54619,25781
54621,28091
54622,28130
54623,28130
54625,27477
54626,27960
54628,28146
54629,27672
54630,27955
54631,27962
54632,28120
54633,28151
54634,28010
54635,28059
54636,28093
54637,28076
54638,28019
54639,28095
54640,28095
54641,28165
54642,27707
54643,27575
54644,27575
54645,28162
54646,27300
54647,28063
54648,28113
54649,28016
54650,28164
54651,28025
54653,28163
54654,27884
54655,28148
54656,28150
54657,28166
54658,26201
54659,28090
54660,27633
54661,28157
54662,27288
54663,28147
54664,28015
54665,28108
54666,27288
54667,26611
54668,26611
54669,26611
54670,26611
54671,23011
54672,27810
54673,28168
54674,27731
54675,28157
54676,
54677,28170
54678,28157
54679,21633
54680,28059
54681,27955
54682,17133
54683,21633
54684,27853
54685,28145
54686,
54687,28137
54688,27672
54689,27749
54690,28175
54691,27493
54692,21497
54693,21497
54694,28179
54695,21497
54696,28110
54697,28015
54698,27848
54699,28083
54700,28177
54701,21633
54702,21633
54703,21633
54704,21633
54705,21633
54708,21633
54709,21633
54710,21633
54711,21633
54712,21633
54713,21633
54714,21633
54715,21633
54716,21633
54717,12955
54718,12955
54719,12955
54720,12955
54721,12955
54722,12955
54723,12955
54724,12955
54725,12955
54726,12955
54727,12955
54729,28180
54733,27749
54734,28072
54735,27672
54736,28183
54737,27904
54738,28138
54739,27984
54740,28139
54742,27955
54743,23011
54744,28172
54745,28184
54746,28182
54747,28149
54748,28109
54749,28181
54750,27984
54751,27749
54752,28148
54754,28015
54755,28135
54756,28167
54757,28171
54758,26251
54759,27943
54760,28169
54761,28163
54762,28142
54763,27962
54764,27731
54765,27772
54767,27848
54769,27926
54770,27900
54771,27853
54772,28161
54773,28127
54774,28051
54775,28138
54776,26888
54777,28111
54778,28107
54779,28105
54780,27880
54781,27275
54782,26611
54783,27009
54784,28151
54785,27979
54786,25446
54787,28194
54788,28195
54789,28199
54790,27671
54791,27810
54792,27672
54793,28165
54794,28156
54795,28155
54796,28154
54797,28153
54798,28152
54799,23011
54800,25937
54801,28187
54802,28186
54803,28071
54804,28157
54805,28204
54806,28205
54807,28201
54808,28202
54809,27955
54810,28203
54811,28148
54812,27938
54813,28151
54814,27749
54815,28192
54816,23168
54817,28193
54818,26910
54819,26910
54820,28113
54821,28112
54822,28207
54823,28206
54824,27853
54825,28207
54826,26251
54827,27247
54828,16203
54829,27924
54830,26909
54831,26909
54832,28072
54833,28015
54834,28211
54835,28212
54836,25781
54837,25779
54838,28184
54839,27672
54840,28072
54841,28072
54842,27671
54843,27772
54844,28075
54845,28172
54846,28051
54847,28224
54848,27955
54849,28198
54850,28226
54851,28225
54852,28228
54853,27689
54854,27247
54855,28196
54857,28034
54858,28160
54859,28234
54860,28234
54861,28091
54862,28234
54863,28233
54864,26611
54865,28153
54866,28154
54867,28156
54868,28155
54870,27962
54871,28235
54872,28164
54873,28054
54874,28236
54875,28239
54876,24401
54877,28148
54879,26888
54880,28150
54881,28193
54882,28231
54883,28192
54884,28029
54885,28073
54886,28244
54887,28207
54888,28243
54889,27600
54890,28242
54891,27409
54892,27034
54893,27412
54894,26909
54895,28237
54896,28241
54897,28241
54898,25781
54899,25779
54900,28240
54901,28214
54902,28213
54903,28245
54904,28015
54905,28000
54906,28052
54907,28069
54908,28094
54909,28112
54910,28113
54911,28146
54912,28037
54915,27729
54916,28216
54917,28246
54918,28222
54920,28223
54921,28232
54922,28249
54924,28208
54925,28208
54926,28208
54927,28247
54929,28251
54931,28253
54933,28158
54935,25432
54936,27633
54937,28150
54938,27703
54940,28152
54941,28261
54942,28181
54943,27585
54944,27157
54945,27477
54946,28128
54947,27699
54948,28246
54949,28079
54950,28265
54951,28266
54952,28184
54953,28000
54954,28052
54955,27493
54956,23919
54957,28069
54958,28094
54959,28112
54960,28113
54961,28146
54962,28257
54963,28257
54964,28000
54965,28072
54966,28052
54967,28069
54968,23168
54969,28176
54970,28048
54971,28267
54972,28268
54973,28269
54974,28269
54975,28270
54976,28270
54977,28271
54978,28271
54979,28272
54980,28272
54981,28094
54982,28150
54983,28072
54984,28112
54985,27633
54986,27672
54988,28113
54989,26611
54990,26611
54991,28239
54992,25422
54993,28274
54994,28205
54995,27587
54996,28281
54997,28146
54998,28276
54999,28248
55000,28278
55001,28279
55002,28247
55003,28282
55004,28179
55005,27671
55006,26909
55007,25848
55008,28263
55009,27703
55010,
55011,28232
55012,27157
55013,28223
55014,27157
55015,328
55016,328
55017,27157
55018,28146
55019,26963
55020,28079
55021,28216
55022,28287
55023,27633
55024,28149
55025,28015
55026,28288
55027,28079
55028,28289
55029,26251
55030,27583
55031,27986
55032,27853
55033,27731
55034,21497
55035,24738
55036,28179
55037,12230
55038,13326
55039,27772
55040,28293
55041,28073
55042,27729
55043,28288
55044,28288
55045,28132
55046,28294
55047,27727
55048,27722
55049,27723
55050,27717
55051,27725
55052,28072
55053,28223
55054,27357
55055,28072
55056,28223
55057,28216
55058,27036
55059,26963
55060,26963
55061,28232
55062,27633
55063,27725
55064,28054
55066,28260
55067,28259
55068,28290
55069,26888
55070,28249
55071,28239
55072,28266
55073,28281
55074,28301
55075,28302
55076,28236
55077,27900
55078,28233
55079,28204
55080,28305
55081,27633
55082,28194
55083,28267
55084,27633
55086,27882
55087,27822
55088,26909
55089,26909
55090,27633
55091,28046
55092,23168
55093,27812
55094,26201
55095,26201
55096,28308
55097,28300
55098,26409
55099,28311
55100,28312
55101,28314
55102,28315
55103,28316
55104,27225
55105,28319
55106,28318
55107,28320
55108,28149
55109,28294
55110,28307
55111,28239
55112,23435
55113,28317
55114,28074
55115,28316
55116,28315
55117,28314
55118,28312
55119,28311
55120,27714
55121,28313
55122,28313
55123,28232
55124,27357
55125,28327
55126,28255
55127,28256
55128,28289
55129,28074
55130,28328
55131,26251
55132,28310
55133,28079
55134,28289
55135,28254
55136,28258
55139,28164
55140,28329
55141,28332
55142,27999
55143,27157
55144,28333
55145,28333
55146,28113
55147,28094
55148,28264
55149,28335
55150,28334
55151,28337
55152,28338
55153,28339
55154,28216
55155,26909
55156,28330
55158,28262
55159,27357
55160,28290
55161,28259
55162,27955
55163,27812
55164,28267
55165,28148
55166,27357
55167,28150
55168,27493
55169,21497
55171,28336
55172,25053
55174,28148
55175,28150
55176,27999
55177,28326
55178,28330
55179,28262
55180,26251
55181,27672
55182,28232
55183,28072
55184,28329
55186,28331
55187,25779
55188,26963
55189,27157
55190,28301
55191,28200
55192,28302
55193,28342
55194,28343
55195,28346
55196,28249
55197,27731
55198,28259
55199,26989
55200,27796
55201,27796
55202,28347
55203,28135
55204,28350
55205,28349
55206,28352
55207,28353
55208,28094
55209,28332
55210,27633
55211,28351
55212,27633
55213,27883
55214,28317
55215,28186
55216,28223
55217,28344
55218,28348
55219,27837
55220,28304
55221,28356
55222,28358
55223,27858
55224,27847
55225,27838
55226,28359
55227,28360
55228,27633
55229,28340
55230,27157
55231,27772
55232,23168
55233,28361
55234,27493
55235,27844
55236,27489
55237,27157
55238,28275
55239,28277
55240,28112
55241,28000
55242,28046
55243,28259
55244,28362
55245,28363
55246,28364
55247,28365
55248,28170
55249,28366
55250,28367
55251,28048
55252,28047
55253,26963
55254,28332
55255,27078
55256,28072
55257,28369
55259,28308
55260,28370
55261,28232
55262,27904
55263,28379
55264,27672
55266,28394
55267,28394
55268,28395
55269,27699
55270,27699
55271,26963
55272,28379
55274,28135
55275,25625
55276,27672
55277,28232
55278,28294
55279,28072
55280,28223
55281,27157
55282,28427
55283,28317
55284,28428
55285,27157
55286,28347
55287,
55288,28429
55289,
55290,
55292,
55293,
55294,
55295,
55296,
55297,
55298,
55299,26201
55300,28426
55301,
55303,
55304,
55305,
55306,
55307,
55308,
55309,27955
55310,28343
55311,28434
55312,28438
55313,27796
55314,27802
55315,28430
55316,28431
55317,28427
55318,28245
55319,21497
55320,28409
55321,28439
55322,28178
55323,28442
55324,28436
55325,28289
55326,28074
55327,28310
55328,27797
55329,27802
55330,28334
55331,28272
55332,28249
55333,28440
55334,28339
55335,27904
55336,28259
55337,28290
55338,28176
55340,27999
55341,28054
55342,28072
55343,28245
55344,28441
55345,28298
55346,27657
55347,28432
55348,28357
55349,24401
55350,28443
55351,28322
55352,25780
55353,25783
55354,28130
55355,28269
55356,28268
55357,28267
55358,28331
55359,28331
55360,28287
55361,27707
55364,27633
55365,27633
55366,4327
55367,28433
55368,28236
55369,28435
55370,27717
55371,21633
55372,28257
55373,28074
55374,26963
55375,27157
55376,28178
55377,28415
55378,27727
55379,28404
55380,28417
55381,28421
55382,28419
55383,27633
55384,27633
55385,27633
55386,28074
55387,28427
55388,27999
55390,25432
55391,25432
55392,25432
55393,25432
55394,12955
55395,28072
55396,28444
55397,27312
55398,27312
55399,27157
55400,27045
55401,27045
55402,27044
55403,27044
55404,27042
55405,27042
55406,28216
55407,
55408,
55409,28361
55410,26158
55411,26140
55412,25366
55413,26591
55414,26334
55415,23597
55416,26451
55417,26628
55418,28439
55419,28132
55420,27078
55421,27267
55422,28409
55423,26194
55424,28456
55425,28302
55426,28107
55427,27671
55428,26611
55429,28287
55430,28023
55431,28072
55432,27797
55433,28459
55434,28451
55435,22554
55436,28074
55437,28427
55438,27802
55439,27955
55440,28452
55441,27848
55442,28453
55443,28448
55444,28454
55445,28455
55446,27312
55447,28330
55448,27837
55449,27418
55450,28357
55451,28280
55452,28216
55453,28072
55454,27042
55455,28027
55456,21633
55457,28061
55458,28130
55459,25780
55460,25783
55461,25779
55462,24007
55463,28129
55464,28227
55465,28227
55466,28462
55467,25627
55468,28208
55470,28232
55471,27853
55472,27999
55473,27044
55474,28464
55475,27257
55476,27139
55477,27245
55478,28232
55479,27712
55480,28465
55481,26963
55482,28461
55483,24738
55485,28467
55486,28440
55487,23168
55488,28072
55489,27078
55490,27042
55491,26084
55492,26084
55493,26084
55495,28470
55496,26084
55497,27045
55498,28074
55500,28074
55501,27312
55502,27633
55503,28294
55504,28403
55505,28407
55506,28407
55507,28407
55508,28407
55509,28410
55510,28410
55511,27723
55512,28307
55513,10972
55514,28333
55515,28333
55516,27078
55517,
55518,
55519,
55520,
55521,28434
55522,28343
55523,28302
55524,28200
55525,28236
55526,28347
55527,28471
55528,28326
55529,28474
55530,28385
55531,17972
55532,21963
55533,28291
55534,28233
55535,27794
55536,28061
55537,22554
55538,27633
55539,27633
55540,28471
55541,28483
55542,27633
55543,28426
55544,28178
55545,28448
55546,28464
55547,28466
55548,27042
55549,27772
55550,27633
55551,28444
55552,28271
55553,28484
55554,28270
55555,28216
55556,28483
55557,27699
55558,28249
55559,28472
55560,28331
55561,28443
55562,28488
55563,28485
55564,28308
55565,28034
55566,27848
55567,25937
55568,28083
55569,27955
55570,28486
55571,28074
55572,
55574,28331
55575,27045
55576,27044
55577,28344
55578,28495
55579,28498
55580,28498
55581,28499
55582,28072
55583,28502
55584,28502
55585,28497
55586,28497
55587,27904
55588,27863
55590,28500
55591,27722
55593,28507
55595,28216
55596,28316
55597,28314
55598,28315
55599,28312
55600,28311
55601,28509
55602,28510
55603,28511
55604,28512
55605,28475
55606,28475
55607,28439
55608,28294
55609,28269
55610,28294
55611,28483
55612,26432
55613,20166
55614,26432
55615,28270
55616,27672
55617,27672
55618,28485
55619,28307
55620,27712
55621,28444
55622,27999
55623,28227
55624,28488
55625,27257
55626,28331
55627,27044
55628,27045
55629,28072
55630,28216
55631,28321
55632,28434
55633,27633
55634,26084
55635,28513
55636,28342
55637,28343
55638,28326
55639,28034
55640,27848
55641,27955
55642,28462
55643,26194
55644,28521
55645,15118
55646,28483
55647,28473
55648,27729
55649,28514
55650,28522
55651,27312
55652,28517
55653,28520
55654,28523
55655,27911
55656,27837
55657,27912
55658,27858
55659,28054
55660,27633
55661,28483
55662,28464
55663,28441
55664,28516
55666,27838
55667,27656
55668,28483
55669,27633
55670,27913
55671,27914
55672,28524
55674,28519
55675,26084
55676,27633
55677,28267
55678,28531
55679,28529
55680,28529
55681,28530
55682,28227
55683,28532
55684,28533
55685,28533
55686,28538
55687,28534
55688,28535
55689,28536
55690,24401
55691,28537
55692,28539
55693,28540
55694,28541
55695,28542
55696,28531
55697,28128
55698,28519
55699,28298
55700,28544
55701,28543
55702,28527
55703,28531
55704,28061
55705,28034
55706,28549
55707,28550
55708,28551
55709,28552
55710,28553
55711,28554
55712,28555
55713,16203
55714,27312
55715,27656
55716,28432
55717,26432
55718,28072
55719,27044
55720,27045
55721,28307
55722,28258
55723,28444
55724,28316
55725,27999
55726,28517
55727,28267
55728,28269
55729,28270
55730,28270
55731,28513
55732,28302
55733,28567
55734,28343
55735,28342
55736,28200
55737,28434
55738,28346
55739,28200
55740,28302
55741,28434
55742,28343
55743,28570
55744,28570
55745,28486
55746,28569
55747,28036
55748,28571
55749,28572
55750,28161
55751,28259
55752,28577
55753,27772
55754,27671
55755,28441
55756,28578
55757,28486
55758,28574
55759,27573
55760,27633
55761,27657
55762,28298
55763,28576
55764,28330
55765,27043
55766,27045
55767,28545
55768,28546
55769,28548
55770,28573
55771,28547
55772,28487
55773,28216
55774,28331
55775,28288
55776,26909
55777,27357
55778,28034
55779,27848
55780,28488
55781,28513
55782,27078
55783,28444
55784,28581
55785,28178
55786,23168
55787,27812
55788,28509
55789,28331
55790,28164
55791,28164
55792,28288
55793,27924
55794,27924
55795,28301
55796,28582
55797,27924
55798,28439
55799,27672
55800,27924
55801,28316
55802,27044
55803,27045
55804,27043
55805,28546
55806,28227
55807,28545
55808,28580
55809,28583
55810,27672
55811,28227
55812,27837
55813,28034
55814,27848
55815,28575
55816,28333
55817,27633
55818,28301
55819,28200
55820,28579
55821,28584
55822,28586
55823,28161
55824,28291
55825,28521
55826,28132
55827,28571
55828,26201
55829,28473
55830,28595
55831,
55832,
55833,
55834,
55835,
55836,
55837,
55838,
55839,
55840,
55841,
55842,
55843,
55844,28510
55845,
55846,28499
55847,27911
55848,
55849,
55850,
55851,28599
55852,
55853,
55854,
55855,
55856,28488
55857,
55858,28000
55859,28052
55860,26194
55861,27671
55862,28596
55863,26084
55864,28069
55865,27924
55866,26909
55867,28112
55868,28113
55869,28585
55870,28349
55871,27344
55872,28439
55873,27344
55874,27344
55875,28529
55876,28594
55877,27772
55878,28606
55879,28607
55880,28592
55881,28519
55882,28316
55883,28547
55884,27838
55886,28587
55887,28237
55888,26409
55889,28604
55890,28603
55891,28605
55892,28602
55893,28410
55894,28410
55895,28410
55896,28410
55897,28410
55898,28410
55899,28000
55900,28052
55901,28069
55902,28094
55903,28112
55904,28113
55905,28146
55906,28332
55907,28600
55908,28597
55909,28597
55913,27493
55914,27633
55915,26611
55916,26611
55917,26611
55918,26611
55919,26611
55920,28587
55921,28595
55922,28548
55923,27587
55924,28586
55925,27491
55926,28619
55927,28622
55928,26988
55929,28584
55930,28579
55931,28599
55932,28573
55933,28626
55934,28627
55935,28200
55936,28629
55937,28200
55938,28630
55939,28632
55940,27671
55941,27812
55942,27722
55943,28525
55944,28426
55945,28161
55946,26084
55947,26084
55948,28000
55949,26611
55950,26611
55951,26611
55952,27493
55953,27493
55954,28441
55955,28052
55956,28052
55957,26909
55958,28307
55959,28407
55960,28546
55961,28499
55962,27308
55963,28641
55964,28625
55965,27955
55966,28527
55967,28511
55968,28616
55970,28502
55971,28545
55972,28271
55973,28200
55974,28640
55975,23010
55976,28618
55977,28618
55978,28466
55979,28601
55980,28638
55981,26194
55982,25432
55983,25432
55984,28503
55985,28504
55986,28640
55987,28504
55988,27772
55989,27139
55990,28621
55991,28513
55993,28570
55994,28582
55995,28543
55996,28510
55997,27633
55998,28644
55999,27672
56000,28486
56001,28444
56002,27848
56003,28270
56004,28648
56005,28640
56006,28069
56007,28651
56008,28639
56009,28444
56010,27157
56011,28267
56012,27633
56013,27633
56014,28269
56015,28270
56016,28094
56017,28072
56018,27042
56019,28072
56020,28094
56023,27493
56024,28643
56025,28112
56026,28178
56027,28178
56028,27656
56029,27671
56030,27594
56031,28527
56032,26909
56033,28643
56034,28548
56035,28521
56036,27203
56037,28567
56038,28657
56039,28584
56040,27955
56041,27760
56042,28394
56043,28637
56044,27460
56045,28667
56046,28586
56047,28666
56048,28663
56049,28665
56050,327
56051,28659
56052,28644
56053,28660
56054,28669
56055,28587
56056,28670
56057,28654
56058,28675
56059,28642
56060,28642
56061,28638
56062,28625
56063,27812
56064,28639
56066,28647
56067,28656
56068,28679
56069,28672
56070,28673
56071,28678
56072,28629
56073,28681
56074,28677
56075,28668
56076,28655
56077,28661
56078,28664
56079,28662
56080,28682
56081,28523
56082,28606
56083,27731
56084,28499
56085,28648
56086,28683
56087,28656
56088,28509
56089,28509
56090,28473
56091,28633
56092,28607
56093,28521
56094,28052
56097,28113
56098,28498
56099,28502
56100,28112
56101,28112
56102,28659
56103,
56104,28690
56105,28691
56106,28696
56107,28697
56108,28698
56109,28699
56110,28700
56111,28703
56112,28689
56113,28684
56114,28681
56115,28688
56116,28394
56117,27760
56118,27955
56119,28599
56120,27759
56121,28687
56122,23359
56123,23451
56124,28227
56125,28656
56126,28685
56127,28704
56128,28712
56129,28711
56130,28546
56131,28594
56132,28501
56133,28501
56134,28501
56135,28504
56136,28504
56137,28505
56140,28506
56141,28582
56142,28581
56143,28713
56144,28513
56145,28718
56146,28680
56147,28680
56148,26611
56149,
56150,28719
56151,28618
56152,28720
56153,28721
56154,27760
56155,28723
56156,28723
56157,28688
56158,28692
56159,28724
56160,28350
56161,27573
56162,28687
56163,28726
56164,28643
56165,28486
56167,28113
56168,327
56169,28722
56170,25942
56171,27924
56173,27924
56174,28730
56175,28581
56176,27671
56177,28332
56178,28112
56180,28685
56181,28052
56182,27924
56183,28581
56184,28227
56185,28058
56186,27633
56187,26084
56188,27772
56189,28673
56190,28672
56191,28548
56192,27633
56193,28164
56194,28734
56195,28734
56196,28733
56197,28735
56198,27633
56199,27296
56200,28581
56201,28361
56202,28675
56203,28582
56204,27812
56205,28736
56206,28441
56207,28441
56208,27812
56210,28511
56211,28128
56212,28499
56213,28714
56214,27671
56215,28607
56217,28655
56218,28744
56219,28174
56220,28747
56221,28587
56222,28607
56223,27731
56224,28668
56225,28748
56226,28581
56227,28052
56228,28350
56229,27573
56230,27296
56231,28724
56232,28394
56233,28160
56234,28687
56235,28674
56236,28633
56237,26611
56238,26611
56239,26611
56240,28661
56241,
56242,28733
56243,28673
56244,28754
56245,28672
56246,28751
56247,28743
56248,28685
56249,28717
56250,27633
56251,28677
56252,27924
56253,28434
56254,28744
56255,28738
56256,28739
56257,27812
56258,26084
56259,28737
56260,28749
56261,28581
56262,28683
56263,28742
56264,28762
56265,28763
56266,28747
56267,28581
56268,28764
56269,
56270,
56271,
56272,28699
56273,28699
56274,28700
56275,28697
56276,28698
56278,28765
56281,27731
56282,28350
56283,28767
56284,28582
56285,28769
56286,28651
56287,28739
56288,28771
56289,28773
56291,28434
56292,28776
56293,28777
56294,28105
56295,28779
56296,27707
56298,28785
56300,26194
56301,28794
56302,28793
56303,28796
56304,28783
56305,28795
56306,28000
56307,28754
56308,28763
56309,27924
56310,28528
56311,28799
56312,28113
56313,28770
56314,28772
56315,28527
56316,28736
56318,27671
56319,28778
56320,28768
56321,27772
56322,26084
56323,28803
56324,28804
56326,28788
56327,28792
56328,28792
56329,28805
56331,28806
56332,27812
56333,
56334,
56335,
56336,
56337,
56338,
56339,
56340,28501
56341,28498
56342,28502
56343,25942
56344,28807
56345,28807
56346,28574
56347,28465
56348,28807
56349,28806
56351,28502
56352,28498
56353,28749
56354,28128
56355,28764
56356,28811
56357,28698
56358,28813
56359,26959
56360,27800
56361,27801
56362,27801
56363,28814
56364,12955
56365,28815
56366,28817
56367,28818
56368,28819
56370,28812
56372,28788
56373,28801
56374,27493
56375,28113
56376,28717
56377,28227
56378,28227
56379,27633
56380,28527
56381,27924
56382,28465
56383,28687
56384,28685
56385,27587
56387,27587
56390,26084
56391,28058
56392,28806
56393,27671
56394,28651
56395,28827
56396,28582
56397,28800
56398,28444
56399,28661
56400,26213
56401,28828
56402,28647
56403,28656
56404,26084
56405,28581
56406,28596
56407,27759
56408,21633
56409,21633
56410,21633
56411,28058
56412,28444
56414,28501
56415,28528
56416,28639
56418,28639
56419,28824
56420,28829
56421,28829
56422,28829
56423,28829
56424,28829
56425,28829
56426,28409
56427,28409
56433,28409
56435,28405
56436,28405
56437,28830
56438,28830
56439,28830
56441,28399
56445,28831
56446,28831
56449,28397
56451,28000
56452,28831
56453,28399
56454,21633
56455,21633
56456,28832
56457,28870
56461,21633
56462,21633
56464,21633
56465,21633
56466,21633
56467,21633
56468,28647
56469,28662
56470,28511
56471,28833
56472,28834
56473,28586
56474,28211
56475,27633
56476,27633
56477,28647
56478,28814
56479,28502
56480,27493
56481,28000
56482,28052
56483,27493
56485,27812
56486,28767
56487,28817
56488,28819
56489,27043
56490,27044
56491,28801
56492,28444
56493,27157
56494,
56495,28838
56496,27707
56497,28691
56498,28174
56499,28699
56500,28818
56501,28847
56502,28848
56503,28849
56504,28811
56505,27792
56506,27793
56507,27793
56508,328
56509,28852
56510,28851
56511,28835
56512,28853
56513,28856
56514,28834
56515,28052
56516,28227
56517,28527
56518,28853
56519,28854
56520,28855
56521,28771
56522,28128
56523,26611
56524,26611
56525,28662
56526,28227
56527,28859
56528,28777
56529,28856
56530,28858
56531,
56532,26084
56533,
56534,
56535,28227
56536,28112
56537,28647
56538,27924
56539,28858
56541,28861
56542,28000
56543,28860
56544,28856
56545,28856
56546,28833
56547,28817
56548,27671
56549,28767
56550,28870
56551,28870
56552,28870
56554,21497
56555,28729
56556,28502
56557,28211
56558,28647
56559,27924
56560,27493
56561,21497
56563,28778
56564,28887
56565,28113
56566,12955
56567,12955
56568,12955
56569,12955
56570,12955
56571,12955
56572,12955
56573,12955
56574,12955
56575,12955
56576,12955
56577,28858
56578,27853
56579,28785
56581,28922
56582,28922
56583,28922
56586,28922
56587,28698
56588,28888
56589,28481
56590,28797
56591,28821
56592,28902
56595,27796
56596,28901
56597,26982
56598,26981
56599,26983
56600,28903
56601,27772
56602,25422
56603,28639
56604,28113
56605,27812
56606,28586
56607,28854
56608,28853
56609,28855
56610,27633
56611,28767
56612,28112
56613,28807
56614,28052
56615,27493
56616,28825
56617,28844
56618,28844
56619,28845
56620,28651
56621,28846
56622,28910
56623,28870
56624,28819
56625,28797
56626,28661
56627,28661
56628,28912
56629,28904
56630,28907
56631,28905
56632,28906
56633,28721
56634,28267
56635,28269
56636,28270
56637,28749
56638,28749
56639,28227
56640,28656
56641,28856
56642,28861
56643,28911
56644,28687
56645,28909
56646,28908
56647,27059
56648,28861
56649,27924
56650,28913
56651,25848
56652,28916
56653,28768
56654,28844
56655,28528
56656,28499
56657,28662
56658,28861
56659,28699
56660,28052
56661,28113
56662,28870
56663,28685
56664,27671
56665,28917
56666,28918
56667,28918
56668,28918
56669,28918
56670,28918
56671,28833
56672,27493
56673,28854
56674,27853
56675,27812
56676,28917
56677,28914
56678,28797
56679,28211
56680,28807
56681,28767
56682,28819
56683,28806
56684,26084
56685,28639
56686,28639
56687,27772
56688,28919
56689,28919
56690,28919
56691,28052
56692,28069
56693,28921
56694,28481
56695,28922
56696,28922
56697,28922
56698,28923
56699,28434
56700,28797
56701,28924
56702,25902
56703,28925
56704,28927
56705,28928
56706,28721
56707,27759
56708,28901
56709,28777
56710,28785
56711,28757
56712,28912
56713,28174
56714,28821
56715,28846
56716,28505
56717,28933
56718,28934
56719,28914
56720,28270
56721,28914
56722,27671
56723,28858
56724,28935
56725,28865
56726,28882
56727,28937
56728,28936
56729,28685
56730,28939
56731,28503
56732,28504
56733,28505
56734,28506
56735,28656
56736,28912
56737,22554
56738,25848
56739,26982
56740,27759
56741,26983
56742,26981
56743,27796
56744,28870
56745,28870
56746,28940
56747,28911
56748,25902
56749,28944
56750,28944
56751,28945
56752,28662
56753,28661
56754,28677
56755,28677
56757,28951
56758,28952
56759,28953
56760,28698
56761,26983
56762,28947
56763,28932
56764,28757
56765,28816
56766,28931
56767,28942
56768,28930
56772,25902
56773,28940
56774,28954
56775,26084
56776,28870
56777,28949
56778,28948
56780,27671
56781,28941
56782,28269
56783,28943
56784,28052
56785,28955
56786,28914
56787,28914
56788,28914
56789,28797
56790,28957
56791,28113
56792,28069
56793,28768
56794,28778
56795,27772
56796,28270
56797,28845
56798,22554
56799,28846
56800,28825
56801,28647
56802,28528
56803,27797
56804,21633
56805,21633
56806,27044
56807,4574
56808,27045
56811,27792
56812,28821
56813,28481
56814,28870
56815,28960
56816,28024
56817,28271
56818,28668
56819,28668
56820,28272
56821,28510
56822,28881
56823,28885
56824,28876
56825,28877
56830,28884
56831,28880
56834,27493
56835,28685
56836,25433
56837,28639
56838,28639
56839,28269
56840,28528
56841,28528
56842,4574
56843,28647
56844,28661
56845,28069
56846,28069
56847,26084
56848,28656
56849,27707
56850,22554
56851,27587
56854,28901
56855,28911
56856,28940
56857,28962
56858,28971
56860,28973
56861,28975
56862,28962
56863,28962
56864,25902
56865,28937
56866,28976
56867,28797
56868,28977
56869,28952
56870,4574
56871,28267
56872,28270
56873,28870
56874,26894
56875,28980
56876,28982
56877,28499
56878,28928
56879,28858
56880,28974
56881,28845
56882,28833
56883,28639
56884,28934
56885,28729
56886,28978
56887,28985
56888,28851
56889,25770
56890,28947
56891,26983
56892,28927
56893,27802
56894,27800
56895,28723
56896,28987
56897,27239
56898,28986
56899,28988
56900,26909
56901,28822
56903,28822
56904,27671
56905,28822
56906,28822
56907,28481
56908,28821
56909,27672
56910,28919
56911,28929
56912,28990
56913,28528
56914,28992
56915,28991
56916,28989
56917,28510
56918,28801
56919,28729
56920,28995
56921,28994
56923,28270
56924,28269
56925,28993
56926,28269
56927,28528
56928,28858
56929,27749
56930,27672
56931,27357
56932,28332
56933,28094
56934,28112
56935,28113
56936,28754
56937,28069
56938,28917
56939,28052
56940,28211
56941,27493
56942,28914
56943,28069
56944,27045
56945,28994
56946,28052
56947,28758
56948,29007
56949,29007
56950,28499
56951,27796
56952,27792
56953,26981
56955,28797
56957,28838
56958,28929
56959,28845
56960,29009
56962,21649
56963,28870
56964,28528
56965,28924
56966,28977
56967,28272
56968,29012
56969,29014
56970,28902
56971,28914
56972,28902
56973,29008
56974,29010
56975,27423
56976,28914
56977,29016
56978,28860
56979,29017
56980,28870
56981,28870
56982,28821
56983,28481
56984,28271
56985,26983
56986,25902
56987,27772
56988,28499
56989,28917
56991,28901
56992,27059
56993,27493
56994,28914
56995,28308
56996,27772
56997,28072
56998,28853
56999,28904
57000,
57001,28907
57002,28906
57003,28905
57004,28668
57005,28668
57006,27202
57007,28906
57008,28905
57009,28907
57010,28904
57011,29020
57012,29021
57013,29023
57014,29025
57015,29027
57016,27493
57017,28094
57018,29026
57019,29028
57020,29029
57021,29030
57022,29030
57023,29031
57024,29032
57025,29032
57026,27793
57027,29034
57028,28072
57029,29033
57030,27059
57031,28661
57032,28499
57033,28990
57034,29036
57035,25902
57036,28901
57037,28829
57038,28958
57039,29035
57040,29037
57041,28687
57042,27772
57043,26084
57044,27423
57045,29041
57046,28870
57047,28112
57048,28528
57049,28270
57050,28917
57051,28094
57053,28929
57054,29039
57055,29038
57056,29046
57057,29043
57058,29045
57059,28975
57060,27772
57061,28995
57062,28987
57063,29047
57064,29047
57065,29053
57066,28964
57067,28965
57068,28914
57069,28966
57070,28967
57071,28969
57072,28970
57073,28499
57074,29054
57075,28855
57076,28064
57077,27695
57078,27493
57079,27493
57080,28994
57081,29039
57082,29038
57083,28661
57084,28113
57085,28504
57086,28052
57087,28332
57088,29046
57089,28272
57090,29055
57091,29006
57092,27802
57093,27801
57094,29056
57095,28754
57096,27800
57097,26988
57098,27794
57099,29055
57100,29056
57101,28267
57102,28269
57103,28271
57104,28272
57105,28268
57106,28267
57107,28270
57108,29030
57109,28870
57110,27772
57111,29052
57112,29050
57113,26611
57114,28924
57115,28789
57116,29017
57117,28989
57118,29071
57119,28666
57120,28662
57121,26611
57122,26611
57123,28662
57124,27296
57125,29077
57126,
57127,28758
57128,26981
57129,25770
57130,28723
57131,27796
57133,27226
57134,29046
57135,29079
57136,29046
57137,28966
57138,28094
57139,28112
57140,4574
57141,28797
57142,28969
57143,29033
57144,26611
57145,27587
57146,28902
57147,29028
57148,28870
57149,28870
57150,29081
57152,29091
57153,28992
57154,28973
57155,29085
57156,29069
57157,29068
57158,29067
57159,29066
57160,29086
57161,28923
57162,29021
57163,25902
57164,16203
57165,28574
57166,
57167,
57168,
57169,
57170,29093
57171,29094
57172,28649
57173,28646
57174,29074
57175,29073
57176,29043
57177,29099
57178,29045
57179,28499
57180,28661
57181,29102
57182,29103
57183,29103
57184,29103
57185,29079
57186,28821
57187,28481
57188,28924
57189,
57190,28924
57191,
57192,28952
57193,28797
57194,28904
57195,28463
57196,29105
57197,29107
57198,29108
57199,29110
57200,29111
57201,28870
57202,29104
57203,27772
57204,28870
57206,29101
57207,28655
57208,29106
57209,26666
57210,27587
57211,28573
57212,29065
57213,29100
57214,25902
57216,29096
57218,28870
57219,28870
57220,28322
57221,28322
57222,29112
57223,29113
57224,29114
57225,28267
57226,28270
57227,28987
57228,28685
57229,4574
57230,4574
57233,27924
57234,29075
57235,
57236,27999
57237,28917
57238,29029
57239,28994
57240,27749
57241,29049
57242,29048
57243,29024
57244,29022
57245,28661
57246,28661
57247,29043
57249,29038
57250,29039
57251,29019
57252,29018
57253,28943
57254,28795
57255,28783
57256,28680
57257,28762
57258,28692
57260,28831
57261,28399
57262,28832
57263,28994
57264,28685
57265,29084
57266,28855
57267,28064
57268,28094
57270,27493
57271,21497
57272,29031
57273,29032
57274,28267
57275,29023
57276,27357
57277,29121
57278,27045
57279,29028
57280,28990
57281,29123
57282,28858
57283,29118
57284,29119
57285,29040
57286,28937
57287,29098
57288,27999
57289,28870
57290,28645
57292,28831
57293,28831
57294,28831
57295,28650
57296,
57297,29108
57299,29095
57300,29016
57301,28924
57302,29134
57303,29137
57304,28870
57305,29031
57306,27924
57307,29108
57308,27772
57309,29141
57310,29081
57311,29107
57312,28661
57313,29126
57314,27045
57315,28621
57316,29132
57317,29145
57318,27357
57319,28712
57320,29136
57321,29032
57322,29113
57323,28499
57324,29038
57325,19257
57326,28831
57327,28399
57328,28830
57329,28832
57330,28052
57331,27924
57332,29127
57333,26609
57334,29140
57335,29142
57336,29150
57337,29055
57338,29155
57339,28904
57340,28904
57341,28904
57342,28639
57343,29043
57344,29156
57345,29056
57346,25902
57347,29150
57348,29108
57349,29159
57350,29056
57351,27357
57352,29136
57353,29136
57354,29031
57355,27044
57356,29096
57358,27493
57359,28858
57360,28927
57361,28723
57362,25902
57363,28870
57364,29053
57365,29053
57366,28639
57367,29009
57368,28523
57369,28927
57370,25902
57371,25902
57372,29162
57373,29162
57375,29163
57376,29164
57377,29165
57378,29166
57379,28821
57380,29171
57381,29176
57382,29084
57383,27999
57384,28094
57385,28917
57386,28870
57387,27924
57388,29056
57389,27772
57390,29158
57391,29032
57392,29032
57393,24401
57394,29108
57395,28621
57396,29145
57397,28990
57398,28064
57399,29132
57400,28112
57401,29137
57402,28052
57403,28510
57404,27796
57405,28528
57406,28444
57407,25902
57408,28958
57409,28444
57410,28821
57411,29174
57412,29096
57413,29122
57414,27924
57415,27725
57416,29182
57417,29183
57418,28858
57419,29173
57420,29169
57421,29168
57422,29167
57424,29170
57425,24401
57426,28993
57428,29056
57429,29043
57430,29178
57431,28499
57432,21497
57433,21497
57434,21497
57435,27044
57436,28650
57437,28463
57438,28094
57439,28639
57440,29128
57441,27045
57442,28072
57443,29031
57444,29185
57445,28917
57446,29032
57447,29108
57448,29045
57449,29028
57450,29029
57451,29030
57452,29056
57453,27924
57454,28917
57455,29145
57456,28937
57457,28267
57458,28268
57459,28269
57460,28270
57461,28271
57462,28272
57463,28858
57464,28917
57465,28870
57466,29184
57467,29188
57468,29189
57469,28958
57470,27796
57471,29181
57472,29194
57473,29158
57474,29195
57475,24401
57476,28639
57477,28094
57478,29182
57479,28993
57480,29186
57481,29032
57482,29193
57483,29113
57484,29177
57485,28113
57486,29093
57487,29094
57488,29118
57489,28929
57490,29240
57491,29137
57492,28917
57493,29157
57494,29148
57496,28094
57499,29117
57501,29226
57503,29226
57504,29226
57505,
57506,29226
57507,29226
57508,29226
57510,29216
57511,27772
57512,27772
57513,29245
57514,29242
57515,29241
57516,28113
57517,29054
57518,27695
57519,29147
57520,
57521,
57522,
57523,
57524,28757
57525,26611
57526,29253
57527,26611
57528,29253
57529,26611
57530,26611
57532,29254
57533,29146
57534,29255
57535,28200
57536,28952
57537,29110
57538,29139
57539,29256
57540,29135
57541,29257
57542,29154
57545,29181
57546,29253
57547,25446
57548,28948
57549,28809
57550,29110
57551,26666
57552,29251
57553,29138
57554,29247
57557,29248
57558,29246
57559,29244
57560,29250
57561,29028
57562,29028
57563,29260
57564,29281
57565,29029
57566,29031
57567,29282
57568,29283
57569,27296
57570,29028
57571,27296
57572,29029
57573,29031
57574,29284
57575,29285
57576,25902
57577,28901
57578,29151
57579,29032
57580,29280
57581,28573
57582,29081
57584,29266
57585,
57586,27296
57587,27296
57588,28809
57589,29260
57590,29259
57591,29287
57592,29288
57593,28113
57594,29108
57595,29244
57597,26611
57598,28094
57599,29031
57600,28851
57601,29158
57602,29158
57603,28993
57604,29227
57605,29138
57606,29028
57607,29291
57608,29118
57609,27587
57611,29220
57612,29203
57613,29203
57614,29118
57615,28851
57616,29290
57617,24401
57618,29029
57619,28910
57620,29056
57621,29056
57622,28639
57623,29185
57624,29170
57625,29170
57626,28729
57627,29108
57628,29028
57629,28917
57630,29156
57631,29156
57632,26611
57633,28927
57634,27045
57635,28917
57636,29295
57637,29297
57638,29298
57639,29299
57640,29298
57641,29300
57642,29259
57643,29295
57644,29297
57646,29299
57647,29300
57648,29298
57649,26213
57650,29259
57651,29056
57652,28993
57653,28200
57654,28072
57655,29183
57657,29110
57658,21681
57659,29029
57660,28993
57661,29028
57662,28993
57663,27695
57664,28072
57665,29246
57666,29145
57667,29132
57668,28064
57669,28200
57670,28072
57671,27924
57672,28211
57673,27672
57674,12955
57675,26611
57676,28961
57677,29158
57678,28833
57679,29295
57680,29301
57681,28655
57682,28639
57683,28113
57684,27073
57685,27073
57686,29228
57687,29228
57688,29260
57689,29260
57690,28754
57691,29220
57692,29203
57693,29031
57694,29113
57695,29113
57696,28768
57697,28917
57698,28754
57700,29231
57701,12955
57702,27044
57703,28729
57704,28510
57705,28917
57706,25433
57707,29032
57708,28639
57709,27672
57710,29029
57711,28267
57712,29132
57713,29145
57714,29029
57715,28754
57716,27357
57717,28754
57718,27357
57719,29031
57720,29032
57721,28268
57722,29303
57724,28267
57725,27073
57726,27073
57727,29304
57728,28833
57729,27073
57730,4574
57731,28113
57732,29306
57733,29307
57734,29302
57735,29148
57736,29250
57737,29158
57738,29244
57739,29310
57740,29308
57741,29311
57742,29323
57743,29029
57744,28267
57745,29250
57746,29154
57747,29138
57748,28833
57749,29307
57750,29306
57751,29245
57752,28807
57753,29158
57754,2577
57755,2831
57757,29295
57758,27924
57759,27924
57760,29231
57761,28268
57762,28268
57763,29118
57764,27045
57765,29228
57766,29110
57767,29311
57768,29312
57769,29313
57770,12955
57771,25361
57772,29123
57773,29308
57774,28807
57775,29326
57776,29327
57777,29324
57778,29031
57779,29230
57780,29229
57781,29229
57782,28754
57783,28729
57784,29328
57787,28917
57788,29032
57789,2577
57790,2831
57791,29029
57792,29031
57793,28768
57794,29329
57795,29329
57796,4574
57797,29345
57798,29229
57799,4574
57800,
57801,
57802,
57803,
57804,
57805,
57806,
57807,
57809,29247
57810,26611
57811,27587
57812,28902
57813,26989
57814,29297
57815,29170
57816,27073
57817,29299
57818,27924
57819,29182
57821,14721
57822,29332
57823,29331
57824,14694
57825,29330
57826,27059
57827,27059
57828,29158
57829,29230
57830,28639
57831,27044
57832,28768
57833,29138
57834,29118
57835,29311
57836,29295
57837,29295
57838,29297
57839,29298
57840,29299
57841,29300
57842,29313
57843,29312
57845,26611
57846,28833
57847,27045
57848,28754
57849,28052
57850,28112
57851,28113
57852,29314
57853,29314
57854,29315
57855,29316
57856,29317
57857,29318
57858,29319
57859,29320
57860,29321
57861,29322
57862,28052
57863,28754
57864,29297
57865,12955
57866,25432
57867,29154
57868,29333
57869,29337
57870,29336
57871,29335
57872,29334
57873,29338
57874,17164
57875,29021
57876,25848
57877,28760
57878,29162
57879,28757
57880,25537
57881,28962
57882,29344
57883,10972
57884,29345
57885,29203
57886,29225
57887,29346
57888,27059
57889,
57890,28824
57891,28824
57892,
57893,
57894,
57895,
57896,28768
57897,
57898,
57899,
57900,
57901,
57902,
57903,
57904,
57905,
57906,
57907,
57908,
57909,
57910,29132
57911,29132
57912,28621
57913,28855
57914,29352
57915,28064
57916,27695
57917,
57918,25848
57919,
57920,
57921,14718
57922,29353
57923,29353
57924,29353
57925,29224
57926,29331
57927,29331
57928,29339
57929,29347
57930,29348
57931,29349
57932,24401
57933,29351
57934,29350
57935,28709
57936,29331
57937,28706
57938,28707
57939,29323
57940,28708
57941,28695
57942,28702
57943,28694
57945,29344
57946,29358
57947,29344
57948,28710
57949,4574
57950,28701
57951,28693
57952,29359
57953,28064
57954,27073
57955,27357
57956,29361
57957,27073
57958,26611
57959,29225
57960,29225
57961,29225
57964,28639
57965,27045
57966,29299
57967,17897
57968,29333
57969,14694
57971,29363
57972,29364
57973,29313
57974,29314
57975,29315
57976,29316
57977,29319
57978,29320
57979,29341
57980,27695
57981,28833
57982,29158
57983,29342
57984,28184
57985,29332
57986,29229
57987,29366
57988,28211
57989,29368
57990,14685
57991,29367
57992,27226
57993,29365
57994,28958
57995,28938
57996,27796
57997,29365
57998,28639
57999,29369
58000,29367
58001,29365
58002,29365
58003,29365
58007,29365
58008,29365
58009,29365
58010,29365
58012,29365
58013,29365
58016,29365
58021,29366
58022,29366
58023,29366
58024,29366
58025,29366
58026,29366
58027,29366
58028,29366
58029,29366
58030,29366
58031,29366
58032,29366
58034,29366
58035,29366
58036,29366
58037,29366
58038,29366
58039,29366
58040,29366
58041,29343
58042,29340
58043,29340
58044,28268
58045,28269
58046,29372
58047,29371
58048,29370
58049,26611
58050,14709
58051,27073
58052,28113
58053,28112
58054,28268
58055,28269
58056,29185
58057,28064
58058,28639
58059,28639
58060,27926
58061,28113
58062,29183
58063,25537
58064,29238
58065,29318
58066,29332
58067,29309
58068,28674
58069,28993
58070,28993
58071,28272
58072,28271
58074,29295
58075,29297
58076,29298
58077,29299
58078,29300
58079,28270
58080,28270
58081,28639
58082,28993
58083,29317
58084,29185
58085,28267
58086,17401
58087,29158
58088,27059
58089,29345
58090,28113
58091,29321
58092,29342
58093,28271
58094,28271
58095,25433
58096,25433
58097,29333
58098,27926
58099,28621
58100,28855
58101,27695
58102,29029
58103,29377
58104,29378
58105,29379
58106,
58107,29358
58108,
58109,
58110,
58111,
58112,
58113,
58114,
58115,
58116,
58117,
58118,
58119,
58120,
58121,29380
58122,
58123,
58124,
58125,
58126,27073
58127,27073
58128,29333
58129,27073
58130,29375
58131,
58132,
58133,27073
58134,27073
58135,28270
58137,
58138,
58139,29346
58140,29259
58141,29385
58143,
58144,
58145,29183
58146,
58147,
58148,
58151,29359
58152,29043
58153,29043
58154,28993
58155,17401
58156,29299
58157,28269
58158,28831
58159,27059
58160,29391
58161,29084
58162,28268
58163,29393
58164,28268
58165,29299
58166,26611
58167,29390
58168,28721
58169,29386
58170,29173
58171,29387
58172,29374
58173,29379
58174,29380
58175,28993
58176,21963
58177,27226
58178,26611
58179,27129
58180,29379
58181,14694
58183,29016
58184,29289
58185,27848
58187,29029
58188,29405
58189,29331
58190,29362
58191,29029
58192,29297
58193,28268
58194,28271
58195,28270
58196,28269
58197,29299
58198,28211
58200,28639
58201,27357
58202,29372
58203,26611
58204,29189
58205,29188
58206,29372
58207,29289
58208,27848
58209,29393
58210,28184
58211,29411
58212,29383
58213,28758
58214,
58215,29375
58216,29333
58217,29415
58218,28958
58219,29408
58221,29384
58222,29387
58223,28721
58224,28721
58225,29417
58226,29416
58227,29418
58228,28064
58229,27695
58230,27073
58231,29297
58232,29409
58233,29409
58234,29259
58235,29409
58236,29409
58237,29410
58238,29410
58239,29422
58240,14694
58241,29029
58242,29333
58243,29414
58244,29419
58245,29429
58246,29380
58247,25433
58248,29424
58249,21497
58250,29421
58251,29297
58252,29413
58253,28833
58254,28396
58255,28396
58256,29423
58257,29394
58258,29394
58259,29425
58260,29200
58261,29345
58262,29345
58263,29395
58264,29084
58265,29394
58267,29395
58269,27357
58270,29377
58271,29412
58272,14694
58273,28639
58274,29297
58275,29029
58276,27129
58277,28833
58278,29427
58279,29340
58280,29340
58281,29340
58282,28268
58283,28952
58284,29425
58285,29428
58286,29328
58287,29433
58288,29367
58289,29434
58290,29302
58291,29298
58292,28200
58293,29224
58294,29224
58296,26938
58297,29295
58298,27357
58299,28268
58300,28270
58301,29375
58302,28271
58303,28272
58304,29433
58305,17401
58306,
58307,
58308,
58309,
58310,
58311,
58312,29106
58313,27059
58314,29084
58317,29257
58318,29256
58319,29108
58320,28911
58321,26611
58322,29298
58323,29446
58325,29259
58326,29447
58327,29447
58328,29447
58329,29342
58330,29389
58331,29448
58332,29449
58333,28757
58334,
58335,29424
58336,29158
58337,29450
58338,29395
58339,29451
58340,28268
58341,27493
58342,24738
58343,26213
58344,29395
58345,29423
58346,29394
58347,28272
58348,29433
58349,28639
58350,29433
58351,29452
58352,28639
58353,27575
58354,27575
58355,29445
58356,29436
58357,26611
58358,29440
58359,29333
58360,29444
58361,29298
58362,29405
58363,29453
58364,29189
58365,29453
58366,29453
58367,29110
58368,25433
58369,29455
58370,29455
58371,29387
58372,29394
58373,29295
58374,28200
58375,29029
58376,28401
58377,28416
58378,28416
58379,28416
58380,28072
58382,28268
58383,28639
58384,29031
58385,29031
58386,28269
58387,28269
58388,28269
58389,28270
58390,25902
58391,29475
58392,29300
58393,29452
58394,29345
58395,29158
58396,29456
58397,29189
58398,27876
58399,29458
58400,29459
58401,29463
58402,29462
58403,29461
58404,29482
58405,29483
58406,29484
58407,29485
58408,26666
58409,29460
58410,29468
58411,29387
58412,29487
58413,29469
58414,29465
58415,29224
58416,29224
58417,29472
58418,29478
58419,29302
58420,29490
58421,29189
58422,29300
58423,28961
58424,29295
58425,27073
58426,29375
58427,29332
58428,27672
58429,29185
58430,29481
58431,28268
58432,28268
58433,28269
58434,29491
58435,29491
58436,29444
58437,29444
58438,29158
58439,29367
58440,27073
58441,29344
58442,28270
58443,26213
58444,29494
58447,29495
58448,29495
58449,27575
58451,17401
58452,29497
58453,26611
58454,16743
58455,16743
58456,29499
58457,29432
58458,14694
58459,29500
58460,28758
58461,29501
58462,29502
58463,29345
58464,29503
58465,29395
58466,29496
58467,28995
58468,26611
58469,29340
58470,29506
58472,29475
58473,27848
58474,26611
58475,27073
58476,29452
58477,29340
58478,29340
58479,29340
58480,26666
58481,25433
58482,26213
58483,26213
58484,29492
58485,28958
58486,29505
58487,29459
58488,14714
58489,29508
58490,29504
58491,27073
58492,28272
58493,27073
58494,29158
58495,27876
58496,14694
58497,29495
58498,29184
58499,29452
58500,28639
58501,29441
58502,29512
58503,29489
58504,29225
58505,29485
58506,29484
58507,29483
58508,29482
58509,29428
58510,29425
58511,29514
58512,29513
58513,29395
58514,29298
58515,29395
58516,29382
58517,29382
58518,29382
58519,29382
58520,28510
58521,29516
58522,29430
58523,28270
58524,29424
58525,28721
58526,29384
58527,29518
58528,29521
58529,29522
58530,27493
58531,29224
58532,28268
58533,28269
58534,29295
58535,28270
58536,28639
58537,28639
58538,29506
58539,28269
58540,29492
58542,26611
58545,29475
58546,29518
58547,29513
58548,29535
58549,29537
58551,29541
58552,26839
58553,29430
58554,29424
58555,29298
58556,29497
58557,29522
58558,29545
58559,29523
58560,29470
58561,29538
58562,29481
58563,29552
58564,29547
58565,29491
58566,29496
58567,29553
58568,29189
58570,29554
58571,29389
58572,29543
58573,29158
58575,29543
58576,29043
58577,29551
58578,29031
58579,29521
58580,26611
58581,26611
58582,28463
58584,28269
58585,29452
58586,29437
58587,29437
58588,29558
58589,29559
58590,29559
58591,29340
58592,29395
58594,17401
58595,17401
58596,26611
58597,26611
58598,29557
58600,29517
58601,29517
58602,29563
58603,29545
58604,29545
58605,28222
58606,29222
58607,29222
58608,29566
58610,29566
58611,27073
58613,29221
58614,29221
58615,29475
58616,29453
58617,29464
58618,28401
58619,29568
58620,29257
58621,29569
58622,29441
58623,29497
58624,26611
58625,29500
58626,29560
58627,28710
58628,29571
58629,29505
58630,29184
58631,29541
58632,29333
58633,28222
58634,29556
58635,29572
58636,29509
58637,29566
58638,29538
58639,29298
58640,29298
58641,29520
58642,29430
58643,29565
58644,29543
58645,29540
58646,29158
58647,29444
58648,29394
58649,25432
58650,29295
58651,4574
58652,29574
58653,29574
58654,28789
58655,29158
58656,29266
58657,29538
58658,27848
58659,29576
58660,29266
58661,28222
58662,29540
58663,25432
58664,29522
58666,29577
58667,29295
58668,26611
58669,29581
58670,29581
58671,29566
58672,28556
58673,29513
58674,29543
58675,29389
58676,29566
58677,28806
58678,29394
58679,29389
58680,29575
58681,29584
58682,27575
58683,27575
58684,29587
58685,26611
58686,29256
58687,29453
58688,25432
58689,25432
58690,29137
58691,29629
58692,29629
58693,29382
58694,29630
58695,26611
58696,27226
58697,26989
58698,29535
58699,27848
58700,29631
58701,10972
58702,29632
58703,25432
58704,25432
58705,29633
58707,29565
58708,29541
58709,28639
58710,29266
58711,28222
58713,29266
58714,29585
58715,29158
58716,29540
58717,29637
58718,17401
58719,29464
58720,29582
58721,29540
58722,29158
58723,27128
58724,29583
58725,29553
58726,29573
58727,29439
58728,29438
58731,29586
58732,29564
58734,29535
58735,9279
58736,9279
58737,29545
58738,29043
58739,29638
58740,26611
58741,29639
58742,29641
58743,29640
58744,29643
58745,29634
58746,29587
58747,26611
58748,26989
58749,29646
58750,29646
58751,28556
58752,29297
58753,28402
58754,29646
58755,29222
58756,29635
58757,29650
58758,29652
58759,29297
58760,28747
58761,28649
58762,28463
58763,29441
58764,29259
58765,29647
58766,29649
58767,29648
58768,29648
58769,29297
58770,29644
58771,28646
58772,29332
58773,29332
58774,28222
58775,25902
58776,25433
58777,29587
58778,27575
58779,29574
58780,29137
58781,28639
58782,17401
58783,29586
58784,29670
58785,29670
58786,29670
58787,28685
58788,29576
58789,29655
58790,29660
58791,26351
58792,26351
58793,29634
58794,29672
58795,29672
58796,26989
58797,26611
58798,26611
58799,29553
58800,29659
58801,29158
58802,29158
58803,29641
58804,29663
58805,29669
58806,29651
58807,29658
58808,29662
58809,29540
58810,29453
58811,29540
58812,29661
58813,29657
58814,29541
58815,29541
58816,29655
58818,29655
58819,28402
58820,29475
58821,25432
58822,25432
58823,27575
58824,27575
58825,26611
58826,26611
58827,26611
58828,26611
58830,26611
58831,26611
58833,26611
58834,26611
58835,29645
58836,29382
58837,29446
58838,29683
58839,25902
58840,29684
58841,9279
58842,29685
58843,29655
58844,29158
58845,25433
58846,29676
58847,28710
58848,29439
58849,29687
58850,29715
58851,29688
58854,29496
58855,28758
58856,29382
58857,29689
58858,29574
58859,29332
58860,29576
58861,29440
58862,29664
58863,29691
58864,29645
58865,29447
58866,29638
58867,28649
58868,28510
58869,29345
58870,29693
58873,29640
58874,29695
58875,29340
58876,29340
58877,29686
58878,29677
58879,29675
58880,29673
58881,29635
58882,29384
58883,29438
58884,29043
58885,29540
58886,29158
58887,29259
58888,27337
58889,29702
58890,27226
58891,29493
58892,29493
58893,26666
58894,29701
58895,29700
58896,17401
58897,29389
58898,29672
58899,29708
58900,29684
58901,29678
58902,29710
58903,29710
58904,29711
58905,29711
58906,29446
58907,29184
58908,29712
58909,29856
58911,29716
58912,29655
58913,29513
58914,29513
58915,29694
58916,29714
58919,29158
58920,29332
58921,29332
58922,29540
58923,29697
58924,29707
58925,29704
58926,29703
58927,29574
58928,29517
58929,29137
58930,29137
58931,29137
58932,29394
58933,29395
58934,29395
58935,29394
58936,29671
58937,29671
58938,28463
58939,29730
58940,25432
58941,25432
58942,25433
58943,29736
58944,29438
58945,29714
58946,29540
58947,29540
58948,29723
58949,29723
58950,29727
58951,29158
58952,29158
58954,29747
58955,29747
58956,29747
58958,28829
58959,28829
58960,28829
58961,29158
58962,29440
58963,28639
58964,29545
58965,29636
58966,29642
58967,29584
58968,29724
58969,29698
58970,28639
58971,29750
58972,29751
58973,27899
58974,29486
58975,29755
58976,29439
58977,29545
58978,27672
58979,27672
58981,29486
58982,29545
58983,29700
58984,9279
58985,29747
58986,29405
58987,29486
58988,29394
58990,29753
58992,29453
58993,29395
58994,29684
58995,29684
58996,29693
58997,29765
58999,29856
59000,29776
59001,29761
59003,29517
59004,29777
59005,29779
59006,29780
59007,29781
59008,29776
59010,29780
59011,29781
59012,29771
59013,29715
59016,29787
59017,29787
59018,29786
59019,27575
59021,29788
59022,29778
59023,29789
59024,
59025,
59026,
59027,
59028,
59029,29542
59030,
59031,
59032,
59033,
59034,
59035,
59036,
59037,29794
59038,29794
59039,29794
59040,29794
59041,29795
59042,29795
59043,29795
59044,
59045,
59046,
59047,
59048,
59049,29800
59050,29801
59051,29801
59052,29158
59053,27672
59054,27672
59055,29750
59056,29805
59057,29158
59058,29366
59059,29805
59060,29444
59061,29437
59062,29810
59063,29710
59064,29326
59065,28905
59066,28906
59067,28907
59068,28904
59069,28200
59070,29812
59071,29188
59072,29780
59073,29814
59074,29340
59075,29785
59076,29811
59077,29792
59078,29791
59079,29790
59080,29430
59081,29819
59082,29574
59083,29158
59084,29439
59086,29158
59087,29763
59088,29806
59089,29652
59091,25432
59092,29816
59093,29664
59094,29671
59095,29671
59096,29728
59097,25433
59098,29723
59099,29723
59100,28639
59101,28639
59102,29537
59103,29426
59104,29797
59105,29815
59106,29703
59107,29704
59108,29302
59109,29802
59110,29803
59111,29817
59112,29750
59113,29158
59115,29394
59116,29822
59117,29824
59118,29790
59119,29791
59120,29816
59121,29816
59122,29826
59123,29827
59124,29818
59125,29673
59126,29635
59127,29769
59129,27672
59130,29453
59131,29831
59132,29831
59134,29844
59135,29844
59136,29844
59137,29805
59138,28729
59139,29777
59140,29302
59141,29302
59142,27725
59143,29440
59144,17401
59145,25433
59146,29825
59147,25432
59148,29723
59149,29185
59150,29185
59152,26520
59153,29833
59154,29835
59155,29821
59156,
59157,29170
59158,29836
59159,29836
59160,29838
59161,29842
59162,16203
59163,29405
59164,29438
59165,29340
59166,29684
59167,29345
59168,29426
59170,26611
59171,29716
59172,29716
59173,29762
59174,29844
59175,29847
59176,26611
59177,29850
59178,26611
59179,26611
59180,26611
59181,26611
59182,26611
59183,26611
59184,26611
59185,26611
59186,29475
59187,29839
59188,29852
59189,29694
59190,29853
59191,29826
59192,28401
59193,29464
59194,28402
59195,28396
59196,29826
59197,29776
59198,29801
59199,29761
59200,29771
59201,29817
59202,29849
59203,29846
59204,29851
59205,17401
59206,25848
59207,29340
59208,29844
59209,29158
59210,29438
59211,29844
59212,29855
59213,29787
59214,29857
59215,29856
59216,29728
59217,29750
59218,29343
59219,29847
59220,29405
59221,29475
59222,29475
59223,28396
59224,28396
59225,29780
59227,25432
59228,29464
59229,29464
59230,29444
59231,29827
59232,29827
59233,28402
59234,28402
59235,28401
59236,28401
59237,29787
59238,29684
59239,29765
59240,29779
59241,26611
59242,26611
59243,26611
59244,26611
59245,26611
59246,29629
59247,29866
59248,29681
59250,26611
59251,26611
59252,26611
59253,26611
59254,29584
59255,29853
59256,29867
59257,29856
59258,29868
59260,29688
59261,29688
59262,29688
59263,29688
59264,29688
59265,29382
59267,26611
59268,26611
59269,26611
59270,26611
59271,26611
59272,25422
59273,29170
59274,29862
59276,29865
59277,29747
59278,29747
59279,29747
59280,29747
59281,29682
59282,29634
59283,29753
59284,26666
59285,27073
59286,29802
59287,29871
59288,27848
59289,29788
59290,29672
59291,29413
59292,29809
59293,25433
59294,29830
59295,29830
59296,28405
59297,28830
59298,28322
59301,28322
59302,28322
59303,28322
59304,28322
59305,28322
59306,28393
59307,28393
59309,29803
59310,29453
59311,29860
59315,29439
59316,29293
59317,29776
59318,29787
59319,29869
59320,29858
59323,29821
59324,29877
59325,29801
59326,29787
59328,29733
59329,29733
59330,29733
59331,29733
59332,29733
59333,29733
59334,29733
59335,29733
59336,29733
59337,29733
59338,29733
59339,29733
59340,29734
59341,29870
59342,29735
59343,29737
59344,29709
59345,29737
59348,29737
59349,29738
59350,29706
59351,29739
59352,29740
59353,29741
59354,29741
59355,29742
59356,29742
59357,29743
59358,29705
59359,29745
59363,24401
59364,29876
59365,29854
59366,29765
59367,29826
59368,29875
59369,27239
59370,29826
59371,26611
59372,29884
59373,29884
59374,29644
59376,27575
59377,29730
59378,29186
59379,29186
59380,29827
59381,29859
59382,29453
59383,29453
59384,29881
59385,29879
59386,25432
59387,29444
59388,29860
59389,29394
59390,29854
59391,29854
59393,29813
59394,29170
59395,29763
59396,29629
59397,29836
59398,29868
59399,29776
59400,29776
59401,29886
59403,29889
59405,29890
59406,26611
59407,29765
59408,29747
59409,
59410,
59411,
59412,
59413,
59414,
59415,
59416,29635
59417,29885
59418,29810
59419,29891
59420,29891
59421,29867
59422,29856
59423,29765
59424,29856
59429,29767
59430,29767
59431,29767
59432,29045
59434,27575
59435,29892
59436,
59437,
59438,
59439,29672
59440,
59441,
59442,
59443,
59444,
59445,
59446,29843
59447,
59448,
59449,
59450,29863
59451,29780
59452,25537
59453,25537
59454,25537
59455,29642
59456,29813
59457,29762
59458,29823
59459,29305
59460,29305
59461,29804
59462,29893
59463,29684
59464,29684
59465,29902
59466,29684
59467,29903
59468,29904
59469,29394
59470,29394
59471,29855
59472,29854
59473,29827
59474,29827
59475,29672
59476,29863
59477,29869
59478,29907
59479,29941
59480,29883
59481,29944
59482,29836
59483,29382
59484,29857
59485,29945
59486,25433
59487,29816
59488,29475
59489,29946
59490,25432
59491,29827
59492,27073
59493,26611
59494,29950
59495,29884
59496,29426
59497,29486
59498,29818
59499,29753
59500,29908
59501,29908
59503,
59504,
59505,
59506,29716
59507,29949
59508,29885
59509,29885
59510,29430
59511,28556
59512,29952
59513,29486
59514,29953
59516,29498
59518,29957
59519,26520
59520,29694
59521,29694
59522,29185
59523,25433
59524,29856
59525,29958
59526,29960
59527,29888
59528,29886
59529,29974
59530,29975
59532,27073
59533,29765
59534,29475
59535,29672
59536,29794
59537,29830
59538,29513
59539,29780
59540,24738
59541,24738
59542,24738
59543,29749
59544,29749
59545,29749
59546,28556
59547,29394
59548,29885
59549,29876
59550,29816
59551,29844
59552,25432
59553,29946
59554,29186
59556,29186
59557,29827
59558,29818
59559,29818
59560,29966
59561,29977
59563,29990
59564,29186
59565,29992
59567,29765
59568,30000
59569,30001
59570,29997
59571,29453
59572,29394
59573,30002
59574,30002
59575,29999
59576,29966
59577,30002
59578,29763
59579,29439
59580,29439
59581,29644
59582,29394
59583,29830
59585,29849
59586,29849
59587,29957
59588,28396
59589,29844
59590,29884
59591,29747
59592,29813
59594,30006
59595,29886
59596,29889
59597,30010
59598,30011
59599,30012
59600,30013
59601,29863
59602,29856
59603,29977
59604,28556
59605,25433
59607,26666
59608,29475
59609,29475
59610,30009
59611,30005
59612,30005
59613,30004
59614,30004
59615,29948
59616,29954
59617,30025
59618,29186
59619,29186
59620,29790
59621,28392
59622,29891
59623,30031
59624,29763
59625,29813
59626,30003
59627,27073
59628,30020
59629,30032
59630,30019
59631,30002
59632,30007
59633,30007
59634,26666
59635,30013
59636,29957
59637,29394
59638,29635
59639,29747
59640,29045
59641,29813
59642,21681
59643,30024
59644,25433
59645,29642
59646,26431
59647,28499
59648,28499
59649,29885
59650,29966
59651,28557
59652,30026
59653,30027
59654,26213
59655,29694
59656,30037
59657,29644
59659,29794
59660,29990
59661,29901
59662,29901
59663,29897
59664,29898
59665,29900
59667,29899
59668,29780
59669,30012
59670,30026
59671,29753
59672,30010
59673,30026
59674,26611
59675,26611
59676,26611
59677,26611
59678,26611
59679,26611
59680,26611
59681,26611
59682,26611
59683,26611
59684,29366
59685,29366
59686,29366
59687,29366
59688,29366
59689,28557
59690,30003
59691,25432
59692,30018
59693,
59694,
59695,
59696,
59697,28757
59698,28757
59699,30128
59700,28757
59701,28757
59702,30014
59703,30040
59704,30016
59705,29790
59706,29790
59707,30011
59708,29790
59709,29827
59710,29827
59711,30051
59712,30041
59713,21166
59714,30022
59716,30052
59718,26520
59721,30056
59722,30037
59724,28416
59725,30002
59726,29976
59727,29396
59728,29999
59729,29999
59730,21681
59731,29813
59733,28322
59734,29959
59735,29959
59736,29293
59737,29994
59738,28557
59740,30043
59741,30044
59742,30048
59743,29947
59744,28729
59745,29884
59746,29952
59747,29867
59748,30059
59749,30060
59750,29966
59751,
59752,30064
59753,29045
59754,25433
59756,30072
59757,30073
59758,29886
59759,29966
59760,29908
59761,29885
59762,28556
59764,30078
59765,29856
59766,29856
59769,30086
59772,30079
59774,30091
59775,29394
59776,29694
59777,30013
59778,30086
59779,30080
59781,26666
59782,29884
59783,30095
59784,30080
59785,30012
59786,30093
59789,30032
59790,29396
59791,29816
59792,28824
59793,29186
59794,29186
59795,30072
59796,29908
59797,26611
59798,29365
59799,26611
59800,26611
59801,26611
59802,26611
59803,29365
59805,29365
59806,29365
59807,30046
59808,30045
59809,30042
59810,29830
59811,30009
59812,29790
59813,30107
59814,30107
59815,30107
59816,30073
59817,29946
59818,30006
59819,29885
59820,29293
59821,30092
59822,30106
59823,30071
59824,30070
59825,30007
59826,30058
59827,27073
59828,29642
59829,30007
59830,29635
59831,26431
59832,30099
59833,30002
59834,29681
59835,26972
59836,29990
59837,30072
59838,30072
59839,328
59840,29949
59841,29949
59842,29366
59843,29366
59844,29366
59845,29366
59846,29366
59847,29366
59848,29366
59849,29366
59850,29366
59851,29366
59853,29366
59854,29366
59855,29366
59856,29366
59857,29365
59858,29365
59859,29365
59860,29365
59861,29365
59862,29365
59863,29365
59864,29365
59865,29365
59866,29365
59867,29365
59868,29365
59869,29365
59870,29365
59871,29365
59872,30118
59873,29521
59874,25432
59875,30121
59876,29394
59877,29398
59878,29398
59879,29715
59880,29521
59881,29521
59882,29398
59883,29394
59884,29186
59885,29900
59886,29900
59887,29884
59888,29900
59889,29885
59890,29521
59891,29394
59892,29994
59893,25432
59894,29521
59895,28426
59896,30122
59897,30022
59898,21166
59899,29780
59900,30013
59901,29224
59903,30086
59904,30214
59905,29719
59907,30288
59908,30410
59909,30288
59910,30086
59911,29719
59913,29224
59914,29719
59917,30080
59918,30080
59919,30079
59920,30187
59921,29790
59922,30117
59923,29856
59924,29858
59925,29867
59926,29688
59927,30019
59928,29816
59929,30132
59930,29844
59931,28557
59932,30133
59933,28558
59934,28558
59935,28322
59936,28322
59937,28322
59938,28322
59939,28393
59940,28322
59941,28322
59942,28322
59943,28322
59944,28322
59945,28322
59946,28322
59947,28322
59950,29985
59952,29987
59953,29949
59954,29856
59955,29396
59957,29228
59958,29228
59959,29760
59961,29230
59962,29884
59964,30135
59965,21963
59966,30123
59967,29790
59968,30139
59969,30140
59970,29986
59971,29986
59972,30120
59973,30120
59974,29985
59975,30183
59976,30007
59977,29989
59978,30024
59980,28499
59981,29957
59982,30124
59983,30002
59984,30131
59985,30136
59986,30136
59987,30012
59989,30053
59990,30063
59991,29955
59992,29977
59993,30146
59994,29998
59996,30028
59997,29895
59998,29896
60000,30183
60001,30186
60002,30176
60003,30119
60004,29328
60005,29328
60006,30145
60007,29328
60009,30178
60010,30234
60012,30153
60013,30127
60014,29816
60015,30147
60016,29884
60017,29760
60018,28499
60019,30105
60023,30098
60024,30098
60028,29884
60029,29521
60030,29876
60031,29957
60032,29957
60033,29396
60034,29816
60035,29780
60037,30121
60038,30162
60039,30163
60040,30010
60041,29886
60042,29962
60043,29962
60044,29949
60045,16203
60048,
60049,27073
60050,30177
60057,29402
60058,29402
60059,30171
60060,30179
60061,29884
60062,29521
60063,29947
60064,29401
60065,29401
60066,30042
60067,29813
60068,30158
60069,30180
60070,30119
60071,29813
60073,29387
60075,29959
60077,30120
60078,29797
60079,29959
60081,29398
60082,30053
60083,30175
60084,29400
60085,30045
60086,30045
60087,29962
60088,29962
60089,29962
60090,29962
60091,29402
60094,29995
60095,30044
60098,29401
60099,29401
60100,30011
60101,29045
60102,21166
60103,30008
60104,29521
60105,29957
60106,30086
60107,30288
60111,30107
60112,29394
60113,30196
60114,30187
60115,30185
60116,30182
60117,29900
60118,30093
60119,30024
60120,29522
60121,29455
60122,29455
60123,30086
60124,30199
60125,29957
60126,26431
60129,30203
60130,30124
60131,30210
60132,25432
60133,25432
60138,29221
60139,29221
60140,29221
60141,29224
60143,30094
60144,30094
60145,30137
60150,30580
60151,29642
60152,29642
60153,30011
60155,29957
60156,30206
60157,30196
60158,30196
60159,30175
60160,30148
60161,30173
60162,30096
60163,328
60165,30204
60167,30079
60168,29884
60170,29394
60171,29398
60172,29401
60175,29816
60176,29816
60177,29816
60178,28558
60179,30192
60180,30194
60181,30195
60182,30032
60183,29395
60184,29221
60188,29522
60190,29438
60191,30013
60192,30214
60193,26839
60194,26260
60195,29901
60197,
60199,
60200,30229
60201,30230
60205,
60206,29513
60207,29513
60210,30122
60211,25432
60212,30064
60213,29749
60214,30204
60215,29522
60216,29394
60217,29400
60218,30230
60219,30230
60220,29517
60221,29821
60222,29695
60223,29958
60224,29395
60225,29838
60226,30231
60227,29387
60228,27337
60229,30093
60230,30215
60231,28558
60233,30205
60234,29045
60235,30032
60236,30032
60237,30216
60238,30224
60239,29693
60240,28499
60241,30175
60242,30180
60243,30203
60244,30053
60245,30222
60246,30045
60247,30217
60248,30232
60249,30228
60250,30132
60251,30118
60252,29396
60253,30226
60254,30227
60255,29438
60256,29395
60257,29395
60259,29400
60261,29400
60262,30232
60263,29439
60264,29439
60265,30218
60266,30218
60267,25432
60268,30236
60269,29400
60270,30238
60271,25433
60272,29396
60273,29901
60274,29898
60275,29897
60276,27337
60277,30221
60284,
60285,
60287,27344
60289,27344
60290,27344
60291,27344
60292,27344
60293,27344
60294,27344
60295,27344
60296,27344
60297,27344
60298,30079
60300,28323
60301,29645
60302,30041
60303,29882
60304,29856
60305,30239
60306,30240
60307,29958
60308,29958
60309,29958
60310,29715
60311,30241
60312,30242
60313,30243
60314,21963
60315,30244
60316,30245
60317,30152
60318,29884
60319,30256
60320,29886
60321,30093
60322,30258
60324,30095
60327,30251
60328,30251
60329,30247
60330,30247
60331,30238
60332,29455
60334,29396
60336,29396
60337,30259
60338,25432
60339,28499
60340,30044
60341,30233
60343,29995
60344,30233
60345,30216
60346,30175
60347,21963
60348,21963
60349,30252
60351,30153
60352,30028
60355,30238
60356,30260
60364,30267
60366,29221
60367,30097
60369,29221
60370,29221
60371,29221
60372,29221
60373,29224
60374,29224
60375,29224
60376,29224
60377,31011
60378,30098
60379,30098
60381,30098
60382,30098
60383,30098
60384,29482
60387,30826
60390,30269
60391,30269
60392,30269
60393,30269
60394,30269
60395,30269
60397,30269
60398,30825
60399,30269
60400,30267
60401,30077
60402,30097
60404,30097
60406,30268
60407,30251
60409,30079
60410,29230
60411,29884
60412,30255
60413,29884
60414,30093
60415,
60416,30271
60417,30283
60418,30284
60419,30079
60420,30285
60421,30262
60422,30015
60423,30243
60424,30241
60425,30287
60426,29780
60427,30266
60428,30290
60430,27344
60432,30246
60433,30246
60434,30280
60435,30185
60436,28558
60438,30292
60439,30292
60440,29395
60441,30264
60442,30055
60443,30054
60446,30297
60447,30297
60448,29396
60450,30299
60452,30302
60454,30272
60455,30270
60456,25433
60457,30086
60458,30265
60459,29229
60460,29759
60461,30228
60462,30254
60463,30254
60464,25432
60465,26611
60466,26611
60467,26611
60468,26611
60469,26611
60470,26611
60471,26611
60472,26611
60473,26611
60475,29395
60476,30322
60477,27344
60479,30045
60480,30324
60482,29399
60483,29399
60484,30273
60485,30053
60486,30319
60487,30319
60488,29947
60489,30291
60490,30282
60491,30246
60492,29899
60493,30120
60494,25433
60495,30251
60496,30329
60498,30328
60499,30258
60500,30659
60502,
60503,30271
60504,30290
60505,30012
60506,29229
60507,30045
60508,30401
60509,30246
60511,24401
60512,20166
60513,30391
60515,30392
60516,30389
60517,30390
60518,29884
60519,29884
60520,28322
60525,28322
60526,28322
60530,30302
60531,28322
60532,25432
60533,30326
60534,30770
60536,25433
60537,25433
60538,30264
60539,30185
60540,29398
60541,29398
60542,30324
60543,30324
60544,30411
60546,30412
60547,29399
60548,29399
60550,29399
60551,30412
60552,28759
60553,28759
60555,30605
60556,30095
60557,30080
60561,28499
60562,30203
60563,29399
60564,30222
60565,30385
60566,30386
60567,29999
60569,29884
60570,30238
60571,30413
60572,30213
60573,29728
60574,27344
60575,30003
60576,30420
60577,30118
60578,29394
60579,
60580,30271
60581,30422
60582,30290
60583,30428
60584,29394
60585,29998
60586,30414
60587,30203
60588,28558
60589,29394
60590,29399
60591,30426
60592,30126
60593,30045
60594,30396
60595,30395
60596,30400
60597,30399
60598,30398
60599,30397
60600,30325
60601,30420
60602,30307
60603,26213
60604,26213
60605,27344
60606,25432
60607,25432
60608,30428
60609,30080
60610,29387
60611,29759
60612,29230
60613,30405
60614,30407
60615,30406
60616,30421
60617,30404
60618,30428
60620,30467
60621,29719
60623,30593
60624,30436
60625,30159
60626,30271
60627,30287
60628,30438
60629,30266
60630,30442
60631,30440
60632,30439
60633,26611
60635,26611
60636,26611
60637,26611
60638,26611
60639,26611
60640,26611
60643,30241
60644,30441
60645,29958
60646,30013
60647,28558
60648,30414
60649,29998
60650,30400
60651,30251
60652,30396
60653,29394
60654,29396
60656,29401
60657,30086
60658,29398
60659,29398
60660,30449
60661,30452
60662,21497
60663,29396
60664,28556
60665,28557
60666,25432
60667,30297
60668,29229
60669,30254
60670,21166
60671,30153
60673,30222
60674,29733
60675,30456
60676,30455
60677,30324
60678,30324
60679,30425
60680,29399
60682,29399
60683,29400
60684,29396
60685,29396
60686,29816
60688,29402
60691,30419
60692,30453
60693,30124
60694,30454
60695,28655
60696,29947
60697,30045
60698,30457
60699,30203
60700,27344
60701,30323
60702,30435
60703,30435
60704,30388
60705,30388
60706,29884
60707,29987
60708,30502
60709,30833
60711,30227
60713,30465
60714,30466
60715,30466
60716,29719
60718,30013
60719,30752
60720,30752
60721,30752
60723,
60724,
60725,30604
60726,30486
60727,29973
60728,29973
60729,29973
60732,30470
60733,30471
60734,30226
60735,30428
60736,29401
60737,29395
60738,30387
60740,30474
60741,25432
60742,28393
60743,30473
60744,28499
60745,29401
60746,29394
60747,29395
60749,30465
60750,30482
60751,30483
60752,30140
60753,30439
60754,30041
60755,30018
60756,29973
60760,28322
60761,28322
60762,30323
60764,28323
60765,28323
60766,28323
60767,28323
60769,30477
60770,29394
60771,30476
60772,30479
60773,30478
60774,30414
60775,28558
60776,30399
60777,30396
60778,30395
60779,29513
60780,30456
60782,30297
60783,
60784,
60786,28382
60788,30459
60789,28499
60790,30492
60791,30493
60792,30493
60793,30494
60794,30494
60795,30455
60796,30440
60797,30440
60798,30463
60799,30463
60800,29401
60801,29402
60802,29399
60803,29395
60804,30045
60805,10933
60806,30433
60807,30501
60808,30182
60809,
60812,30503
60814,29394
60815,30508
60816,30251
60817,30497
60819,30455
60821,30509
60822,30292
60823,30510
60825,29715
60826,30327
60827,30282
60828,30457
60829,30251
60830,30297
60831,30475
60832,30475
60833,30432
60834,30437
60835,26488
60836,30449
60837,29387
60839,30388
60840,28556
60841,28556
60842,28557
60843,28557
60844,30456
60845,30086
60846,30506
60847,27073
60848,30251
60849,30097
60850,30514
60851,30141
60852,30154
60853,30144
60854,28655
60855,30465
60857,30454
60858,30516
60859,30517
60860,30466
60861,30518
60862,29882
60863,30262
60864,30461
60865,30432
60867,25432
60868,25432
60869,27073
60870,30395
60871,30396
60872,30482
60873,30465
60874,30082
60875,30084
60876,30085
60877,30417
60878,30449
60879,28390
60880,28390
60881,28390
60882,30563
60883,30565
60884,29399
60885,28403
60886,28410
60887,28407
60888,28829
60889,
60890,
60891,30564
60892,30564
60893,30564
60894,29399
60895,29396
60896,29400
60897,29402
60898,30567
60899,29395
60900,30251
60901,28409
60902,28405
60903,28830
60904,30571
60905,30508
60906,28647
60907,28647
60908,30054
60909,30535
60910,30519
60911,30292
60913,29394
60914,29394
60915,30568
60916,30267
60917,28647
60918,30433
60919,30482
60920,30263
60921,29820
60922,30458
60923,27528
60924,27528
60925,30172
60926,21963
60927,29947
60928,30326
60929,30325
60931,30328
60932,30327
60933,30579
60934,30580
60935,30581
60936,30581
60937,29720
60938,30080
60939,23671
60940,29798
60941,30167
60942,30080
60943,30013
60944,30584
60945,30262
60946,10933
60947,30578
60948,30513
60949,30593
60950,30584
60951,29593
60953,30572
60954,30082
60955,30084
60956,30085
60957,30571
60959,28382
60960,28405
60961,28409
60962,28410
60963,27528
60964,27528
60965,27528
60966,30422
60967,30086
60968,30456
60969,29396
60970,29399
60971,30601
60972,30603
60973,30602
60974,30251
60975,30078
60976,29760
60977,354
60978,354
60979,29228
60980,30098
60981,29091
60982,30604
60983,30604
60984,30604
60986,30607
60987,30608
60988,30609
60989,30617
60991,29816
60992,29401
60993,30600
60994,30623
60995,30251
60996,30624
60997,30624
60998,30606
60999,30466
61000,30623
61001,30467
61002,29400
61003,30568
61004,30465
61005,30458
61006,30455
61007,30606
61008,29402
61009,30086
61010,30579
61011,29798
61013,29720
61015,30581
61016,30169
61017,30168
61018,30640
61021,28410
61022,28409
61023,28405
61024,28382
61025,28556
61026,30645
61027,23671
61028,30644
61029,26611
61030,30631
61031,30647
61032,30600
61033,29763
61034,30418
61035,29292
61036,29292
61037,29294
61038,30649
61039,30650
61040,30418
61041,30639
61042,30636
61043,30634
61044,30638
61045,30449
61046,30449
61047,30648
61048,30599
61049,30599
61050,30455
61051,30238
61052,30172
61053,30632
61054,30631
61055,30267
61056,29954
61057,28405
61058,28397
61059,28399
61060,30141
61061,30455
61062,30217
61063,30217
61064,30219
61065,30656
61066,30080
61067,30482
61068,30632
61069,30653
61070,30653
61071,30623
61072,10933
61073,30414
61074,28558
61075,29816
61076,29400
61077,29400
61078,29400
61079,30098
61080,30789
61081,30664
61082,30086
61083,26611
61084,26611
61085,21963
61086,26611
61087,26611
61088,30652
61089,30566
61090,30579
61091,30080
61092,30086
61093,30013
61094,29899
61095,30821
61096,29731
61097,28323
61098,28323
61099,28323
61100,30262
61101,30263
61102,29882
61103,30626
61104,30635
61105,26611
61106,30465
61110,21963
61111,30666
61112,28664
61113,29895
61114,30669
61115,28511
61116,28511
61117,28831
61118,30670
61119,28832
61121,30678
61122,30681
61123,29737
61125,28511
61126,30656
61127,30682
61128,30682
61129,30535
61130,26611
61131,26611
61132,26611
61134,30721
61135,29731
61136,30703
61137,29731
61138,30709
61140,30941
61141,30686
61142,29731
61143,29731
61144,29731
61147,29731
61148,29731
61149,30745
61150,29731
61152,29731
61153,30896
61154,30941
61157,
61158,
61159,
61161,30098
61163,30690
61164,29294
61167,30679
61169,30658
61170,30658
61171,30658
61172,30658
61173,30658
61177,27423
61179,
61180,30586
61181,30586
61182,29645
61183,30635
61184,30579
61185,30453
61186,30086
61187,30013
61188,30751
61189,30750
61190,30626
61191,30622
61192,30652
61193,30262
61194,30755
61196,30754
61197,30760
61198,30763
61199,30761
61200,30762
61201,30651
61202,30466
61203,30013
61204,30765
61205,30764
61206,30767
61207,30767
61208,30143
61210,29244
61212,30766
61213,30767
61214,21681
61215,30442
61216,30454
61218,30297
61219,30749
61220,30749
61221,30756
61222,30756
61223,30757
61224,30757
61225,30769
61226,29998
61227,30570
61228,30570
61229,30771
61230,29137
61231,30502
61232,21963
61233,29137
61234,29137
61235,29137
61236,28556
61237,30494
61238,30167
61239,26260
61240,29399
61241,30649
61242,29402
61243,29394
61244,29395
61245,30748
61246,30748
61247,29396
61248,30120
61249,30504
61250,30502
61251,30496
61252,30437
61254,30623
61255,30663
61256,30458
61257,30414
61258,28558
61259,28557
61260,30665
61261,30665
61262,30665
61263,30258
61264,29401
61265,29401
61266,30262
61267,30262
61268,26611
61269,26611
61273,30535
61275,28397
61276,28397
61277,29399
61278,29816
61279,29816
61280,29816
61281,30080
61282,30776
61283,30579
61284,30628
61285,29394
61286,30773
61287,29395
61288,29396
61289,30779
61290,30622
61291,30692
61292,30013
61293,30756
61294,30756
61295,30756
61296,30749
61297,30749
61298,30749
61299,30086
61300,30449
61301,30631
61302,30680
61303,30772
61304,30661
61305,30661
61306,29402
61307,29402
61308,
61310,29137
61311,30631
61312,30579
61313,30782
61314,30783
61315,30784
61316,30786
61317,28655
61318,30080
61319,28557
61320,28558
61321,30791
61322,30466
61323,30791
61324,28322
61325,30793
61326,30606
61327,30606
61328,26213
61329,30794
61330,30794
61331,30795
61332,29749
61333,30658
61334,30658
61335,30796
61337,30794
61338,30535
61339,30262
61340,29400
61341,30769
61342,30082
61343,29399
61344,30623
61345,30420
61346,30775
61347,30721
61348,30903
61349,30721
61350,30722
61351,30713
61352,30723
61353,29442
61354,29442
61355,30178
61356,30677
61357,30676
61359,30674
61361,30474
61362,29396
61363,29394
61364,27887
61365,29395
61366,30798
61367,30797
61368,30791
61369,30535
61370,30622
61371,30626
61372,21963
61373,30799
61374,30570
61375,30801
61376,29400
61377,29399
61378,30757
61379,30770
61380,28559
61381,28559
61382,28560
61383,30806
61384,30807
61385,25422
61386,25422
61387,25422
61388,28323
61389,30810
61390,30811
61391,30705
61392,30797
61393,30815
61394,30819
61395,30782
61396,30622
61397,30660
61398,29816
61399,26611
61400,30824
61401,28499
61402,28499
61403,30823
61404,28557
61405,28558
61406,29816
61407,29816
61408,30623
61409,30814
61410,30814
61411,29396
61412,29396
61413,30799
61414,30820
61415,30820
61416,29394
61417,30758
61418,30758
61419,30794
61420,30688
61421,30688
61422,30774
61423,30757
61424,30822
61425,16203
61426,29228
61427,29900
61428,30098
61429,29954
61430,30653
61431,29954
61432,29229
61433,30653
61434,30599
61435,29760
61436,29230
61437,30098
61438,29759
61439,30098
61441,30606
61443,29137
61444,30653
61445,30671
61446,30685
61448,30657
61449,30397
61450,30622
61451,30622
61452,30797
61453,30797
61454,30635
61455,30635
61456,30623
61457,29398
61458,29400
61459,29400
61462,29395
61463,30024
61464,30784
61465,30570
61466,30827
61467,30827
61468,30830
61469,30185
61470,30831
61471,30794
61472,28560
61475,30832
61476,30084
61477,30085
61478,30808
61479,30082
61480,30809
61481,29395
61482,30819
61483,21963
61484,30626
61485,30836
61486,30766
61487,29835
61489,30840
61490,30264
61491,30264
61492,30264
61493,30811
61494,30789
61495,30758
61496,30758
61497,30819
61498,30639
61499,30638
61500,30767
61501,30749
61502,30830
61503,30622
61504,29645
61505,30626
61506,31012
61507,30586
61508,30586
61509,30967
61510,30008
61512,30660
61513,30681
61514,30835
61516,30847
61517,30844
61518,30844
61519,30822
61520,30822
61521,30822
61522,30814
61523,30814
61525,30814
61526,30814
61527,30814
61528,30820
61529,30820
61531,30837
61532,30826
61533,28561
61534,28561
61535,28561
61536,30827
61537,30791
61538,30791
61539,30757
61540,30254
61542,30845
61543,30842
61544,30665
61547,30466
61548,29244
61549,29244
61550,30845
61553,30623
61554,30842
61556,30842
61557,30606
61558,30825
61559,30653
61560,28511
61561,28511
61562,30853
61563,30856
61564,
61565,30860
61566,29294
61567,30770
61568,30833
61569,31035
61575,28322
61576,23014
61580,28322
61581,28323
61582,28325
61583,28322
61584,28322
61585,28322
61586,28322
61587,28322
61588,28322
61590,29899
61591,29899
61593,31011
61594,29224
61595,29899
61596,29224
61597,29224
61598,29224
61599,29224
61600,29899
61601,29899
61602,29899
61603,29899
61604,31011
61605,30096
61608,29483
61609,29428
61610,27691
61611,30875
61612,30876
61613,27742
61614,30877
61615,30482
61616,30878
61617,30878
61618,30879
61619,30879
61620,30879
61621,30482
61622,30881
61623,30814
61624,29399
61625,30948
61627,30948
61628,30948
61629,28322
61630,28322
61631,28322
61632,30949
61633,30952
61634,30952
61635,30948
61636,30013
61637,30581
61638,30953
61639,30954
61640,30810
61641,30955
61642,30956
61643,30957
61644,30958
61645,30165
61646,30960
61647,30961
61648,30709
61649,30964
61650,30871
61651,30959
61652,30829
61653,27344
61654,30458
61655,29366
61656,29816
61657,30965
61658,30963
61659,30757
61660,29366
61661,30761
61662,
61663,30824
61664,30749
61665,30665
61667,30665
61669,30665
61670,30665
61672,30606
61673,30088
61674,30087
61675,30081
61676,30962
61677,30791
61678,30854
61679,14723
61680,30944
61681,29244
61683,30468
61684,10972
61685,30873
61686,30756
61687,21681
61688,30883
61689,29970
61690,30951
61691,30809
61693,30946
61694,27092
61695,29968
61696,30945
61697,27091
61698,30635
61699,21681
61700,31205
61702,31206
61703,31207
61704,30827
61705,30971
61706,30851
61707,30653
61708,30758
61709,30661
61712,30852
61713,29954
61714,29482
61715,30827
61716,30749
61718,30837
61719,30756
61720,30837
61721,29396
61722,29396
61724,29401
61725,29400
61726,29366
61727,29402
61728,29398
61730,30951
61732,30951
61733,30951
61735,30845
61736,30845
61737,30758
61738,30570
61739,30791
61740,30972
61741,30974
61742,30975
61743,30950
61744,29816
61745,30976
61747,30756
61748,31136
61749,31040
61750,31137
61752,31140
61753,31140
61754,31140
61755,31140
61756,30586
61757,30586
61758,30586
61759,30586
61760,30586
61761,30586
61762,30856
61763,29224
61764,29224
61765,29224
61766,29224
61767,29224
61768,31011
61769,31011
61770,31011
61771,31011
61772,31011
61773,29899
61774,29899
61775,29899
61776,29899
61777,29899
61778,29223
61779,29223
61780,31255
61781,29223
61782,29223
61783,30713
61784,30468
61785,30953
61787,30751
61788,30635
61789,30586
61790,29732
61791,29732
61792,30842
61793,30814
61794,21963
61795,30968
61796,30820
61797,30820
61800,30660
61801,9279
61803,30979
61804,30979
61806,30186
61807,30083
61808,30986
61809,30219
61810,30826
61811,29954
61812,30854
61813,30987
61814,30297
61815,29292
61816,29294
61817,30988
61818,30989
61820,30989
61823,29720
61825,30954
61826,29720
61827,29720
61828,29229
61830,29200
61833,30990
61835,30991
61836,30847
61837,30981
61838,30981
61840,30280
61841,30955
61842,28323
61844,28323
61845,28323
61846,28390
61847,28323
61849,28323
61850,28323
61851,28323
61852,30992
61853,30963
61854,30756
61855,30756
61856,30482
61857,30475
61858,29375
61859,29375
61860,31006
61861,30196
61862,30635
61863,30433
61864,30426
61865,28323
61866,31010
61867,30980
61868,30980
61869,30862
61870,31009
61871,30827
61872,30827
61873,30749
61874,30749
61875,30873
61876,31004
61877,31003
61878,30606
61879,30773
61880,30982
61881,30634
61882,30849
61883,30285
61884,29517
61885,29224
61886,29224
61887,31011
61888,31011
61889,30863
61890,31011
61891,31175
61892,29224
61893,29224
61894,31011
61895,29224
61896,30959
61897,30829
61898,26611
61899,29365
61900,29365
61901,26611
61902,29365
61903,29365
61906,26611
61907,26611
61908,26611
61909,29365
61910,29365
61911,29365
61912,29365
61913,30186
61914,31013
61915,14723
61916,29224
61917,30875
61918,30876
61919,31017
61920,29396
61921,30814
61922,30814
61923,30814
61924,30833
61925,30749
61926,29398
61927,28561
61928,31018
61929,31019
61930,31020
61931,31021
61932,21252
61933,21275
61934,21272
61935,21274
61936,26213
61941,26213
61943,30468
61944,30297
61945,30999
61946,29396
61947,30636
61948,30623
61949,30623
61950,29366
61951,29366
61952,29366
61953,29366
61954,29366
61955,30756
61956,31014
61957,30650
61958,30686
61959,30635
61960,30859
61961,30579
61962,30634
61963,31022
61964,30956
61965,29442
61966,29442
61983,30968
61984,29560
61985,29645
61986,30968
61987,29399
61988,29401
61989,29399
61990,29401
61991,30820
61992,30397
61993,30398
61994,31023
61995,31033
61996,30879
61997,30397
61998,30606
61999,30749
62000,31023
62001,30808
62002,30809
62003,30081
62004,30087
62005,31024
62008,30984
62009,30951
62010,30951
62012,31034
62013,29401
62014,29396
62015,29396
62019,30963
62020,30458
62021,30660
62022,30653
62023,30756
62024,29236
62025,28561
62026,29961
62027,29742
62028,30981
62029,30981
62030,28390
62031,30664
62032,30604
62033,30980
62034,31039
62035,31039
62036,31039
62038,31041
62039,30980
62040,31010
62041,28664
62042,26611
62046,31038
62047,31036
62048,31014
62049,31028
62050,31044
62051,30949
62052,31032
62053,21681
62054,21681
62055,21681
62056,21681
62057,21681
62058,21681
62060,21681
62061,21681
62062,31042
62063,31051
62064,31025
62066,31043
62067,31043
62068,30829
62069,26213
62070,30873
62071,31045
62072,31045
62073,30584
62075,30478
62076,31049
62077,30479
62078,31046
62079,31052
62081,31054
62082,21681
62083,31050
62084,31048
62086,30638
62087,30639
62088,30820
62089,30758
62090,30845
62091,29400
62092,30636
62093,30724
62094,29731
62095,30581
62096,30579
62097,30810
62098,30957
62099,30958
62100,30988
62101,30829
62102,30660
62103,26611
62104,31061
62105,31062
62106,31063
62107,29844
62108,30856
62109,29816
62110,30398
62111,28561
62112,30081
62113,30406
62114,30085
62115,30405
62116,
62117,
62118,29229
62119,30749
62120,31057
62121,
62122,31056
62123,31055
62124,31047
62126,30681
62127,31065
62128,23435
62129,30468
62130,30814
62131,30987
62132,30763
62133,26611
62134,30967
62135,30965
62136,31020
62137,31067
62138,30837
62139,30756
62140,30837
62141,30814
62142,30756
62143,30820
62144,31068
62145,30820
62146,31009
62147,30820
62148,31064
62149,30845
62150,30814
62151,30635
62152,30657
62153,30579
62155,27687
62156,31069
62157,31070
62158,30847
62159,31071
62160,31077
62161,31076
62163,29401
62164,29401
62165,
62166,27692
62167,30948
62168,31074
62169,31075
62171,30866
62172,30867
62173,30868
62174,31108
62175,31110
62176,31112
62177,31104
62178,29400
62179,29400
62180,29740
62181,29745
62182,29735
62183,29737
62185,30749
62186,30756
62187,29734
62188,29741
62189,29743
62190,29844
62191,29733
62192,29733
62193,29816
62194,31117
62195,30634
62196,30639
62197,30638
62198,30264
62199,30956
62200,30955
62201,30581
62202,30686
62203,30458
62204,23014
62205,30758
62206,28561
62207,21252
62208,31118
62209,30820
62210,30814
62211,30837
62212,30623
62213,31123
62214,30756
62215,31122
62216,30674
62217,30676
62218,30677
62219,31124
62220,29375
62221,29482
62222,31125
62223,29483
62224,29484
62225,30635
62226,30635
62227,30980
62228,30980
62229,30989
62230,30814
62231,30219
62233,30949
62234,30981
62236,31119
62237,31129
62239,30814
62240,31132
62241,31126
62242,30749
62243,16203
62244,30956
62245,31133
62246,31133
62247,29400
62248,29400
62249,29400
62251,29749
62252,30638
62253,30984
62254,30635
62255,30653
62258,31125
62259,30999
62260,28561
62261,30980
62264,30650
62266,28719
62267,31136
62268,31139
62269,31147
62270,31058
62271,27423
62272,30675
62273,21963
62274,21963
62275,30462
62276,30634
62277,30636
62278,31138
62279,29401
62280,30809
62281,30087
62282,31150
62283,31040
62284,31134
62285,31152
62286,29484
62287,
62288,30981
62289,30981
62290,31118
62292,29749
62294,28390
62295,30880
62296,30880
62297,31160
62298,30454
62304,30477
62305,30477
62306,31046
62307,30479
62308,30478
62309,31039
62310,31018
62311,31161
62312,31162
62313,31163
62314,31164
62315,31148
62316,30963
62317,31165
62318,30658
62319,30658
62320,30658
62321,30658
62322,31143
62323,30658
62325,30687
62326,30687
62329,29401
62331,30458
62332,31149
62333,30980
62340,31167
62341,30599
62342,29229
62343,30096
62344,29425
62346,31168
62347,31168
62349,31168
62351,30749
62352,28254
62353,30671
62354,28322
62355,24049
62356,29745
62358,31167
62359,31148
62360,31148
62361,30820
62362,30957
62363,30820
62364,30963
62365,31170
62366,26611
62367,26611
62368,31168
62369,30320
62371,26611
62372,10972
62373,31052
62374,30606
62375,30856
62376,30458
62377,30634
62378,30638
62379,30809
62381,29292
62382,29517
62383,31118
62384,31159
62385,31133
62386,31169
62387,31149
62388,16203
62389,16203
62390,31179
62391,16203
62393,16203
62397,31154
62398,31153
62399,31151
62400,31180
62401,31182
62402,28562
62403,28562
62404,16204
62405,16204
62406,29698
62407,31132
62408,31178
62409,30981
62410,30981
62411,30798
62412,28391
62413,31134
62414,30462
62415,31187
62417,16203
62418,31014
62419,30994
62420,29425
62421,30845
62422,31183
62423,30638
62424,
62425,
62426,31190
62427,31184
62428,30963
62429,31180
62430,26611
62431,31145
62432,31145
62433,31176
62434,30686
62435,30675
62436,29517
62437,31123
62438,31168
62441,31192
62442,31176
62443,31180
62444,30988
62445,31193
62446,30307
62447,30307
62449,
62450,30671
62451,30671
62452,31195
62453,31025
62454,
62455,30398
62456,28322
62457,28322
62458,30653
62459,29366
62460,29366
62461,29366
62462,29366
62463,29366
62464,865
62466,29365
62467,29365
62468,30458
62469,29365
62470,31188
62471,30639
62472,31191
62473,30458
62474,26611
62475,26611
62476,30636
62477,29713
62478,29365
62479,26611
62480,30984
62481,26611
62482,26611
62483,30847
62484,28023
62485,31194
62486,30857
62487,31073
62488,31196
62489,30948
62490,30639
62491,31180
62494,31180
62495,31189
62496,31081
62498,29955
62499,29560
62501,30458
62502,31199
62503,31199
62504,30414
62505,30636
62506,30634
62508,31168
62509,26213
62510,26213
62511,26213
62512,26213
62513,29749
62515,29749
62516,29749
62517,29749
62518,28564
62519,31201
62520,31203
62521,31200
62522,31200
62523,28565
62524,28566
62525,31202
62526,29735
62527,31180
62528,30474
62529,30474
62530,30751
62531,30954
62535,30867
62536,31204
62538,31026
62539,31174
62540,31011
62541,30623
62542,29398
62543,28273
62544,31052
62545,30686
62546,26611
62547,26611
62548,26611
62549,26611
62551,30984
62552,31211
62553,31210
62554,31209
62555,31208
62556,31127
62557,31135
62558,29749
62559,
62561,31126
62562,
62563,
62564,
62565,
62566,
62567,28562
62568,28563
62569,31213
62570,31213
62572,29388
62573,29749
62574,29749
62575,29749
62576,29749
62577,29749
62578,29749
62579,31151
62580,30692
62581,31011
62582,30866
62583,29735
62584,31145
62585,31216
62586,29745
62587,29292
62589,31213
62590,31188
62591,30753
62592,31129
62593,21963
62594,30653
62595,29737
62596,29737
62597,30857
62598,29737
62599,30798
62600,
62601,31217
62602,31117
62603,31219
62604,31219
62605,31219
62606,31219
62607,31219
62608,31219
62609,31219
62610,31219
62611,31218
62612,24738
62613,31220
62614,28563
62615,23435
62616,29137
62617,29137
62618,30684
62619,30957
62620,30957
62621,30988
62622,30954
62623,30954
62624,31222
62625,29398
62626,31213
62627,31178
62628,31219
62629,29366
62630,29366
62631,29366
62632,29366
62633,29366
62634,29365
62635,29365
62636,29365
62637,29365
62638,29365
62639,26611
62640,26611
62641,26611
62642,26611
62643,26611
62644,29734
62645,30868
62646,31217
62647,31218
62648,31212
62649,29396
62650,29401
62651,29400
62653,29402
62654,29399
62655,29398
62658,30458
62659,31228
62660,29292
62661,23945
62663,31201
62664,31169
62665,31231
62666,31232
62667,31236
62668,31237
62669,31235
62670,31223
62671,30458
62672,30635
62673,29398
62674,30954
62675,31199
62676,27729
62677,28664
62678,31197
62679,29745
62680,31138
62681,31227
62682,31167
62683,30307
62684,31240
62685,30477
62686,31046
62687,31046
62688,31046
62689,31046
62690,30506
62691,31241
62692,31241
62693,31221
62694,30951
62695,31133
62696,30307
62697,31245
62698,31254
62699,31230
62700,31117
62701,29396
62702,31178
62703,31178
62704,29396
62705,31260
62706,28023
62707,31262
62708,31252
62709,31229
62710,30987
62712,29399
62713,30671
62714,30650
62715,30653
62716,31263
62717,31121
62718,31264
62719,31265
62720,31253
62721,31266
62722,28322
62724,28322
62725,28322
62726,28322
62727,28322
62728,28322
62729,28322
62730,28322
62731,31260
62732,28322
62733,28322
62734,28390
62735,28322
62736,28322
62737,28322
62738,28322
62739,31266
62740,31168
62741,30458
62742,31192
62743,31269
62744,29488
62745,30318
62746,28250
62747,28250
62748,30665
62749,30477
62750,31252
62751,31138
62752,31212
62753,31270
62754,31256
62755,30255
62756,31272
62757,31273
62758,30951
62759,31277
62760,31267
62761,30219
62762,30219
62763,31061
62764,31236
62765,31279
62766,31129
62767,31278
62768,30653
62769,29399
62770,29399
62771,29399
62772,31280
62773,29733
62774,30665
62775,30684
62776,31232
62777,31232
62778,31261
62779,31215
62780,31284
62781,31264
62782,29402
62783,30987
62784,31326
62785,30102
62786,31328
62787,30102
62788,29224
62789,31343
62790,29899
62791,29899
62792,29899
62793,30154
62794,30154
62795,30102
62796,30102
62797,30102
62798,30102
62799,30102
62800,30102
62801,30102
62802,30102
62803,29899
62804,29899
62805,29899
62806,29899
62807,29899
62808,30104
62809,30104
62810,30104
62811,30104
62812,30104
62813,29396
62814,29401
62815,29401
62816,29396
62817,29137
62818,30676
62819,30634
62820,29737
62821,29734
62822,31199
62823,30639
62824,29388
62825,31062
62826,31129
62827,26351
62828,26351
62829,31061
62830,31269
62831,29402
62832,29399
62833,29137
62834,31275
62835,29399
62836,29401
62837,29401
62838,31276
62839,30677
62840,30639
62841,30636
62842,30675
62843,30658
62844,30951
62845,30951
62846,31236
62847,31062
62848,31178
62849,29517
62850,31274
62851,31182
62852,30987
62853,30955
62854,30955
62855,30478
62856,30154
62858,31255
62859,31264
62860,21681
62861,31298
62863,31264
62864,31298
62865,29388
62866,31261
62867,30954
62868,30847
62869,30847
62870,30477
62871,31138
62872,28250
62873,31178
62874,31304
62875,29399
62876,30676
62877,30634
62878,31303
62879,31302
62880,31301
62881,31300
62882,29999
62883,29749
62884,26213
62885,26213
62886,26213
62887,26213
62888,26213
62889,29749
62890,29749
62891,29749
62892,29749
62893,28275
62894,28275
62895,28275
62896,28275
62897,28638
62898,28638
62899,28638
62900,28638
62901,30623
62902,21275
62903,21272
62904,30954
62905,21274
62906,30636
62907,30623
62908,28566
62909,28566
62910,30478
62911,30478
62912,29733
62913,28372
62914,28413
62915,28664
62916,29749
62917,29399
62918,29402
62919,29398
62920,30570
62921,29394
62922,30757
62923,29400
62924,30462
62925,31168
62926,26611
62927,30625
62929,30320
62930,30320
62931,31327
62933,29517
62934,30665
62935,30665
62936,30665
62938,29398
62939,29398
62940,31282
62941,30674
62942,31312
62943,31311
62944,31325
62945,30477
62946,31305
62947,26611
62948,31330
62949,31329
62950,31292
62951,30955
62952,30677
62953,30677
62955,31313
62956,31314
62957,31315
62958,31317
62959,31316
62960,31318
62961,31320
62962,31319
62963,31333
62964,30955
62965,31334
62966,29402
62967,29400
62968,29399
62969,30636
62970,29398
62971,30758
62972,31304
62973,30777
62974,31310
62975,31309
62976,31298
62977,29137
62978,30594
62979,30594
62980,31328
62981,30758
62982,31233
62983,31356
62984,10972
62985,10972
62986,10972
62987,30320
62988,29137
62989,28322
62990,28322
62991,28322
62992,30865
62993,28322
62994,31335
62995,30999
62996,29399
62997,31342
62998,29400
62999,29402
63000,31336
63001,31300
63002,31138
63003,30675
63004,29401
63005,31234
63006,30987
63007,31306
63008,
63009,
63010,
63011,
63012,
63013,
63014,
63015,
63016,
63017,
63018,
63019,31062
63020,10972
63021,10972
63022,10972
63023,30586
63024,30586
63025,30586
63026,30586
63027,
63028,31298
63029,31277
63030,31132
63031,31344
63032,31119
63033,29488
63034,30320
63035,31230
63036,31230
63037,30955
63038,31330
63039,29832
63040,29832
63041,30623
