planning_id,task_id
9,256
10,270
11,266
12,3172
14,2520
15,328
16,354
17,
18,
19,
20,
21,
23,
24,
25,2687
26,
27,
28,1311
29,
30,
31,
32,
33,225
34,3207
35,2224
36,2982
37,928
38,2921
39,2287
40,
41,1721
42,2833
43,1751
44,377
45,1753
46,3206
47,377
48,2795
49,377
50,377
51,3206
52,377
53,2775
54,327
55,1311
56,354
57,2775
58,2687
59,1311
60,1311
61,
62,327
63,
64,
65,1751
66,3040
67,1061
68,2687
69,
70,
71,2224
72,
73,2921
74,2922
75,2833
76,1721
77,2588
78,769
79,2471
80,819
81,2563
82,
83,
84,
85,2384
86,2287
87,2542
88,3001
89,1737
90,328
91,3174
96,
99,3609
109,3211
110,
111,
112,
113,
114,
115,1311
116,
117,1311
118,
119,1311
120,
121,1448
122,1751
123,328
124,328
125,899
126,378
127,
128,
129,
130,
131,769
132,
133,1721
134,
135,1721
136,1311
137,3040
138,2384
139,2563
140,1721
141,1314
142,
143,2372
144,2922
145,2833
146,1443
147,2371
148,2921
149,1445
150,2588
151,2941
152,3202
153,3212
154,3203
164,
165,3172
166,
168,
169,2384
170,2542
171,1760
172,3227
173,2775
175,3040
177,1311
178,2941
179,2372
180,328
181,2830
182,324
183,1721
184,2921
185,1721
186,2921
187,2833
188,2371
189,2372
190,3040
191,3157
192,354
193,398
194,899
195,
196,2921
197,1721
198,2833
199,2922
200,
201,
202,
203,409
204,
205,3172
206,
207,
208,
209,
210,2287
211,2148
212,1706
213,398
214,983
215,2922
216,1751
217,1311
218,3133
219,3132
220,3277
221,3275
222,3276
223,3130
224,3224
225,3274
226,3129
227,3134
228,3273
229,3131
230,3295
231,
232,2518
233,2517
234,2525
235,2511
236,2563
237,2514
241,2539
242,2536
243,2945
244,2945
245,2956
246,2947
247,2953
248,2944
251,
252,
253,2687
254,1441
255,
256,2921
257,2371
258,
259,
260,
261,2921
262,1448
263,324
264,2833
265,
266,1721
267,2588
268,1721
269,
270,
271,
272,
273,
274,3198
275,3199
276,3202
277,3211
278,3212
279,3203
280,3204
281,3213
282,3220
283,2513
284,3302
285,2870
286,2870
287,3219
288,3268
289,2704
290,3136
291,2563
295,2537
296,2537
297,2537
298,2537
299,538
300,
301,
302,3303
303,3304
304,3001
305,2962
306,2997
307,3253
308,3306
309,2941
310,3307
311,3308
312,3310
313,3310
314,3310
315,3310
316,3310
317,3310
318,3310
319,3310
320,3310
321,3310
322,3310
323,3310
324,3310
325,3310
326,2870
327,3313
328,2871
329,3315
330,2588
331,2563
332,
333,1311
334,
335,
336,2371
337,3040
338,
339,
340,3248
341,2133
342,
343,
344,
345,409
346,
347,
348,3143
349,2542
350,328
351,324
352,2775
353,
354,2921
355,
356,1721
357,225
358,
359,
360,
361,
362,3206
363,1753
364,3299
365,
366,
367,
368,
369,
370,
371,
373,2563
374,2588
375,
376,
378,2687
379,983
380,986
381,3030
382,2542
383,2371
384,928
385,
386,3040
387,2372
388,331
389,1706
390,1314
391,986
392,1721
393,2921
394,2133
395,409
396,2833
397,2707
398,1614
399,
400,
401,2372
402,
403,1751
404,2951
405,2952
406,2945
407,2537
408,2513
409,2495
410,
411,2588
412,
413,1311
414,1311
415,
416,2371
417,
418,1721
419,2133
420,2577
421,2921
422,
423,
424,2133
425,378
426,328
427,
428,2921
429,2833
430,578
431,
432,1448
434,
435,2588
436,2536
437,2536
438,2539
439,
440,
441,
442,
443,327
444,3303
445,324
446,2372
447,
448,3248
449,1445
450,1721
451,1721
452,1721
453,
454,324
455,
456,
457,
458,
459,
460,
461,716
462,
463,
464,2939
465,1614
466,1614
467,331
468,2542
469,3030
470,2287
471,2911
472,3189
473,928
474,3172
475,751
476,2921
477,356
478,3040
479,1311
480,2588
481,
482,2563
483,3042
484,2372
485,
486,
487,1721
488,2833
489,328
490,3001
491,2224
492,2287
493,225
494,769
495,331
496,331
497,3190
498,2148
499,
500,328
501,
502,
503,
504,
505,
506,
507,
508,
509,
510,3376
511,2525
512,2514
513,538
514,2511
515,
516,2520
517,
518,
519,2704
520,2704
521,2537
522,
523,2539
524,
525,2537
526,2954
527,2955
528,
529,356
530,3248
531,2775
532,
533,
534,3376
535,3383
536,378
538,
539,2588
540,865
541,2833
542,1721
543,578
544,2557
545,1614
546,
547,3172
548,3332
549,
551,2830
552,2287
553,1630
554,
555,
556,
557,
558,3318
559,2133
560,3321
562,2542
563,
564,3383
565,
566,3213
567,3214
568,3425
570,
571,3427
572,3304
573,3030
574,3308
575,2997
576,2557
577,865
578,2563
579,
580,2364
582,3388
583,3389
584,3390
585,2364
586,2364
587,3278
588,3287
589,3294
590,2158
591,2197
592,2157
593,3277
594,3206
595,3375
596,3375
597,
598,327
599,1706
600,2774
601,3292
602,
603,1311
604,
605,1449
606,1441
607,
608,3332
609,1706
610,1614
611,3230
612,1706
613,2708
614,2148
615,2921
616,3379
617,225
618,225
619,
620,2833
621,1721
622,
623,
624,2133
625,1441
626,3397
627,2372
628,3383
629,3460
630,3461
631,2945
632,2835
633,3463
634,3465
635,538
636,3462
637,3464
638,3466
639,2953
640,2953
641,2958
642,2959
643,2537
644,3475
645,3378
646,2859
647,328
648,
649,
650,3411
651,
652,3248
653,356
654,2372
655,3040
656,2921
657,1441
658,3040
659,
660,
661,
662,
663,
664,225
665,225
666,716
667,1721
668,2833
669,2921
670,2921
671,2133
672,578
673,769
674,3492
675,
676,
677,2830
678,
679,
680,
681,
682,324
683,
684,2588
685,2859
686,2133
687,2833
688,2921
689,2921
690,3430
691,324
692,3308
693,2372
694,356
695,3040
696,
697,3487
698,3205
700,3214
701,3235
702,3232
703,3480
704,3478
705,3479
706,3502
707,3503
708,3504
709,3493
710,3513
711,3514
712,324
713,2921
714,3310
716,3310
717,328
718,
719,409
720,
721,2471
722,
723,
724,
725,2558
726,3430
727,1614
728,
729,2287
730,2911
731,
732,328
733,2365
734,2148
735,331
736,2921
737,2922
738,2434
739,
740,
741,1721
742,
743,2833
744,
745,3397
746,3333
747,
748,
749,
750,3519
751,3307
752,2962
753,3030
754,3523
755,3529
756,3530
757,
758,2372
759,328
760,327
761,2720
762,3248
763,3487
764,378
765,2471
766,
767,
768,3248
769,378
770,3421
771,2703
772,
773,3468
774,3334
775,3430
777,2148
778,324
779,
780,1614
781,1630
782,
783,
784,
785,
786,2152
787,1721
788,
789,
790,2922
791,
792,2921
793,2911
794,2911
795,
796,2911
797,225
798,2133
799,578
800,
801,
802,2224
803,
804,
806,
807,3492
808,3550
809,3551
810,3287
811,3222
812,3554
813,3221
814,3482
815,3540
816,3542
817,3277
818,3472
819,2959
820,2960
821,2948
822,2958
823,3555
824,3558
825,3558
826,3559
827,3561
828,328
829,
830,2588
831,
832,2563
833,
834,
835,344
836,3517
837,3537
838,324
839,2372
840,3248
841,3040
842,225
843,1721
844,2133
845,2921
846,1721
847,2833
848,1706
849,327
850,
851,
852,3030
853,3307
854,
855,3388
856,3390
857,3389
858,3392
859,3391
861,3586
862,3584
863,3572
864,3573
865,3587
866,2921
867,2922
868,1721
869,2833
870,994
871,
872,
873,2224
874,2830
875,928
876,2921
877,1721
878,2833
879,
880,2687
881,3335
882,2224
883,3606
884,3605
885,3604
886,3590
887,3030
888,3496
889,3291
890,3427
891,3184
893,3607
894,3608
895,3539
896,3308
897,3609
898,3609
899,3609
900,3609
901,3609
902,3587
903,
904,
905,
906,
907,3614
908,3551
909,3383
911,3614
912,3378
913,3213
914,3214
915,3475
916,3610
917,
918,3602
919,3472
920,3277
921,3293
922,3222
923,3282
924,2959
925,3615
926,3616
927,3615
928,
929,
930,
931,
932,2563
933,1721
934,2833
935,3544
936,2922
937,2434
938,2434
939,994
940,3486
941,3472
942,3222
943,3624
944,3273
945,3601
946,3482
947,3625
948,3274
949,3619
950,3623
951,3622
952,3626
953,3620
954,
955,
956,
957,
958,
959,
960,2563
961,
962,
963,2833
964,2921
965,328
966,225
967,2921
968,3506
969,3512
970,929
971,929
972,1193
973,3632
974,
975,2704
976,2704
977,
978,
980,3248
981,2929
982,3041
983,356
984,3599
985,3487
986,3599
987,2372
988,2371
989,
990,3544
991,328
992,
993,2563
994,
995,2563
996,3431
997,
998,
999,865
1000,3335
1001,3389
1002,2557
1003,2814
1004,2148
1005,344
1006,
1007,928
1009,3468
1010,2287
1011,2983
1012,3615
1013,3439
1014,
1015,3620
1016,3651
1017,3356
1018,3347
1019,3349
1020,3350
1021,3648
1022,3338
1023,3342
1024,3282
1025,3295
1026,3623
1027,
1028,327
1029,2388
1030,3040
1031,3248
1032,3486
1033,2921
1034,1721
1035,2833
1036,2563
1037,
1038,2921
1039,
1040,
1041,2922
1042,
1043,
1044,3599
1045,3040
1046,
1047,
1048,
1049,2563
1050,
1051,3440
1052,
1053,328
1054,3248
1055,3041
1056,1721
1057,3514
1058,2687
1059,356
1060,3391
1061,2833
1062,3172
1063,2921
1064,
1065,3385
1067,2921
1069,578
1070,3599
1071,2984
1072,2929
1073,2814
1074,1706
1075,331
1076,3496
1077,
1078,
1079,
1080,
1081,2704
1082,3375
1083,3614
1084,2704
1085,3655
1086,3614
1087,
1088,3599
1089,
1090,
1091,
1092,2537
1093,3293
1094,3623
1095,3357
1096,2563
1097,
1098,
1099,3030
1100,3679
1101,3625
1102,3626
1103,3624
1104,3375
1105,3310
1107,
1108,
1109,
1110,
1111,
1112,2921
1113,
1114,2922
1115,
1116,2833
1117,3041
1118,1721
1119,3469
1120,3248
1121,3514
1122,402
1123,3517
1124,
1125,2688
1126,3391
1127,2984
1128,1615
1129,3602
1130,2557
1131,3308
1132,3706
1133,3496
1134,3427
1135,3257
1136,3185
1137,3255
1138,3256
1139,3642
1140,3608
1141,3388
1142,3391
1143,3695
1144,3637
1145,3299
1146,3721
1147,3722
1148,3214
1149,3425
1150,3723
1151,3724
1152,3725
1153,2511
1154,3686
1155,3681
1156,3657
1157,3682
1158,3669
1159,3658
1160,3728
1161,
1162,2563
1163,
1164,
1165,
1166,
1167,327
1168,3248
1169,3041
1170,402
1171,2921
1172,2921
1173,2922
1174,3172
1175,
1176,
1177,2833
1178,2555
1179,3308
1180,
1181,3427
1182,
1183,3269
1184,3383
1185,3779
1186,3532
1187,3603
1188,
1189,
1190,2563
1191,2563
1192,3747
1193,3745
1194,3767
1195,3764
1196,3781
1197,3782
1198,3783
1199,3784
1201,3735
1202,3785
1203,3776
1204,3787
1205,3788
1207,3756
1209,3789
1210,3757
1211,3791
1212,3793
1213,3794
1214,
1215,3040
1216,3248
1217,356
1218,3514
1220,
1221,
1222,3427
1223,3308
1224,1614
1225,3442
1226,1721
1227,2833
1228,2921
1229,2921
1230,3030
1231,398
1232,
1233,
1234,3427
1235,3308
1236,3662
1237,
1238,
1239,
1240,
1241,3248
1242,2372
1243,2921
1244,3704
1245,3514
1246,3816
1247,3517
1248,1706
1249,2143
1250,3308
1251,3391
1252,
1253,2563
1254,
1255,3389
1256,3822
1257,3818
1258,3808
1259,3602
1260,
1261,
1262,
1263,
1264,
1265,2687
1266,
1267,
1268,3041
1269,2372
1270,3041
1271,
1272,
1273,
1274,3248
1275,2563
1276,356
1277,
1278,
1279,
1280,1706
1281,3030
1282,3475
1283,
1284,398
1285,3517
1286,1721
1287,3825
1288,2921
1289,2929
1290,3041
1291,3599
1292,2434
1293,3258
1294,2561
1295,3841
1296,3835
1297,3310
1298,3819
1299,3845
1300,
1301,
1302,
1303,3599
1304,3840
1305,3839
1306,3838
1307,3837
1308,3833
1309,3826
1310,3550
1311,3428
1312,3846
1313,3586
1314,3724
1315,
1316,3745
1317,3783
1318,3783
1319,3783
1320,3766
1321,3735
1322,3788
1323,3788
1324,3724
1325,3847
1326,3248
1327,3041
1328,2560
1329,2372
1330,
1331,2563
1332,
1333,
1334,
1335,
1336,
1337,
1338,
1339,
1340,
1341,3793
1342,
1343,1721
1344,328
1345,3811
1346,3806
1347,3291
1348,3851
1349,3592
1350,3596
1351,3594
1352,3595
1353,3593
1354,3598
1355,3863
1356,3799
1357,3717
1358,3800
1359,3718
1360,3719
1361,3770
1362,3626
1363,3329
1364,3836
1365,3836
1366,3842
1368,3350
1370,3861
1371,3864
1372,3392
1373,2474
1374,2474
1375,2568
1376,2471
1377,3404
1378,3702
1379,340
1380,
1381,
1382,
1383,327
1385,
1386,2557
1387,
1388,
1389,
1390,
1391,
1392,1721
1393,2921
1394,3544
1395,324
1396,
1397,3875
1398,3855
1399,3777
1400,3856
1402,
1403,
1404,3886
1405,3887
1406,3876
1407,3894
1408,3791
1409,3884
1410,3882
1411,
1412,
1413,
1414,
1415,2563
1416,
1417,3248
1418,2372
1419,2922
1420,3812
1421,3642
1422,3854
1423,3852
1424,3030
1425,3909
1426,3040
1427,3248
1428,2372
1429,2921
1430,3906
1431,3248
1432,
1433,3248
1434,
1435,
1436,2687
1437,
1438,
1439,384
1440,3834
1441,2921
1442,1721
1443,3544
1444,
1445,398
1446,3517
1447,1706
1448,3915
1449,3602
1450,2911
1451,3030
1452,
1453,2687
1454,
1455,
1456,3895
1457,3812
1458,3887
1459,3907
1460,3907
1461,3919
1462,3793
1463,3678
1464,2372
1465,2921
1466,3812
1467,3248
1468,3041
1469,
1470,1061
1471,2365
1472,2563
1473,
1474,409
1475,2687
1476,2922
1477,2921
1478,1721
1479,225
1480,384
1481,3544
1482,1706
1483,3702
1484,2365
1485,
1486,2911
1487,
1488,3030
1489,
1490,
1491,
1492,
1493,
1494,3911
1495,3812
1496,3876
1497,3931
1498,3933
1499,
1500,3939
1501,3930
1502,3936
1503,3935
1504,3938
1505,3864
1506,3642
1507,3805
1508,3811
1509,3350
1510,3925
1511,3934
1514,3923
1515,3842
1516,3945
1517,3946
1518,3755
1519,3375
1520,3943
1521,3856
1522,3944
1523,3942
1524,327
1525,328
1526,328
1527,328
1528,3362
1529,2372
1530,3248
1531,2471
1532,3041
1533,
1534,
1535,
1536,
1537,
1539,3876
1540,
1542,3517
1543,3834
1544,2287
1545,2588
1546,
1547,
1548,
1549,1630
1550,
1551,
1552,2922
1553,2921
1554,1721
1555,2434
1556,384
1557,3916
1558,3544
1559,3755
1560,3777
1561,3755
1562,3755
1563,3592
1564,3773
1565,3596
1566,3592
1567,3853
1568,3942
1569,3941
1570,
1571,3971
1572,
1573,3248
1574,
1575,3041
1576,1721
1577,3517
1578,398
1579,
1580,3475
1581,3030
1582,1706
1583,
1584,
1585,
1586,
1587,
1588,
1590,
1591,
1592,
1593,
1594,356
1595,3826
1596,3833
1597,
1598,3845
1599,3819
1600,3835
1601,3841
1602,2561
1603,3258
1604,2563
1605,3041
1606,2372
1607,3602
1608,3389
1609,3847
1610,3724
1611,
1612,3586
1613,3846
1614,3041
1615,
1616,328
1617,1721
1618,
1619,
1620,2372
1621,2560
1622,3041
1623,3248
1624,3599
1625,2921
1626,
1627,
1628,
1629,
1630,
1631,
1632,3851
1633,3291
1634,
1635,3428
1636,3837
1637,3838
1638,3839
1639,3840
1641,3626
1642,3806
1643,3811
1644,3793
1645,
1646,2563
1647,3745
1648,3724
1651,3747
1653,3544
1654,2921
1655,1721
1656,
1657,
1658,
1660,
1662,2929
1663,
1664,
1667,
1668,327
1669,3875
1670,3864
1673,3350
1674,3842
1675,3329
1676,3719
1677,3718
1678,3800
1679,3717
1680,3799
1681,3863
1684,3782
1685,3781
1686,3764
1687,3767
1690,3599
1702,3030
1703,3852
1704,3854
1706,3886
1709,3909
1710,3884
1713,3836
1714,3836
1715,3770
1719,3912
1720,3310
1721,2687
1722,
1730,3544
1731,1721
1732,2921
1740,3825
1744,3248
1746,
1752,3642
1754,3876
1761,327
1762,3882
1764,3594
1766,3783
1767,3602
1768,387
1769,3940
1770,3937
1771,3952
1772,3805
1773,3812
1774,3955
1775,3598
1776,3598
1777,3995
1778,3996
1779,3997
1780,3998
1781,
1782,
1783,3397
1784,
1785,3248
1787,3981
1788,3642
1789,3985
1790,3985
1791,3985
1792,3985
1793,3985
1794,3985
1795,3985
1796,3985
1797,3985
1798,3985
1799,3985
1800,3985
1801,3985
1802,3989
1803,3995
1804,3842
1805,3596
1806,3983
1807,
1808,3957
1809,
1810,
1811,328
1812,3248
1813,
1814,
1815,2563
1816,2588
1817,
1818,2921
1819,3248
1820,2922
1821,356
1822,3599
1823,1721
1824,578
1825,3834
1826,3834
1827,384
1828,3912
1829,3864
1830,4002
1831,3984
1832,3913
1833,4003
1834,4004
1835,4008
1836,
1837,3249
1838,3978
1839,4021
1840,4022
1841,3512
1842,
1843,3921
1844,
1845,
1846,
1847,2563
1848,
1849,
1850,
1851,
1852,
1853,3973
1854,4006
1855,3602
1856,3517
1857,
1858,
1859,
1860,
1861,
1862,
1863,
1864,
1865,4014
1866,3913
1867,3777
1868,3854
1869,3853
1870,4015
1871,3392
1872,4009
1873,
1874,
1875,
1876,
1877,
1878,3942
1879,4009
1880,4043
1881,3984
1882,
1883,4017
1884,4018
1885,4020
1886,4032
1887,4035
1888,4036
1889,
1890,
1891,2563
1892,3906
1893,3248
1894,4027
1895,
1896,
1897,3599
1898,1721
1899,3899
1900,2921
1901,3249
1902,2922
1903,384
1904,3834
1905,3544
1906,3041
1907,3957
1908,2687
1909,1706
1910,3981
1911,2148
1912,
1913,3475
1914,
1915,
1916,2687
1917,
1918,
1919,3957
1920,4048
1921,4041
1922,3777
1923,4016
1924,3890
1925,3893
1926,3892
1927,3642
1928,4014
1929,3978
1930,4059
1931,3539
1932,3970
1933,4048
1934,4011
1935,3956
1936,3999
1937,3819
1938,4033
1939,3863
1940,
1941,3549
1942,3732
1943,3375
1944,3994
1945,4018
1946,3986
1948,4043
1949,4058
1950,3041
1952,2921
1953,2471
1954,3916
1955,2929
1956,
1957,4066
1958,
1959,4060
1960,4049
1961,4050
1962,4051
1964,3799
1965,3601
1966,4039
1967,4040
1968,4067
1969,3248
1970,3946
1971,
1972,3993
1973,4021
1974,2148
1975,
1978,4068
1979,4052
1980,4069
1981,4070
1982,4071
1983,3993
1984,4072
1985,4079
1986,4076
1987,4075
1988,4077
1989,4078
1990,4081
1991,4073
1993,4080
1994,
1995,
1996,
1997,4033
1998,3956
1999,3986
2000,3247
2001,3248
2002,3735
2003,4062
2004,
2005,4094
2006,4099
2007,4095
2008,4063
2009,4107
2010,4090
2011,4091
2012,3916
2013,3248
2014,4027
2015,3899
2016,4107
2017,
2018,
2019,
2020,2687
2021,
2022,
2023,
2024,
2025,
2026,
2027,4103
2028,3777
2029,4092
2030,4121
2031,3247
2032,3766
2033,3783
2034,2588
2035,865
2036,865
2037,4127
2038,4128
2039,4119
2040,
2041,
2042,
2043,
2044,
2045,
2046,
2047,
2048,
2049,
2050,
2051,327
2052,4132
2053,4006
2054,4103
2055,2687
2056,4092
2057,4016
2058,4027
2059,4113
2060,4119
2061,
2062,4048
2063,4089
2064,
2065,4147
2066,2474
2067,3310
2068,3549
2069,3310
2070,3581
2071,
2072,
2073,
2075,
2076,1721
2077,2471
2078,2922
2079,340
2080,3544
2081,3834
2082,2564
2083,
2084,3599
2085,769
2086,225
2087,384
2088,3041
2089,356
2090,4127
2091,3249
2092,
2093,
2094,
2095,2563
2096,2148
2097,
2098,
2099,4175
2100,4091
2101,3642
2102,4138
2103,4094
2104,3956
2105,4130
2106,4113
2107,4139
2108,4143
2109,4151
2110,4134
2111,4153
2112,4157
2113,4159
2114,4163
2115,4071
2116,4176
2117,4185
2118,4180
2122,3626
2123,4193
2124,4194
2125,4182
2126,4186
2127,4191
2128,4184
2129,4079
2130,4156
2131,3277
2132,4149
2133,4154
2134,4073
2135,4187
2136,4197
2137,4187
2138,4198
2139,4202
2140,4136
2141,4134
2145,4105
2146,4104
2147,4008
2148,4137
2149,4123
2150,4114
2151,4115
2152,
2153,
2154,
2155,
2156,356
2157,3248
2158,4027
2159,2372
2160,3899
2161,4025
2162,3702
2163,
2164,
2165,
2166,
2167,2563
2168,
2169,
2170,
2171,
2172,
2173,4091
2174,4090
2175,
2176,
2177,386
2178,3992
2179,4066
2180,
2181,3041
2182,4216
2183,4203
2184,4195
2185,4211
2186,865
2187,
2188,
2189,
2190,
2191,
2192,356
2194,2372
2195,3041
2196,3899
2197,327
2198,2921
2199,
2200,
2201,
2202,
2203,4212
2204,
2205,3248
2206,3757
2207,4189
2208,4239
2209,4240
2210,4200
2212,4196
2213,3340
2214,3343
2215,3863
2216,
2217,865
2218,
2219,2563
2220,
2221,4153
2222,4073
2223,
2224,4025
2225,4237
2226,
2227,
2228,
2229,4052
2230,4052
2231,
2232,
2233,
2234,
2235,2372
2236,3248
2237,
2238,2922
2239,327
2240,
2241,
2242,
2243,
2244,3486
2245,
2246,4558
2247,
2249,2921
2250,3899
2251,4212
2252,4212
2253,2372
2254,
2255,
2256,
2257,
2258,4281
2259,3863
2260,3344
2261,3339
2262,3341
2263,4212
2264,4183
2265,4156
2266,
2267,4138
2268,3539
2269,4286
2270,4268
2271,4267
2272,3956
2273,3642
2274,4091
2275,4104
2276,4260
2277,4204
2278,3791
2279,4126
2280,4136
2281,4202
2282,4289
2283,4290
2284,4216
2285,4291
2286,
2287,4292
2288,
2289,4259
2290,3389
2291,4158
2292,4011
2293,3819
2294,3586
2295,3757
2296,3041
2297,3249
2298,1062
2299,386
2300,1448
2301,4194
2302,2561
2303,4051
2304,3508
2305,
2306,
2307,
2308,
2309,
2310,3041
2311,356
2312,3249
2313,4027
2314,3834
2315,2563
2316,
2318,3899
2319,3899
2320,4187
2321,4187
2322,4294
2323,4302
2324,4300
2325,4181
2326,4135
2327,
2328,
2329,3899
2330,2563
2331,
2332,327
2333,3834
2334,
2335,
2336,
2337,
2338,
2339,
2340,
2342,
2343,4001
2344,4001
2345,4001
2346,4001
2347,4001
2348,4312
2349,4311
2350,4310
2351,4309
2352,4308
2353,3993
2354,4187
2355,4181
2356,
2357,
2358,2563
2359,
2360,4300
2361,4302
2362,4333
2363,4334
2364,4335
2365,4336
2366,4341
2367,4341
2368,4299
2369,4237
2370,2471
2371,4312
2372,3041
2373,
2374,
2375,2687
2376,
2378,4311
2379,4266
2380,4337
2381,4338
2382,4339
2383,4340
2384,3863
2386,4353
2387,
2388,
2389,
2390,3898
2391,4386
2392,
2393,4322
2394,
2395,
2396,
2397,3899
2398,3834
2401,
2402,
2403,
2404,
2405,4266
2406,
2407,4311
2408,3272
2409,4387
2410,4385
2411,4383
2412,4381
2413,4380
2414,4181
2415,4392
2416,4393
2417,4392
2418,4393
2419,2471
2420,4135
2421,4365
2422,4091
2423,4364
2424,4376
2425,4379
2426,4371
2427,4378
2428,4374
2429,4372
2430,4382
2431,865
2432,4177
2433,4181
2434,4286
2435,4268
2436,4135
2437,4365
2438,4291
2439,4401
2440,4292
2441,4402
2442,4289
2443,4403
2444,4405
2445,4254
2446,3724
2447,4386
2448,3728
2449,4194
2450,
2451,4131
2452,3598
2453,1448
2454,386
2455,3249
2456,3041
2457,2564
2458,3899
2459,
2460,
2461,
2462,
2463,
2464,3249
2465,3899
2466,
2467,
2468,4058
2469,2921
2470,3834
2471,4269
2472,3544
2473,2922
2474,3599
2475,4177
2476,3863
2477,3899
2478,327
2479,4420
2480,4191
2481,4184
2482,3993
2483,3994
2484,3995
2485,4072
2486,3997
2487,4421
2488,4269
2489,2921
2490,2922
2491,2922
2492,4413
2493,4414
2494,3673
2495,3899
2496,4420
2497,4382
2498,4381
2499,4281
2500,3596
2501,4427
2502,
2503,4422
2504,4423
2505,4424
2506,4425
2507,4426
2508,4429
2509,2471
2510,3899
2511,4427
2512,344
2513,
2514,2922
2515,2921
2516,3544
2517,4269
2518,4432
2519,4073
2520,4078
2521,3596
2522,4068
2523,3834
2524,3544
2525,2921
2526,3834
2527,4436
2528,4437
2529,4438
2530,4435
2531,4068
2532,4434
2533,4070
2534,4071
2535,4069
2536,4131
2537,4131
2538,4073
2539,4108
2540,4396
2541,344
2542,3544
2543,2922
2544,2922
2545,384
2546,
2547,
2548,
2549,
2550,
2551,4073
2552,3598
2553,4068
2554,4077
2555,4131
2556,4396
2557,4403
2558,4405
2559,3724
2560,4039
2561,4183
2562,4182
2563,4445
2564,4444
2565,4446
2566,4292
2567,
2568,
2569,3899
2570,4269
2571,2471
2572,3041
2573,3249
2574,4269
2575,3544
2576,3834
2577,
2578,4182
2579,4183
2580,4068
2581,4077
2582,4131
2583,3863
2584,4078
2585,4391
2586,4449
2587,4341
2588,4451
2589,4303
2590,4452
2591,4008
2592,3743
2593,4269
2594,384
2595,2922
2596,4448
2597,4131
2598,4182
2599,4191
2600,4184
2601,
2602,4454
2603,4393
2604,4393
2605,4455
2606,4082
2607,4347
2608,4346
2609,4345
2610,4315
2611,4316
2612,3539
2613,4366
2614,384
2615,4269
2616,3834
2617,1721
2618,3899
2619,3041
2620,4454
2621,4082
2622,4131
2623,
2624,4439
2625,4011
2626,4330
2627,3994
2628,4069
2629,3248
2630,3897
2631,3772
2632,2563
2633,386
2634,2922
2635,3899
2636,2372
2637,3487
2638,2921
2639,4269
2640,4269
2641,3834
2642,384
2643,3899
2645,4069
2646,4071
2647,4082
2648,4131
2649,4399
2650,4463
2651,4052
2652,2371
2653,3899
2654,4269
2655,4027
2656,2922
2657,4269
2658,4269
2659,3834
2660,2922
2661,384
2662,3041
2663,
2664,
2665,2482
2666,3397
2667,1707
2668,3673
2669,2471
2670,344
2671,4237
2672,2563
2673,4131
2674,4073
2676,4454
2677,4347
2678,4346
2679,4345
2680,4315
2681,4352
2682,4397
2684,3956
2687,4316
2688,4351
2689,4350
2690,3967
2691,4314
2692,4348
2693,4402
2694,4471
2695,4472
2696,4403
2697,4405
2698,4473
2699,4474
2700,4240
2701,4028
2702,3041
2703,3249
2704,1096
2705,3782
2706,4386
2707,4447
2708,4189
2709,4330
2710,4329
2711,4463
2712,4467
2713,4052
2714,2806
2715,4392
2716,4466
2717,3544
2718,4269
2719,4440
2720,2921
2721,2922
2722,3957
2723,4027
2724,2371
2725,3899
2726,384
2727,
2728,4477
2729,4269
2730,
2731,4269
2733,3916
2734,
2735,
2736,
2737,
2738,327
2739,
2740,
2741,
2742,
2743,3539
2744,327
2745,3957
2746,2148
2748,
2749,
2750,
2751,4483
2752,4477
2753,4447
2754,4131
2755,
2756,4416
2757,4417
2758,4189
2759,4329
2760,4330
2761,4349
2762,4482
2763,4478
2764,4479
2765,4480
2766,
2767,4450
2768,3882
2769,4488
2770,4490
2771,
2772,2687
2774,3249
2775,384
2776,2371
2777,4027
2778,356
2779,
2780,
2781,
2782,
2783,
2784,2563
2785,327
2786,
2787,
2788,4073
2789,4329
2790,4069
2791,4478
2792,4489
2793,4480
2794,4314
2795,
2796,
2797,
2798,2563
2799,
2800,
2801,
2802,
2803,
2804,
2805,
2806,4508
2807,1707
2808,4392
2809,4440
2810,4456
2811,4482
2812,4478
2813,4489
2814,4095
2815,
2816,3834
2817,2922
2818,1721
2819,
2820,994
2821,384
2822,2148
2823,4269
2824,356
2825,3249
2826,3899
2827,4518
2828,4502
2829,4501
2830,4073
2831,4329
2832,4528
2833,4529
2834,4535
2835,4534
2836,4486
2837,4323
2838,4533
2839,4515
2840,4532
2841,4526
2842,327
2843,3957
2844,3673
2845,3517
2846,2563
2847,
2848,
2849,
2850,
2851,
2852,
2853,
2854,
2855,
2856,4490
2857,1707
2858,4392
2859,
2860,4506
2861,
2862,
2863,
2864,4540
2865,3367
2866,4315
2867,326
2868,
2869,
2870,4237
2871,2563
2872,4131
2873,4532
2874,4131
2875,4531
2876,4539
2877,4073
2878,4501
2879,4478
2880,3930
2881,3249
2882,3899
2883,327
2885,4550
2886,
2887,4518
2888,4269
2889,3834
2890,3834
2891,
2892,2922
2893,1721
2894,3834
2895,3599
2896,
2897,
2898,
2899,
2900,
2901,
2902,
2903,
2904,4392
2905,
2906,4550
2907,4480
2908,2963
2909,4091
2910,4073
2911,4183
2912,4182
2913,4557
2914,4531
2915,3381
2916,865
2917,4403
2918,4565
2919,4473
2920,4472
2921,4291
2922,4471
2923,3248
2924,2564
2925,3556
2926,4577
2927,4341
2928,4575
2929,4462
2930,4576
2931,
2932,4570
2933,3956
2934,4415
2935,4518
2936,4490
2937,4554
2938,
2939,
2940,
2941,
2942,
2943,2563
2944,4073
2945,4131
2946,4551
2947,4576
2948,4068
2949,4556
2950,4486
2951,4329
2952,4039
2953,4040
2954,4240
2955,4474
2956,4584
2957,4585
2958,4586
2959,4579
2960,4578
2961,4323
2962,4402
2963,4566
2964,4567
2965,4587
2966,4588
2967,4518
2968,4247
2969,327
2970,4269
2971,3899
2972,4585
2973,
2974,4269
2975,4269
2976,3834
2977,2922
2978,2687
2979,
2980,
2981,385
2982,1721
2983,2563
2984,4518
2985,
2986,4182
2988,4183
2989,4131
2990,
2992,4177
2993,3967
2994,4518
2995,4481
2996,4481
2997,
2998,4600
2999,4599
3000,4598
3001,4597
3002,4601
3003,
3004,
3005,
3006,
3007,
3008,
3009,
3010,4518
3011,4183
3012,4643
3013,4516
3014,4490
3016,4516
3017,4594
3018,
3019,2563
3020,
3021,4622
3022,
3023,4073
3024,4617
3025,4571
3026,4572
3027,
3028,2563
3029,4518
3030,
3031,
3032,3849
3033,4623
3034,4623
3035,4073
3036,4131
3037,
3038,
3039,
3040,865
3041,4237
3042,4347
3043,4346
3044,4345
3045,4315
3046,3956
3047,4590
3048,
3049,4481
3050,4645
3052,
3053,4566
3054,4347
3055,4352
3056,4349
3057,4481
3058,4516
3059,
3060,4158
3061,4656
3062,4662
3063,4658
3064,4661
3065,4660
3066,4659
3067,3957
3068,4537
3069,
3070,4518
3071,3834
3072,4269
3073,4269
3074,2922
3075,1721
3076,
3077,
3078,
3079,
3080,1707
3081,
3082,
3083,3899
3084,
3085,4173
3086,
3087,
3088,4571
3089,4607
3090,
3091,
3092,
3093,
3094,328
3095,
3096,3899
3097,
3098,3041
3099,3041
3100,4659
3101,4656
3102,4567
3103,4623
3104,4624
3105,4624
3106,4441
3107,4597
3108,3343
3109,4131
3110,4646
3111,4646
3112,
3113,4653
3114,4656
3115,4658
3116,4662
3117,4405
3118,
3119,4666
3120,3383
3121,4303
3122,3458
3123,
3124,4579
3125,3873
3126,4652
3127,3957
3128,
3129,
3130,1721
3131,2922
3132,4269
3133,
3134,3041
3135,3834
3136,
3137,2563
3138,
3139,4518
3140,
3141,
3142,4607
3143,3487
3144,4270
3145,3249
3146,4611
3147,2563
3148,
3149,4292
3150,4291
3151,4567
3152,
3153,
3154,
3155,
3157,4518
3158,
3159,
3160,
3161,
3162,
3163,
3164,
3165,
3166,4518
3167,3458
3168,
3169,
3170,4653
3171,4623
3172,4624
3173,4625
3174,4668
3175,4657
3176,4744
3177,4648
3178,4648
3179,4540
3180,4649
3181,4650
3182,4465
3183,3342
3184,4659
3185,4169
3186,4291
3187,4566
3188,4566
3189,4169
3190,
3191,4240
3192,
3193,
3194,
3195,
3196,2563
3197,
3198,4518
3199,3041
3200,3834
3201,3834
3202,2922
3203,2922
3204,4269
3206,1721
3207,
3208,3249
3209,2564
3210,1096
3211,4750
3212,4666
3213,3383
3214,3383
3215,4662
3216,4657
3218,4749
3219,4401
3220,4749
3221,4465
3222,4754
3223,4753
3224,4759
3225,4594
3227,4755
3228,4760
3231,
3232,327
3233,
3234,
3235,
3236,3957
3237,
3238,2563
3239,
3240,
3241,
3242,4518
3243,
3244,
3245,
3246,
3247,4627
3248,4620
3249,4755
3250,4641
3251,4601
3252,4648
3253,4039
3254,4040
3255,4652
3256,
3257,4197
3258,4780
3259,4543
3260,4723
3261,4240
3262,4537
3263,
3264,
3265,2687
3266,
3267,4537
3268,
3269,
3270,
3271,4518
3272,
3273,
3274,
3275,
3276,
3277,
3278,
3279,
3280,4234
3281,4644
3282,4597
3283,4725
3284,4724
3285,4723
3287,4648
3288,4131
3289,
3290,4648
3291,
3292,
3293,4739
3294,4740
3295,4738
3296,4737
3297,4428
3298,4292
3299,3249
3300,2564
3301,4240
3302,3458
3303,4666
3304,3383
3305,4772
3306,4759
3307,4662
3308,4204
3309,
3310,4765
3311,4762
3312,4758
3313,4754
3314,4753
3315,4594
3316,4552
3317,4766
3318,2687
3319,2687
3320,2687
3321,4586
3323,4674
3324,
3325,
3326,4518
3328,3310
3329,3251
3330,2806
3331,
3332,
3333,
3334,
3335,
3336,
3337,4607
3338,
3339,3249
3340,3041
3341,2563
3342,4173
3343,327
3344,
3345,
3346,1707
3347,3899
3348,4607
3349,2372
3350,3249
3351,3041
3352,
3353,
3354,4518
3355,
3356,3834
3357,3834
3358,4269
3359,4269
3360,2922
3361,2922
3362,1721
3363,4653
3364,3599
3365,4647
3366,4651
3367,4806
3368,4809
3369,4311
3370,4812
3371,4803
3372,4813
3373,4805
3374,4672
3375,4667
3376,4783
3377,4537
3378,
3379,
3380,
3381,4518
3382,
3383,
3384,2563
3385,
3386,
3387,
3388,4518
3389,
3390,2563
3391,
3392,
3393,
3394,4648
3395,4797
3396,4798
3397,4796
3398,4073
3399,
3400,4788
3401,4833
3402,4840
3403,4662
3404,4828
3405,4827
3406,
3407,4817
3408,4817
3410,
3411,4844
3412,4846
3413,
3414,409
3415,
3416,
3417,
3418,
3419,1707
3421,
3422,4739
3423,4740
3424,4641
3425,4640
3426,4639
3427,4638
3428,4648
3429,4417
3430,
3431,
3432,4766
3433,4069
3434,4070
3435,4071
3436,4801
3437,4802
3438,4454
3439,4039
3440,4863
3441,4865
3442,4866
3443,4590
3444,4352
3445,3310
3446,3310
3447,3310
3448,3310
3449,3310
3450,3310
3451,3310
3452,3310
3453,3310
3454,3310
3455,3310
3456,3310
3457,3310
3459,2689
3460,
3461,3041
3462,384
3463,4269
3464,4269
3465,4269
3466,
3467,
3468,
3469,4856
3470,4651
3471,
3472,
3473,1721
3474,2922
3475,2687
3476,4837
3477,
3478,
3479,4738
3480,4725
3481,4737
3482,4727
3483,4742
3484,4183
3485,4185
3486,4601
3487,4809
3488,
3489,4635
3490,4073
3491,4649
3492,4417
3493,4870
3494,4869
3495,4766
3496,4754
3497,4863
3498,4859
3499,
3500,
3501,3212
3502,2564
3503,
3504,4879
3505,4881
3506,4845
3507,
3508,3458
3509,4666
3510,4667
3511,4783
3512,4834
3513,4831
3514,
3515,3981
3516,3981
3517,
3518,2687
3519,4874
3520,4875
3521,3212
3522,4347
3523,
3524,4346
3525,4345
3526,4316
3527,4315
3528,3965
3529,4886
3530,4886
3531,
3532,
3534,
3535,
3536,
3537,
3538,4651
3539,2922
3540,384
3541,769
3542,3599
3543,
3544,
3545,
3546,2563
3547,
3548,4851
3549,2148
3550,4883
3551,4884
3552,4872
3553,
3554,1630
3555,4173
3556,
3557,4838
3558,
3559,
3560,3517
3561,
3562,
3563,
3564,
3565,1707
3566,328
3567,
3568,4845
3569,
3570,4900
3571,4893
3572,4075
3573,4900
3574,4076
3575,4180
3576,4180
3577,4080
3578,4079
3579,4079
3580,4725
3581,4631
3582,
3583,
3584,4631
3585,4633
3586,4633
3587,4633
3588,4631
3589,4631
3590,4633
3593,
3594,
3595,3957
3596,
3597,
3598,
3599,
3600,4518
3601,
3602,4518
3603,4714
3604,4714
3605,4714
3606,4716
3607,4039
3608,4913
3609,4914
3610,
3618,
3620,4898
3621,
3622,4850
3623,4761
3624,4778
3625,4347
3626,4346
3627,4345
3628,4316
3629,4352
3630,4590
3631,4885
3632,
3633,4886
3634,2148
3635,
3636,
3637,
3638,4838
3639,4835
3640,4836
3641,4921
3642,328
3643,4269
3644,2922
3645,
3646,
3647,
3648,
3649,2563
3650,
3651,3599
3652,4653
3653,3249
3654,4928
3655,4912
3656,4827
3657,4829
3658,4858
3659,
3660,
3661,4628
3662,4634
3663,4634
3664,356
3665,4926
3666,4417
3667,356
3668,4069
3669,4240
3670,4518
3671,4912
3672,
3673,4919
3674,4944
3675,4925
3676,4924
3677,4352
3679,3326
3680,
3681,
3682,3517
3683,2689
3684,4856
3685,328
3686,
3687,
3688,
3689,2922
3690,2922
3691,1721
3692,578
3693,1448
3694,
3695,
3696,
3697,4838
3698,4835
3699,4836
3700,
3701,2689
3702,4945
3703,2148
3704,4165
3705,2287
3706,4743
3707,4728
3708,2563
3709,
3710,4906
3711,
3712,4303
3713,4826
3714,
3715,4634
3716,
3717,4634
3718,4950
3719,3251
3720,5258
3721,4607
3722,4612
3723,2372
3724,3249
3725,3041
3726,
3727,
3728,
3729,
3730,
3731,4173
3732,5114
3733,4165
3734,4945
3735,4728
3736,4929
3737,5112
3738,4932
3739,4930
3740,3673
3741,
3742,1630
3743,2687
3744,5113
3745,
3746,409
3747,
3748,
3749,
3750,
3751,4269
3752,2922
3753,3544
3754,4269
3755,
3756,
3757,4518
3758,4269
3759,5119
3760,5120
3761,5124
3762,5135
3763,5125
3764,5121
3765,5122
3766,5137
3767,4180
3768,4180
3769,4079
3770,4079
3771,4076
3772,3981
3773,4076
3774,4418
3775,4418
3776,4736
3777,4737
3778,4714
3779,4718
3780,4719
3781,4717
3782,4729
3783,4730
3784,4731
3785,4733
3786,5116
3787,5117
3788,5126
3789,4417
3790,4653
3791,4346
3792,4345
3793,4316
3794,4352
3795,
3796,5138
3797,5138
3798,4131
3801,2563
3802,5143
3803,5142
3804,5141
3805,4931
3806,4891
3807,4851
3808,3956
3809,4886
3810,4886
3811,4586
3812,4935
3813,4934
3814,3958
3815,
3816,3246
3817,
3818,
3819,4597
3820,4601
3821,5145
3822,4131
3823,4131
3824,4131
3825,4601
3826,4895
3827,4628
3828,
3829,
3830,
3831,
3832,
3833,
3834,
3835,
3836,
3837,
3838,
3839,
3840,
3843,
3844,4518
3845,
3846,
3847,
3848,327
3849,4928
3850,3044
3851,4612
3852,
3853,5257
3854,
3855,3981
3856,4352
3857,5222
3858,5221
3859,5223
3860,5224
3861,5225
3862,
3863,4919
3864,3249
3865,4779
3866,4778
3867,4761
3868,4069
3869,5230
3870,5226
3871,4915
3872,
3873,
3874,
3875,
3876,328
3877,4269
3878,4269
3879,2922
3880,2922
3881,328
3882,
3883,328
3884,328
3885,3873
3886,4856
3887,2687
3888,
3889,
3890,
3892,
3894,4944
3895,4958
3896,4957
3897,4957
3898,4957
3899,4956
3900,4818
3901,4601
3902,4434
3903,
3904,
3905,
3906,
3907,4269
3908,
3909,
3910,
3911,
3912,4822
3913,
3914,328
3915,327
3916,3249
3917,4907
3918,3041
3919,2372
3920,4165
3921,4751
3922,1630
3923,4734
3924,5115
3925,1706
3926,4901
3927,
3928,2687
3929,3599
3930,
3931,
3932,
3933,
3934,
3935,
3937,
3938,
3939,5081
3940,5082
3941,5083
3942,5084
3943,5085
3944,5086
3945,4269
3946,4269
3947,2922
3948,328
3949,4856
3950,5233
3951,5224
3952,4907
3953,4269
3954,4269
3955,4269
3956,2922
3957,4856
3958,4269
3959,328
3960,356
3961,3249
3962,3041
3963,5263
3964,4418
3965,5230
3966,4082
3967,4082
3968,
3969,
3970,
3971,4687
3972,4688
3973,4691
3974,4690
3975,4735
3976,4719
3977,4705
3978,4710
3979,5221
3980,4708
3981,4653
3982,4711
3983,4730
3984,4733
3985,4731
3986,4681
3987,4818
3988,4418
3989,5219
3990,
3991,3326
3992,5233
3993,4189
3994,5260
3995,4779
3996,4761
3997,
3998,3249
3999,2564
4000,4269
4001,4914
4002,4418
4003,4419
4004,4419
4005,4082
4006,4693
4007,4693
4008,4178
4009,5269
4010,
4011,5224
4012,4780
4013,4944
4014,4957
4015,4956
4016,
4017,
4018,
4019,
4020,
4021,356
4022,3249
4023,3041
4024,2929
4025,4269
4026,2929
4027,5233
4028,
4029,1706
4030,2148
4031,4722
4032,4901
4033,4647
4034,5247
4035,4713
4036,4743
4037,4907
4038,
4039,4269
4040,
4041,4279
4042,4856
4043,4269
4044,328
4045,4653
4046,1721
4047,3458
4048,4080
4049,
4050,4454
4051,4187
4052,5277
4053,4827
4054,4079
4055,4184
4056,4077
4057,4177
4058,4484
4059,5283
4060,
4061,
4062,
4063,4180
4064,4080
4065,4178
4066,4179
4067,5279
4068,
4069,
4070,
4071,
4072,4684
4073,4682
4074,4685
4075,4679
4076,4696
4077,4700
4078,4701
4079,4703
4080,5317
4081,4073
4082,4080
4083,
4084,
4085,
4086,
4087,4612
4088,
4089,
4090,4877
4091,
4092,327
4093,1751
4094,5280
4095,5282
4096,
4097,2563
4098,
4099,
4100,
4101,2687
4102,
4103,4695
4104,4704
4105,4818
4106,4165
4107,4851
4108,4540
4109,4779
4110,
4111,3821
4112,4653
4113,4240
4115,5287
4116,5277
4117,
4118,
4119,
4120,
4121,
4122,
4123,
4124,
4125,328
4126,2148
4127,4269
4128,4269
4129,2922
4130,5247
4131,2929
4132,4173
4133,
4134,
4135,
4136,5278
4137,5278
4138,5317
4139,5318
4140,5306
4141,5256
4142,
4143,5310
4144,4540
4145,5310
4146,5323
4147,5324
4148,5328
4149,5329
4150,5331
4151,5330
4152,4957
4153,4944
4154,5254
4155,4956
4156,5312
4157,4949
4158,4654
4159,5084
4160,5085
4161,5086
4162,5315
4163,3326
4164,3249
4165,4269
4166,2564
4167,3041
4168,5140
4169,5311
4170,5313
4171,4518
4172,2371
4173,327
4174,2687
4175,4518
4176,
4177,2563
4178,
4179,
4180,4907
4181,4907
4182,
4183,4908
4184,2563
4185,
4186,4269
4187,4269
4188,2922
4189,
4190,
4191,5346
4192,5338
4193,5114
4194,5343
4195,4713
4196,4695
4197,
4198,4722
4199,2287
4200,5247
4201,4751
4202,5316
4203,4058
4204,4058
4205,4058
4206,4058
4207,4058
4208,5346
4209,5221
4210,5221
4211,5221
4212,5233
4213,4540
4214,4851
4215,4945
4216,4945
4217,5336
4218,5278
4220,5303
4221,5301
4222,5298
4223,5297
4224,5296
4225,4077
4226,4184
4227,5283
4228,4187
4229,4418
4230,5291
4231,5368
4232,5367
4233,5369
4234,4945
4235,5232
4236,4945
4237,5364
4238,5366
4239,5365
4240,2797
4241,
4242,5371
4243,5370
4245,4518
4246,5245
4247,5279
4248,5357
4249,4247
4250,
4251,4269
4252,
4253,2922
4254,324
4255,
4256,5346
4257,
4258,
4259,5085
4260,5373
4261,5374
4262,4932
4263,
4264,4418
4265,5408
4266,5409
4267,4558
4268,5384
4269,5401
4270,4177
4271,
4272,5402
4273,
4274,
4275,
4277,
4278,
4279,
4280,
4281,4907
4282,2922
4283,4269
4284,4653
4285,1721
4286,1721
4287,328
4288,2148
4289,4728
4290,
4291,1630
4292,5247
4293,5340
4294,5247
4295,
4296,5416
4297,3956
4298,
4299,2687
4300,
4301,
4302,
4303,
4304,
4305,
4306,
4308,4558
4309,4558
4310,4558
4311,4558
4312,4247
4313,4247
4314,4247
4316,4247
4317,4518
4318,4832
4319,5085
4320,4187
4321,
4322,4069
4323,4177
4324,5295
4325,5294
4326,5299
4327,5293
4328,5412
4329,5426
4330,5427
4331,3821
4332,4781
4333,4367
4334,5233
4335,
4336,
4337,409
4338,
4339,
4340,5346
4341,
4342,
4343,
4344,5233
4345,
4346,
4347,4518
4348,
4349,
4350,4822
4351,5319
4352,3249
4353,5448
4354,356
4355,1751
4356,356
4357,5316
4358,4908
4359,2922
4360,4651
4361,4269
4362,5261
4363,1721
4364,4743
4365,
4366,4177
4367,4080
4368,4183
4369,4077
4370,5291
4371,4180
4372,4178
4373,4075
4374,4080
4375,5403
4376,5404
4377,5405
4378,5406
4379,2563
4380,
4381,
4382,
4383,
4384,
4385,5468
4386,4818
4387,2148
4388,5332
4389,5336
4390,5339
4391,5342
4392,5341
4393,5436
4394,5435
4395,5434
4396,
4397,
4398,
4399,
4400,3673
4401,4540
4402,3957
4403,
4404,2687
4405,
4406,
4407,
4408,
4409,
4410,
4411,
4412,
4413,5419
4414,5419
4415,4131
4416,4131
4417,4184
4418,4177
4419,5279
4420,4179
4421,4454
4422,4187
4423,4181
4424,
4425,
4426,4945
4427,5346
4428,3375
4429,2806
4430,5448
4431,
4432,5346
4433,2687
4434,4247
4435,327
4436,
4437,
4438,
4439,
4440,4269
4441,4269
4442,2922
4443,385
4444,4907
4445,4908
4446,2922
4447,1721
4448,3956
4449,4180
4450,4077
4451,4240
4452,4428
4453,4735
4454,4731
4455,4178
4456,4179
4457,4082
4458,4131
4459,5486
4460,5422
4461,5298
4462,5439
4463,5487
4464,5303
4465,5296
4466,5493
4467,5466
4468,5465
4469,4945
4470,4945
4471,5295
4472,5233
4473,4912
4474,5366
4475,5365
4476,5364
4477,5496
4479,5411
4480,5410
4481,
4482,
4483,
4484,5486
4485,5438
4486,5441
4487,5440
4489,
4490,
4491,3899
4492,327
4493,
4494,
4495,
4496,
4497,
4498,4518
4499,4518
4500,2148
4501,2150
4502,4743
4503,4728
4504,4269
4505,1630
4506,2922
4507,328
4508,2563
4509,1721
4510,
4511,
4512,
4513,328
4515,4269
4516,2564
4517,3249
4518,5488
4520,5479
4521,5279
4522,5422
4523,5369
4524,4933
4525,5304
4526,5497
4527,4557
4528,5521
4530,4179
4531,4735
4532,4729
4533,4730
4534,4718
4535,4131
4536,5279
4537,4131
4538,4131
4540,5500
4541,5453
4542,5502
4543,5414
4544,5413
4545,5307
4546,5499
4547,5385
4548,4586
4549,5454
4550,5498
4551,4204
4552,4818
4553,3965
4554,5276
4555,5427
4556,
4557,5525
4558,5524
4559,5523
4560,5522
4561,
4562,
4563,
4564,
4565,4933
4566,
4567,
4568,
4569,
4570,
4571,
4572,4518
4573,3040
4574,4269
4575,402
4576,5389
4577,3985
4578,3985
4579,3985
4580,3985
4581,3985
4582,3985
4583,3985
4584,3985
4585,3985
4586,3985
4587,3985
4588,3985
4589,3985
4590,4458
4591,4458
4592,4458
4593,4458
4594,4458
4595,4458
4596,4458
4597,4458
4598,4458
4599,4458
4600,4458
4601,4458
4602,4458
4603,5475
4604,5475
4605,4269
4606,4269
4607,4269
4608,2922
4609,2922
4610,5435
4611,4913
4612,5086
4613,5085
4614,5495
4615,5081
4616,5534
4617,5534
4618,5521
4619,5523
4620,5523
4621,5529
4622,5369
4623,4667
4624,4771
4625,5088
4626,5089
4627,5085
4628,5515
4629,5472
4630,5530
4631,
4632,324
4633,5549
4634,5526
4635,
4636,
4637,
4638,
4639,2287
4640,4945
4641,
4642,5533
4643,5526
4644,1706
4645,
4646,3899
4647,
4648,
4649,2687
4650,4316
4651,
4652,
4653,
4654,2687
4655,1721
4656,2929
4657,4269
4658,4269
4659,
4660,
4661,5532
4662,5531
4663,
4664,
4665,4131
4666,4080
4667,3924
4668,4080
4669,5543
4670,4739
4671,
4672,4945
4673,4732
4674,
4675,5525
4676,5551
4677,5523
4678,5555
4679,5554
4680,5557
4681,
4682,5233
4683,
4684,
4685,
4686,
4687,
4688,
4689,
4690,
4691,
4692,5559
4693,5346
4694,
4695,
4696,
4697,
4698,
4699,4269
4700,4269
4701,5389
4702,2922
4703,4269
4704,328
4705,1721
4706,1721
4707,4822
4708,5475
4709,2563
4710,
4711,4518
4712,4518
4713,
4714,4419
4715,4419
4716,5575
4717,5577
4718,5576
4719,5574
4720,5579
4721,
4722,4912
4723,5233
4724,5284
4725,5334
4726,5467
4727,5450
4728,5469
4729,3724
4731,5448
4732,3375
4733,2806
4734,5581
4735,5550
4736,5550
4737,5577
4738,5574
4739,5583
4740,5582
4741,
4742,
4743,
4744,
4745,5346
4746,5549
4747,3249
4748,324
4749,324
4750,5473
4751,5526
4752,5475
4753,4269
4754,2922
4755,5389
4756,3041
4757,
4758,
4759,
4760,
4761,
4762,5088
4763,5085
4764,5085
4765,5515
4766,
4768,5465
4769,5585
4770,4818
4771,3956
4772,
4773,
4774,5466
4775,4945
4776,5592
4777,5500
4778,5502
4779,5414
4780,5413
4781,5307
4782,5499
4783,5454
4784,5385
4785,5591
4786,5590
4787,5589
4788,5756
4789,5445
4790,4768
4791,5614
4792,
4794,
4797,
4798,5594
4799,5595
4800,4933
4801,
4802,5597
4803,5598
4804,5599
4805,5520
4806,4518
4807,
4808,5495
4809,5300
4810,5614
4811,5619
4812,
4813,
4814,
4815,
4816,
4817,
4818,
4819,
4820,
4821,
4822,
4823,
4824,
4825,
4826,
4827,
4828,
4830,2563
4831,5402
4832,5438
4833,5079
4834,5516
4835,5080
4836,5094
4837,5600
4838,5367
4840,5389
4841,4269
4842,327
4843,5574
4844,
4845,5610
4846,5584
4847,5610
4848,5608
4849,5607
4850,5606
4851,5605
4852,5604
4853,
4854,
4855,
4856,
4857,
4858,4877
4859,3249
4860,5233
4861,4907
4862,4818
4863,3957
4864,5526
4865,4945
4866,
4867,4728
4868,
4869,4751
4870,
4871,
4872,401
4873,5498
4874,5221
4875,5642
4876,5609
4877,5611
4878,5613
4879,
4880,
4881,4518
4882,5610
4883,
4884,
4885,4519
4886,5389
4887,4907
4888,5475
4889,5475
4890,
4891,4269
4892,5559
4893,4907
4894,4269
4895,
4896,2922
4897,
4898,1721
4899,5390
4900,5389
4901,
4902,5541
4903,5714
4904,5574
4905,5081
4906,4913
4907,5086
4908,5717
4909,5710
4910,
4911,
4912,4751
4913,5592
4914,5593
4915,5722
4916,5723
4917,5719
4918,5720
4919,5725
4920,5726
4921,
4922,
4923,5559
4924,
4925,5346
4926,
4927,
4928,
4929,4907
4930,5528
4931,4518
4932,5528
4933,3249
4934,2922
4935,4269
4936,4269
4937,1721
4938,578
4939,328
4940,4907
4941,5475
4942,5553
4943,
4944,4728
4945,5346
4946,5467
4947,3850
4948,
4949,
4950,
4951,5438
4952,5467
4953,5435
4954,5402
4955,5641
4956,3328
4957,5585
4958,5385
4959,5454
4960,5499
4961,5450
4962,
4963,5547
4964,4419
4965,4419
4966,5594
4967,4714
4968,5743
4969,4131
4970,5635
4971,5636
4972,5638
4973,5637
4974,5748
4975,5747
4976,5746
4977,5745
4978,5577
4979,5573
4980,5610
4981,5614
4982,4945
4983,5438
4984,5512
4985,4080
4986,5677
4987,5682
4988,5683
4989,5594
4990,5750
4991,5559
4992,4518
4993,
4994,4518
4995,
4996,
4997,
4998,2687
4999,
5000,
5001,2922
5002,4751
5003,4945
5004,3673
5005,1706
5006,356
5007,4247
5008,
5009,
5010,
5011,5593
5012,5602
5013,5592
5014,5596
5016,5495
5017,5512
5018,5085
5019,4912
5020,5453
5021,4834
5022,4718
5023,4073
5024,5752
5025,4419
5026,5749
5027,3987
5028,4876
5029,5618
5030,5643
5031,5565
5032,5335
5033,5532
5034,5284
5035,5334
5036,5410
5037,5342
5038,5341
5039,4945
5040,5603
5041,5601
5042,5761
5043,5413
5044,5307
5045,5498
5046,5591
5047,4204
5048,5233
5049,4768
5050,4818
5051,3963
5052,5276
5053,5612
5054,5094
5055,5095
5058,5097
5059,5099
5060,5092
5061,5086
5062,5090
5063,5084
5064,5084
5065,5506
5066,5089
5067,
5068,
5069,
5070,
5071,
5072,
5073,5475
5074,4518
5075,4732
5076,5716
5077,4714
5078,4733
5079,4716
5080,4721
5081,5752
5082,4428
5083,5752
5084,5785
5085,5786
5086,5785
5087,5786
5088,5270
5089,4177
5090,3599
5091,
5092,5764
5093,3249
5094,4269
5095,2372
5096,5736
5098,5367
5099,5805
5100,
5101,5810
5102,5809
5103,5808
5104,5807
5105,4240
5106,356
5107,
5108,
5109,
5110,
5111,3041
5113,
5114,
5115,
5116,
5117,
5118,3848
5119,
5120,
5121,
5122,
5123,
5124,4876
5125,
5126,
5127,
5128,4876
5129,2922
5130,2372
5131,327
5132,4907
5133,5512
5134,5830
5135,5808
5136,
5137,
5138,4518
5139,5559
5140,2687
5141,
5142,
5143,
5144,4945
5145,5717
5146,
5147,
5148,
5150,5843
5151,5736
5152,5512
5153,5512
5154,
5155,5845
5156,5096
5157,5082
5158,5094
5159,5095
5160,5090
5161,5585
5162,5402
5163,5495
5164,5089
5165,5683
5166,5677
5167,5682
5168,5705
5169,5704
5170,5697
5171,5696
5172,5692
5173,5686
5174,5685
5175,5704
5176,5702
5177,5706
5178,5700
5179,5703
5180,5699
5181,5690
5182,5689
5183,5688
5184,5687
5185,5680
5186,5684
5187,5691
5188,5693
5189,5678
5190,5676
5191,5094
5192,5095
5193,5845
5194,4907
5195,3041
5196,3249
5197,2372
5198,
5199,
5200,
5201,
5202,
5203,
5205,
5206,
5207,
5208,
5209,
5210,
5212,
5213,
5214,5346
5215,
5216,5559
5217,
5218,1707
5219,5451
5220,
5221,5599
5222,5593
5223,5592
5224,5596
5225,5602
5226,5603
5227,5755
5228,5754
5229,4714
5230,5857
5231,5508
5232,4718
5233,5736
5234,5367
5235,5369
5236,5866
5237,5228
5238,5502
5239,5591
5240,5813
5241,5814
5242,5498
5243,5233
5244,4732
5245,4733
5246,4870
5247,4765
5248,5852
5249,4714
5250,5851
5251,4718
5252,5850
5253,5849
5254,5848
5255,4720
5256,4720
5257,4705
5258,4707
5259,4705
5260,4710
5261,5591
5262,
5263,5840
5264,
5265,5346
5266,
5267,5559
5268,
5269,2687
5270,
5271,
5272,
5273,5887
5274,
5275,
5276,3249
5277,4518
5278,356
5279,2372
5280,4907
5281,2922
5282,4269
5283,5559
5284,
5285,5820
5286,5873
5287,4655
5288,339
5289,
5290,5558
5291,5846
5293,4240
5294,4818
5295,
5296,
5297,5839
5298,5846
5299,
5300,
5301,
5302,
5303,3249
5304,5389
5305,356
5306,4247
5307,4519
5308,327
5309,3041
5310,5870
5311,
5312,
5313,356
5314,
5315,5750
5316,
5317,
5318,
5319,
5320,5513
5321,
5322,
5323,
5324,
5325,5559
5326,5885
5327,
5328,
5329,
5330,
5331,4269
5332,2922
5333,4269
5334,5475
5335,4907
5336,5475
5337,1721
5338,324
5339,5623
5340,4269
5341,1721
5342,4653
5343,384
5344,5553
5345,578
5346,3144
5347,
5348,2563
5349,
5350,5785
5351,
5352,3328
5353,5744
5354,5736
5355,3711
5356,4518
5357,
5358,5390
5359,3249
5360,356
5361,5390
5362,5676
5363,5695
5364,5698
5365,5698
5366,4945
5367,4518
5368,
5369,
5370,
5371,4921
5372,5874
5373,3956
5374,3172
5375,
5376,3581
5377,5886
5378,4818
5379,4945
5380,
5381,
5383,
5384,
5385,
5386,
5387,5922
5388,5917
5389,5917
5390,
5391,2563
5392,
5393,
5394,5722
5395,5722
5396,5559
5397,
5398,
5399,5346
5400,4945
5401,
5402,4518
5403,
5404,
5405,4269
5406,5475
5407,2922
5408,4751
5409,
5410,5346
5411,5886
5412,5965
5413,
5414,
5415,5992
5416,
5417,
5418,
5419,
5420,
5421,5956
5422,5956
5423,5508
5424,5857
5425,5753
5426,5754
5427,
5428,3599
5429,5951
5430,5955
5431,5917
5432,5095
5433,5094
5434,5899
5435,5090
5436,4440
5437,4515
5438,5954
5439,5617
5440,5545
5441,5981
5442,5967
5443,5910
5444,5799
5445,4240
5446,5565
5447,5335
5448,5905
5449,5885
5450,5591
5451,5498
5452,4204
5453,4135
5454,4891
5455,4818
5456,4762
5457,5839
5458,5988
5459,4766
5460,3965
5461,5676
5462,5701
5463,5695
5464,5699
5465,5722
5466,5845
5467,5723
5468,5729
5469,5724
5470,5633
5471,5633
5472,5960
5473,1448
5474,5346
5475,328
5476,328
5477,4269
5478,
5479,5736
5480,5369
5481,
5482,5899
5483,5079
5484,5765
5485,5955
5486,5917
5487,5917
5488,5754
5489,5753
5490,4711
5491,4700
5492,5923
5493,4696
5494,4699
5495,4687
5496,4691
5497,4678
5498,4682
5499,4684
5500,4685
5501,
5502,2563
5503,5992
5504,
5505,5887
5506,6006
5507,6007
5508,6009
5509,6008
5510,5346
5511,
5512,
5513,
5514,4518
5515,
5516,
5517,
5518,
5519,
5520,
5521,5980
5522,5974
5523,5095
5524,5094
5525,5080
5526,4269
5527,2564
5528,4519
5529,4519
5530,5880
5531,3249
5533,6013
5534,6002
5535,
5536,5973
5537,6000
5538,5999
5539,
5540,5233
5541,5952
5542,5953
5543,5756
5544,5736
5545,5956
5546,6019
5547,4240
5548,5107
5549,
5550,5559
5551,
5552,2563
5553,4518
5554,
5555,3486
5556,5960
5557,5874
5558,4269
5559,5643
5560,4269
5561,
5562,6009
5563,2922
5564,6008
5565,6007
5566,
5567,5886
5568,2929
5569,4173
5570,5967
5571,5799
5572,5351
5573,5954
5574,5954
5575,3599
5576,
5577,3432
5578,2537
5579,5473
5580,
5581,4518
5582,5955
5583,5917
5584,
5585,
5586,6027
5587,
5588,
5589,
5590,5992
5591,5974
5592,5641
5593,6011
5594,3809
5595,3581
5596,
5597,
5598,
5599,
5600,5964
5601,4751
5602,6040
5603,6041
5604,6044
5605,6042
5606,4518
5607,
5608,5475
5609,4269
5610,4907
5611,2922
5612,5917
5613,
5614,6046
5615,6047
5616,
5617,
5618,
5620,5095
5621,5080
5622,
5623,5767
5625,5767
5626,5765
5627,
5628,
5629,3486
5630,5346
5631,324
5632,
5633,2563
5634,
5635,
5636,
5637,5766
5638,5474
5639,4269
5640,4518
5641,2922
5642,5474
5643,
5644,
5645,2688
5646,2372
5647,3041
5648,356
5649,5903
5650,4518
5651,
5652,4891
5653,4758
5654,5796
5655,5797
5656,4678
5657,4682
5658,5917
5659,5947
5660,5080
5661,5727
5662,
5663,6094
5664,6095
5665,5107
5666,6056
5667,6057
5668,6054
5669,5262
5670,5465
5671,6040
5672,4781
5673,6052
5675,6050
5676,6099
5677,4204
5678,3964
5679,4766
5681,6036
5682,4751
5683,5545
5684,5910
5685,5967
5686,5617
5687,6079
5688,6055
5689,6045
5690,5502
5691,5813
5692,5885
5693,5887
5694,5591
5695,5498
5696,6043
5697,5988
5698,3965
5699,5890
5700,5979
5701,6098
5702,6097
5703,4518
5704,3041
5705,5390
5706,5903
5707,3249
5708,5903
5709,5390
5710,6051
5711,6134
5712,5765
5713,5767
5714,6134
5715,5559
5716,5346
5717,
5718,
5719,
5720,5992
5721,
5722,2563
5723,4269
5724,5475
5725,
5726,4269
5727,2922
5728,2434
5729,533
5730,5559
5731,2563
5732,
5733,3825
5734,
5735,
5736,4945
5737,5643
5738,5346
5739,6101
5740,6124
5741,6125
5742,6126
5743,6127
5744,5514
5745,6129
5746,6130
5747,5917
5748,
5749,
5750,
5751,
5752,
5753,5080
5754,6113
5755,
5756,6014
5757,6150
5758,6090
5759,6115
5760,5222
5761,5985
5762,5986
5763,5552
5764,3249
5765,4269
5766,2564
5767,4519
5768,
5769,
5770,
5771,4269
5772,5475
5773,5992
5774,
5775,4518
5776,2922
5777,3599
5778,
5779,
5780,
5781,
5782,5731
5783,6144
5784,6158
5785,6157
5786,6160
5787,6159
5788,6118
5789,6161
5790,6162
5791,6163
5792,5630
5793,
5794,4678
5795,4682
5796,
5797,
5798,
5799,4518
5800,
5801,
5802,
5803,
5804,5721
5805,6184
5806,6185
5807,
5808,
5809,
5810,
5811,
5812,
5813,
5814,6115
5815,6090
5816,4269
5817,5903
5818,3249
5819,2371
5820,5831
5821,3848
5822,5874
5823,5831
5824,
5825,
5826,2687
5827,4695
5828,4686
5829,5890
5830,4945
5831,6067
5832,6141
5833,6186
5834,6178
5835,5565
5836,5992
5837,5992
5838,
5839,
5840,4269
5841,5992
5842,2563
5843,
5844,
5845,
5846,6101
5847,6113
5848,6150
5849,5094
5850,5095
5851,4518
5852,
5853,
5854,4678
5855,6059
5856,5917
5857,5917
5858,
5859,
5860,4518
5861,6211
5862,6210
5863,
5864,3673
5865,
5866,
5867,4907
5868,324
5869,324
5870,4269
5871,4908
5872,4518
5873,6209
5874,4758
5875,5445
5876,6030
5877,4768
5878,5756
5879,4818
5880,6214
5881,6213
5882,6203
5883,4946
5884,4766
5885,3965
5886,6170
5887,6169
5888,6168
5889,
5890,6200
5891,6200
5892,6059
5893,6059
5894,
5895,6230
5896,6224
5897,6150
5898,4518
5899,6228
5900,2563
5901,5465
5902,6173
5903,6172
5904,6171
5905,6165
5906,6154
5907,5890
5908,6180
5909,6179
5910,5443
5911,
5912,6068
5913,6064
5914,6068
5915,6062
5916,6072
5917,6065
5918,6233
5919,4181
5920,4454
5921,4454
5922,4729
5923,4723
5924,
5925,
5926,5960
5927,5777
5928,6233
5929,5777
5930,5961
5931,5961
5932,
5933,
5934,6123
5936,6006
5937,6235
5938,2564
5939,4269
5940,4519
5941,5946
5942,5945
5943,5943
5944,5944
5946,4582
5947,6235
5948,6150
5949,5107
5950,5641
5951,6205
5952,6170
5953,6169
5954,6168
5955,6239
5956,6241
5957,
5958,
5959,5559
5960,3041
5961,3041
5962,3249
5963,6145
5964,356
5965,5903
5967,327
5968,5565
5969,
5970,6101
5971,
5972,6234
5973,6215
5974,
5975,5926
5976,5085
5977,6247
5978,3249
5979,6252
5980,6234
5981,6252
5982,5222
5983,
5984,5107
5985,6235
5986,4758
5987,6106
5988,5707
5989,5694
5990,5695
5991,6167
5992,5678
5993,6192
5994,6191
5995,6190
5996,
5997,
5998,
5999,5346
6000,5559
6001,5390
6002,
6003,
6004,
6005,
6006,
6007,
6008,5559
6009,6238
6010,5874
6011,
6012,
6013,
6014,
6015,
6016,
6017,5474
6018,1721
6019,3956
6020,4269
6021,2922
6022,4907
6023,578
6024,
6025,5107
6026,
6027,
6028,6235
6029,5095
6030,2563
6031,
6032,5992
6033,4518
6034,
6035,5961
6036,5890
6037,6296
6038,6298
6039,6297
6040,5346
6041,
6042,
6043,2905
6044,5390
6045,402
6046,1721
6047,2371
6048,2922
6049,5475
6050,4269
6051,578
6052,533
6053,6309
6054,6235
6055,6315
6056,6200
6057,6271
6058,6316
6059,
6060,6303
6061,6150
6062,
6063,
6064,
6065,
6066,6134
6067,5729
6068,6158
6069,5728
6070,6157
6071,6158
6072,5729
6073,6158
6074,5728
6075,6158
6076,5728
6077,5729
6078,
6079,5346
6081,5403
6082,
6083,6272
6084,
6085,5403
6086,4907
6087,4269
6088,5475
6089,533
6090,328
6091,6243
6092,3249
6093,6140
6094,356
6095,5390
6096,
6097,
6098,
6099,2687
6100,
6101,
6102,
6103,
6104,5107
6105,6062
6106,6062
6107,5961
6108,5961
6109,4454
6110,2224
6111,6321
6112,6304
6113,6303
6114,6331
6115,6150
6116,6068
6117,6068
6118,6060
6119,6060
6120,6063
6121,6117
6122,6066
6123,6070
6124,4280
6125,
6126,5961
6127,5777
6128,5777
6129,5945
6130,5785
6131,5785
6132,
6133,
6134,5943
6135,6200
6136,4177
6137,4454
6138,5942
6139,5785
6140,5517
6141,6246
6142,6325
6143,6325
6144,6206
6145,6354
6146,5924
6147,6168
6148,6110
6155,5980
6156,6134
6157,6157
6158,6159
6159,5728
6160,6122
6161,6161
6162,5723
6163,6184
6164,6356
6165,6357
6166,6185
6167,5517
6168,6325
6169,6184
6170,6184
6171,6352
6172,3249
6173,6140
6174,5390
6175,6140
6176,6101
6177,5890
6178,4518
6179,5465
6180,5999
6181,6091
6182,4758
6183,
6184,
6185,5346
6186,
6187,
6188,5403
6189,5992
6190,4518
6191,6272
6192,
6193,
6194,5923
6195,6308
6196,2371
6197,6139
6198,5868
6199,
6200,6181
6201,
6202,5886
6203,5966
6204,
6205,5545
6206,
6207,4945
6208,6180
6209,5474
6210,6179
6211,
6212,3581
6213,4269
6214,2922
6215,4907
6216,6122
6217,6172
6218,6173
6219,6171
6220,6368
6221,3956
6222,6367
6223,4850
6224,6381
6225,6379
6226,6188
6227,5502
6228,4781
6229,6241
6230,6238
6231,6237
6232,5892
6233,4135
6234,4758
6235,6203
6236,6030
6237,6365
6238,6308
6239,6378
6240,6377
6241,6376
6242,6375
6243,6374
6244,6373
6245,6371
6246,5353
6247,
6248,
6249,5874
6250,5894
6251,6332
6252,6334
6253,6348
6254,3964
6255,
6256,
6257,
6258,4518
6259,6272
6260,
6261,6278
6262,5982
6263,6140
6264,
6265,5474
6266,6278
6267,4907
6268,328
6269,4269
6270,
6271,5225
6272,5742
6273,2563
6274,
6275,
6276,
6277,5346
6278,
6279,
6280,
6281,356
6282,5474
6283,578
6284,4907
6285,4518
6286,6278
6287,4269
6288,3041
6289,
6290,6140
6291,
6292,3581
6293,5643
6294,5890
6295,5874
6296,3966
6297,6036
6298,6169
6299,4173
6300,6308
6301,
6302,
6303,5430
6304,5431
6305,
6306,2563
6307,6403
6308,6408
6309,4518
6310,4518
6311,4269
6312,4269
6313,4519
6314,4518
6315,
6316,6036
6317,6115
6318,5233
6319,6408
6320,3960
6322,3960
6323,
6324,
6325,5992
6326,
6327,
6328,
6329,1721
6330,2929
6331,4269
6332,4269
6333,5880
6334,324
6335,6420
6336,6419
6337,
6338,4518
6339,6036
6340,5353
6341,2687
6342,5346
6343,3960
6344,
6345,4519
6346,356
6347,6243
6348,5759
6349,6461
6350,1721
6351,
6352,
6353,6278
6354,5474
6355,6272
6356,2922
6357,5880
6358,2687
6359,5553
6360,2563
6361,3966
6362,6183
6363,4269
6364,
6365,5473
6366,5875
6367,3964
6368,6417
6369,6420
6370,6419
6371,6418
6372,6304
6374,4758
6376,6200
6377,6340
6378,6325
6379,6450
6380,5942
6381,5694
6382,6072
6383,5887
6384,6110
6386,5678
6387,5890
6388,5591
6389,6059
6390,6123
6391,6062
6392,6241
6393,6239
6394,6431
6395,6422
6396,5084
6397,5498
6398,6030
6400,5756
6401,6459
6402,6458
6403,6457
6404,6436
6405,6460
6406,6181
6407,6034
6408,6032
6409,6031
6410,4584
6411,5465
6413,6172
6414,6171
6415,6173
6416,3956
6417,6315
6418,6368
6419,5643
6420,5107
6421,5992
6424,
6425,
6426,6465
6427,6423
6428,
6429,
6430,5346
6431,
6432,
6433,6470
6434,5976
6435,3834
6436,5880
6437,4269
6438,986
6439,3673
6440,
6441,6181
6442,5890
6443,
6444,6140
6445,3916
6446,6243
6447,
6448,5390
6449,4873
6450,4945
6451,6202
6452,
6453,6463
6454,6337
6455,6466
6456,6325
6457,6072
6458,
6459,6467
6460,5406
6461,
6462,5992
6463,
6464,6342
6465,6463
6466,6062
6467,4732
6468,
6469,6326
6470,6466
6471,6466
6472,6466
6473,6466
6474,343
6475,343
6476,6068
6477,
6478,5880
6479,4269
6480,3992
6481,3249
6482,6145
6483,4519
6484,1721
6485,6356
6486,6357
6487,5943
6488,6429
6489,6184
6490,6155
6491,5107
6492,6194
6493,6480
6494,6480
6495,5552
6496,
6497,6272
6498,
6499,4518
6500,5876
6501,
6502,5581
6503,
6504,
6505,5963
6506,
6508,6409
6509,4945
6510,6484
6511,4946
6512,
6513,3960
6514,5346
6515,
6516,5559
6517,5887
6518,
6519,4420
6520,6412
6521,5390
6522,6243
6523,6140
6524,2922
6525,
6526,5996
6527,
6528,
6529,
6530,
6531,
6532,
6533,5085
6534,6488
6535,6487
6536,
6537,
6538,6395
6539,
6540,4518
6541,
6542,5992
6543,5890
6544,6337
6545,6395
6546,6340
6547,
6548,
6550,
6551,
6552,
6553,
6554,
6555,5993
6556,4269
6557,328
6558,6272
6559,3367
6560,5616
6561,3960
6562,6400
6563,5878
6564,3041
6565,5390
6566,3249
6567,6140
6568,4269
6569,4519
6570,6140
6571,3249
6573,6237
6574,6238
6575,5892
6576,
6577,
6578,5349
6579,
6580,
6581,
6582,
6583,6237
6584,6238
6585,5892
6586,5992
6587,4518
6589,
6590,
6591,6030
6592,6436
6593,5559
6594,
6595,
6596,
6597,
6598,5346
6599,
6600,
6601,
6602,6479
6603,5643
6604,6422
6605,5262
6606,5874
6607,
6608,6243
6609,6310
6610,5875
6611,2688
6612,
6613,
6614,6505
6615,6504
6616,6246
6617,6488
6618,
6619,6400
6620,6507
6621,6351
6622,6340
6623,
6624,
6625,
6626,5943
6627,6356
6628,6357
6629,2292
6630,5694
6631,5678
6632,3327
6634,6492
6635,5107
6636,5980
6637,6447
6638,6446
6639,6158
6640,6445
6641,6444
6642,6443
6643,6442
6644,6441
6645,6440
6646,6439
6647,6155
6648,6122
6649,5901
6650,6509
6651,4945
6652,5346
6653,4758
6654,
6655,
6656,
6657,
6658,5591
6659,4907
6660,4269
6661,2929
6662,5346
6663,5474
6664,5886
6665,5410
6666,5553
6667,5890
6668,5880
6669,1721
6670,
6671,1721
6672,6122
6673,
6674,5346
6675,2687
6676,
6677,
6678,4454
6679,6466
6680,6466
6681,6474
6682,5443
6683,
6684,6466
6685,6495
6686,6497
6687,5786
6688,6246
6689,6246
6690,6463
6691,6334
6692,5777
6693,6466
6694,6326
6695,6200
6696,6494
6697,6068
6698,6064
6699,
6701,
6702,
6703,6337
6704,6340
6705,6342
6706,6466
6707,6466
6708,
6709,4758
6710,5852
6711,6459
6712,6458
6713,6214
6714,4891
6715,6511
6716,4870
6717,3964
6718,5892
6719,6238
6720,6237
6721,6534
6722,6532
6723,6522
6724,5465
6725,3956
6726,6315
6727,6368
6728,6539
6729,6498
6730,6483
6731,6535
6732,6188
6733,6045
6734,5905
6735,4204
6736,4135
6737,6426
6738,5890
6739,5643
6740,6543
6741,6547
6742,5346
6743,6427
6744,
6745,4269
6746,5475
6747,6286
6748,5880
6750,
6751,2687
6752,6422
6753,6553
6754,6552
6755,
6756,5946
6757,6422
6758,5880
6759,6428
6760,6278
6761,6202
6762,5874
6763,6562
6764,
6765,5346
6766,
6767,6033
6768,6037
6769,6520
6770,6519
6771,6573
6772,6576
6773,6214
6774,6426
6775,6555
6776,6494
6777,5233
6778,
6779,5346
6780,
6781,
6782,
6783,
6784,
6785,6032
6786,6575
6787,3427
6788,2688
6789,6524
6790,
6791,6588
6792,6574
6793,2687
6794,
6795,
6796,
6797,5353
6798,6458
6799,
6800,
6801,5348
6802,6584
6803,6585
6804,5346
6805,
6806,
6807,4269
6808,4269
6809,6278
6810,5474
6811,2922
6812,6599
6813,328
6814,6428
6815,5553
6816,5880
6817,6122
6818,6547
6819,6458
6820,5233
6821,
6822,6511
6823,6241
6824,5591
6825,6610
6826,5353
6827,6612
6828,5885
6829,
6830,6585
6831,6480
6832,4696
6833,6064
6834,6480
6835,6590
6836,6480
6837,6200
6838,6480
6839,4177
6840,4454
6841,6561
6842,
6843,
6844,
6845,5107
6847,6466
6848,
6849,6062
6850,6060
6851,6595
6852,6597
6853,6598
6854,
6855,
6856,6446
6857,6122
6858,5725
6859,6565
6860,6465
6861,4549
6862,6600
6863,5930
6864,6613
6865,6573
6867,6033
6868,6520
6869,6519
6870,6571
6871,6569
6872,6568
6874,6566
6875,6517
6876,6509
6877,6576
6878,6554
6880,6498
6881,6188
6882,5905
6883,4781
6884,4204
6885,4135
6886,6476
6888,6594
6889,6633
6890,6617
6891,6626
6894,6559
6895,4269
6896,2564
6897,4519
6898,3249
6899,5880
6900,5986
6901,
6902,
6903,
6904,5346
6905,
6906,
6907,
6908,
6909,2563
6910,4518
6911,
6912,5880
6913,5553
6914,324
6916,6242
6917,5890
6918,5877
6919,6614
6920,4743
6921,4728
6922,5346
6923,
6924,5875
6925,2688
6926,
6927,5347
6928,
6929,6636
6930,6286
6931,6202
6932,6395
6933,3310
6934,5473
6935,2474
6936,2474
6937,3310
6938,5403
6939,6541
6940,5946
6941,5694
6942,6638
6943,6637
6944,6110
6946,5992
6947,3249
6948,
6949,
6950,
6951,
6952,6272
6953,
6954,3486
6955,
6956,6627
6957,5591
6958,5346
6959,
6960,
6961,
6962,4518
6963,
6964,1706
6965,
6966,5616
6967,6652
6968,6636
6969,5347
6970,5643
6971,3581
6972,6585
6973,
6974,
6975,6643
6976,6395
6977,6562
6978,6597
6979,5594
6980,6628
6981,
6982,
6983,6653
6984,6439
6985,6440
6986,
6987,6658
6988,6657
6989,6442
6990,5930
6991,5346
6992,
6993,
6994,
6995,6554
6996,6666
6997,6614
6998,
6999,6652
7000,4743
7001,
7002,6636
7003,5347
7004,
7005,
7007,2148
7009,6288
7010,6288
7011,
7012,
7013,3327
7014,6662
7015,5233
7016,6547
7017,4135
7018,6241
7019,5353
7020,6448
7021,6439
7022,6658
7023,6440
7024,
7025,
7026,3486
7027,6476
7028,
7029,4518
7030,
7031,
7032,5346
7033,
7034,
7035,
7036,
7037,5992
7038,
7039,6286
7040,6278
7041,6286
7042,6286
7043,4269
7044,2922
7045,3041
7046,6428
7047,6122
7048,6599
7049,5976
7050,5880
7052,6031
7053,6032
7054,6034
7055,6036
7056,6037
7057,2474
7058,2474
7059,6562
7060,6596
7061,6466
7062,6325
7063,6644
7064,6670
7065,4732
7066,6064
7067,4734
7068,4734
7069,4678
7070,4714
7071,4714
7072,4678
7073,4705
7074,4705
7075,4696
7076,4696
7077,4687
7078,4687
7079,6475
7080,3609
7081,6439
7082,2474
7083,4188
7084,5594
7085,5965
7086,4696
7087,5965
7088,2474
7089,2474
7090,5793
7091,5793
7092,
7093,
7094,
7095,6673
7096,6736
7097,6511
7098,4549
7099,5930
7100,6672
7101,6664
7102,6154
7103,6043
7104,6681
7105,5346
7106,
7107,
7108,
7109,6278
7110,
7111,
7112,3486
7113,4269
7114,
7115,5992
7116,5474
7117,6778
7118,2564
7119,4519
7120,1721
7121,6727
7122,6683
7123,6682
7124,6689
7125,6687
7126,6686
7127,6697
7128,6618
7129,6620
7130,6619
7131,6629
7132,6779
7133,6440
7134,6779
7135,6440
7136,5726
7137,5725
7138,6492
7139,6122
7140,6786
7141,6785
7142,6783
7143,6781
7144,6446
7145,6444
7146,6659
7147,6654
7148,6441
7149,5723
7150,5712
7151,6246
7152,6326
7153,
7154,
7155,
7156,6641
7157,3041
7158,6673
7159,6547
7160,3310
7161,3251
7162,6147
7163,2474
7164,5528
7165,
7167,
7168,6286
7169,6278
7170,6278
7171,4269
7172,4549
7173,6577
7175,6780
7176,6662
7177,
7178,4518
7179,
7180,5346
7181,
7182,
7183,
7184,
7185,
7186,
7187,5992
7188,6636
7189,
7190,
7191,6493
7192,3041
7193,6286
7194,4269
7195,1721
7196,6800
7197,6122
7198,3249
7199,4518
7200,
7201,
7202,5992
7203,
7204,6614
7205,6480
7206,
7207,
7208,
7209,
7210,328
7211,6278
7212,5993
7213,6824
7214,5992
7215,6831
7216,6821
7217,6822
7218,5973
7219,6577
7220,6820
7221,5104
7222,
7223,
7224,
7225,6662
7226,5724
7227,5559
7228,
7229,
7230,5346
7231,5559
7232,
7233,5992
7234,
7235,
7236,
7237,6599
7238,6122
7239,328
7240,4269
7241,4518
7242,328
7243,2929
7244,6800
7245,5104
7246,6780
7247,5269
7248,6032
7249,6854
7250,6687
7251,6723
7252,6786
7253,6577
7254,6578
7255,6064
7256,4519
7257,4269
7258,6830
7259,6122
7260,6621
7261,6622
7262,6623
7263,6628
7264,6630
7265,6631
7266,6631
7267,6581
7268,6580
7269,6579
7270,6804
7271,6540
7272,
7273,5793
7274,6802
7275,6801
7276,6803
7277,6668
7278,6369
7279,
7280,6760
7281,4454
7282,6772
7283,6769
7284,6762
7285,6689
7286,6706
7287,6369
7288,5726
7289,6783
7290,6781
7291,5712
7292,6036
7293,
7294,5346
7295,
7296,
7297,
7298,5992
7299,
7300,
7301,6286
7302,6278
7303,4269
7304,6278
7305,1721
7306,328
7308,6589
7309,6731
7310,6732
7311,4758
7312,5233
7313,6870
7314,6857
7315,6458
7316,3964
7317,4549
7318,6511
7319,6673
7320,6672
7321,5890
7322,6867
7323,6509
7324,6034
7325,6777
7326,6775
7327,6793
7328,6814
7329,6037
7330,6767
7331,6859
7332,6818
7333,6813
7334,6571
7335,6812
7337,6615
7338,6868
7340,6816
7341,6188
7342,5905
7343,4204
7344,4135
7345,6043
7346,
7347,3310
7348,3310
7349,3310
7350,3310
7361,2474
7362,5581
7363,
7364,
7365,
7366,
7367,4518
7368,
7369,5992
7370,6286
7371,6278
7372,328
7373,4269
7374,2922
7375,1721
7376,
7377,5976
7378,6800
7379,6880
7380,6584
7381,6585
7382,6803
7383,
7384,3981
7385,3203
7386,6871
7387,6795
7388,6794
7389,3212
7390,
7391,
7392,
7393,4518
7394,
7395,
7396,
7397,
7398,1721
7399,4269
7400,4907
7401,5976
7402,2922
7403,3041
7404,2929
7405,5603
7406,5602
7407,5593
7408,6031
7409,6032
7410,6036
7411,6615
7412,5353
7413,
7414,4518
7415,3201
7416,
7417,5346
7418,
7419,
7420,3581
7421,
7423,
7424,
7425,4269
7426,4269
7427,6278
7428,4907
7429,5975
7430,328
7431,6476
7432,6800
7433,5107
7434,5559
7436,6681
7437,
7438,
7439,6286
7440,6286
7441,4908
7442,
7443,4269
7444,324
7445,5976
7446,
7447,
7448,
7449,
7450,4518
7451,5992
7452,
7453,
7454,
7455,
7456,5353
7457,6122
7458,6615
7459,
7460,6780
7461,6122
7462,5711
7463,6782
7464,5633
7465,5217
7466,6887
7467,5151
7468,6036
7469,6695
7470,5107
7471,6691
7472,6246
7473,6884
7474,5965
7475,6578
7476,6689
7477,
7478,6577
7479,6462
7480,6723
7481,6644
7482,6579
7483,6581
7484,6580
7485,6582
7486,6697
7487,6706
7488,5793
7489,
7490,6922
7491,6924
7492,6885
7493,6899
7495,6910
7496,5905
7497,6231
7498,6934
7499,6933
7500,5930
7502,6932
7503,6941
7504,6547
7505,5992
7506,6037
7507,6031
7508,6032
7509,6036
7510,6034
7511,6896
7512,5590
7513,5591
7514,6883
7515,6882
7516,6891
7517,5603
7518,5602
7519,
7520,6942
7521,4519
7522,5986
7523,4781
7525,6692
7526,6694
7527,5992
7528,6624
7529,6625
7530,
7531,
7532,4518
7534,6427
7535,
7536,6891
7537,5603
7538,5602
7539,6386
7540,
7541,5875
7542,
7543,
7544,
7545,
7546,5346
7547,6389
7548,5963
7549,6951
7550,4525
7551,6955
7552,6939
7553,6954
7554,
7555,6626
7556,6627
7557,6628
7558,6629
7559,6960
7560,6630
7561,6863
7562,3041
7563,4269
7564,6243
7565,6742
7566,6742
7567,3249
7568,
7569,
7570,5346
7571,6681
7572,
7573,5992
7574,4518
7575,6272
7576,4908
7577,6286
7578,6278
7579,3041
7580,4269
7581,2922
7582,1721
7583,5976
7584,328
7585,
7586,6953
7587,6476
7588,5107
7589,6921
7590,4519
7591,4269
7592,6122
7593,6826
7594,6825
7596,6793
7597,5711
7599,
7600,
7602,
7603,4518
7604,
7605,
7606,6286
7607,6278
7608,5474
7609,4269
7610,4269
7611,5553
7612,2929
7613,5976
7614,6867
7615,6940
7616,6920
7617,6975
7618,6912
7619,6911
7620,
7621,
7623,5992
7625,
7626,
7627,
7628,5346
7629,
7630,5992
7631,2563
7632,5095
7633,5094
7634,6984
7635,5107
7636,5091
7637,5099
7638,7005
7639,6793
7640,6812
7641,6863
7642,6859
7643,6569
7644,6568
7645,6509
7647,
7648,5559
7649,5559
7650,
7651,4518
7652,
7653,
7654,
7655,5992
7656,
7657,6427
7658,6237
7659,6286
7660,4269
7661,4907
7662,5474
7663,5976
7664,328
7665,
7666,
7667,
7668,
7669,
7670,
7671,
7672,
7673,
7674,327
7675,5389
7676,6243
7677,6742
7678,6272
7679,6630
7680,6976
7681,6980
7682,5793
7683,6803
7684,5394
7685,5396
7686,5395
7687,7059
7688,6974
7689,6978
7690,6977
7691,6946
7692,6581
7693,6580
7694,6579
7695,6961
7696,6978
7697,6706
7698,6697
7699,7039
7700,
7701,7047
7702,6541
7703,6122
7704,6783
7705,
7706,6547
7707,6925
7708,6933
7709,6511
7710,4758
7711,5233
7712,6941
7713,6932
7714,7006
7715,6883
7716,6851
7717,6916
7718,6238
7719,5892
7720,5353
7721,6237
7722,5591
7723,6882
7724,7032
7725,7027
7726,7003
7727,7002
7728,5465
7729,6034
7730,6895
7731,7005
7732,6731
7733,6733
7734,6902
7735,7016
7736,6986
7737,6739
7738,6738
7739,6734
7740,6669
7741,6833
7742,6832
7743,6971
7744,6970
7745,6945
7746,6996
7747,6995
7748,7028
7749,6950
7750,6913
7751,6154
7752,6967
7753,3956
7754,6368
7755,6315
7756,6367
7757,7038
7758,6966
7759,6985
7760,4781
7761,6958
7762,6957
7763,4204
7764,6939
7765,
7766,
7767,
7768,
7770,2929
7771,4269
7772,5474
7773,5976
7774,6599
7775,
7776,6034
7777,7087
7778,6890
7779,6692
7780,6890
7782,6694
7783,6696
7784,6630
7785,5992
7786,7091
7787,6624
7788,6948
7789,6793
7790,6031
7791,6895
7792,6032
7793,5346
7794,5559
7795,
7796,7061
7797,
7798,4518
7799,
7800,
7801,
7802,4518
7803,
7804,6034
7805,6636
7806,1721
7807,2149
7808,6243
7809,2922
7810,6980
7811,3432
7812,6540
7813,5992
7814,327
7815,4269
7816,6278
7817,6412
7818,2922
7819,5976
7820,5390
7821,5890
7822,4269
7823,4519
7824,7025
7825,7014
7826,7015
7827,7050
7828,7030
7829,7049
7830,7105
7831,7107
7832,7106
7833,5091
7834,7097
7835,2905
7836,6272
7837,6783
7838,7111
7839,7112
7840,6660
7841,7049
7842,5559
7843,
7844,5346
7845,
7846,
7847,
7848,4518
7849,5992
7850,7043
7851,324
7852,6556
7853,6310
7854,
7855,6742
7856,6540
7857,5976
7858,1721
7859,6278
7860,7116
7861,4269
7862,7117
7863,6839
7864,
7865,2929
7866,6427
7867,6489
7868,7017
7869,6569
7870,6032
7871,6031
7872,6895
7873,7073
7874,4177
7875,6581
7876,6946
7877,5091
7878,7097
7879,5947
7880,7059
7881,6980
7882,6988
7883,6989
7884,6990
7885,6991
7886,6993
7887,6992
7888,6868
7889,7119
7890,5084
7891,6984
7892,6583
7893,6581
7894,6933
7895,6929
7896,7127
7897,3375
7898,6032
7899,6034
7900,6895
7901,4518
7902,
7903,
7904,7043
7905,5976
7906,324
7907,6742
7908,6742
7909,327
7910,3985
7911,3985
7912,3985
7913,3985
7914,3985
7915,3985
7916,3985
7917,3985
7918,3985
7919,3985
7920,3985
7921,3985
7922,3985
7923,6286
7924,6975
7925,7131
7926,6070
7927,6243
7928,6742
7929,6540
7930,3041
7931,5389
7932,2371
7933,6286
7934,6278
7935,5993
7936,5474
7937,4269
7938,4518
7939,7119
7940,
7941,5976
7942,
7943,7043
7944,5992
7945,6427
7946,7007
7947,
7948,
7949,
7950,6742
7951,
7952,
7953,
7954,
7955,7097
7956,5104
7957,6509
7958,6571
7959,7094
7960,6672
7961,5590
7962,6851
7963,6615
7964,6867
7965,7151
7966,6238
7967,5892
7968,6237
7969,6673
7970,6966
7971,6985
7972,7038
7973,7116
7974,6995
7975,7225
7976,6989
7977,6988
7978,6993
7979,6789
7980,7005
7981,6068
7982,6581
7983,6577
7984,7110
7985,6072
7986,6073
7987,7152
7988,6077
7989,7118
7990,7059
7991,7059
7992,6964
7993,6964
7994,6961
7995,6961
7996,6978
7997,6964
7998,6964
7999,6964
8000,6961
8001,6961
8002,6286
8003,7016
8004,7134
8005,7135
8006,6925
8007,5711
8008,6787
8009,
8010,
8011,4519
8012,7157
8013,5099
8014,6058
8015,5104
8016,5104
8017,7158
8018,7162
8019,6951
8020,7075
8021,
8022,2371
8023,4518
8024,324
8025,6286
8026,5474
8027,4269
8028,5553
8029,324
8030,
8031,
8032,
8033,
8034,
8035,7101
8036,7053
8037,7052
8038,7054
8039,6929
8040,6952
8041,7084
8042,7126
8043,6981
8044,6976
8046,6721
8047,7175
8048,6706
8049,6697
8050,6889
8051,6889
8052,7161
8053,6630
8054,6960
8055,6632
8056,7176
8057,7177
8058,7178
8059,6625
8060,7179
8061,6868
8062,7180
8063,6509
8064,5107
8065,5099
8066,7159
8067,6541
8068,
8069,
8070,4518
8071,4518
8072,5992
8073,
8074,
8075,7043
8076,6278
8077,2922
8078,4269
8079,6286
8080,5390
8081,5976
8082,6742
8083,327
8084,7002
8085,7182
8086,6547
8087,7184
8088,6941
8089,7188
8090,7190
8091,6986
8092,7173
8093,7170
8094,7196
8095,6738
8096,6833
8097,6832
8098,7133
8099,6970
8100,7174
8101,
8102,4518
8103,
8104,4269
8105,4269
8106,6286
8107,6278
8108,4907
8109,2922
8110,5976
8111,6286
8112,6557
8113,324
8114,7209
8115,7003
8116,6916
8117,5591
8118,
8119,6916
8120,7220
8121,5353
8122,6882
8123,6932
8124,7225
8125,6882
8126,5353
8127,4518
8128,2563
8129,4518
8130,
8131,
8132,4269
8133,5474
8134,2922
8136,6988
8137,
8138,
8139,
8140,
8141,
8142,
8143,5992
8144,
8145,7210
8146,7162
8147,6932
8148,7045
8149,6286
8150,6278
8151,4518
8152,4269
8153,2929
8154,
8155,
8156,2922
8157,7059
8158,6556
8159,
8160,6540
8161,7169
8162,6986
8163,7005
8164,7134
8165,7173
8166,7174
8176,7252
8177,6993
8179,7253
8180,6989
8181,7230
8182,7148
8183,7028
8184,6950
8185,6913
8186,6154
8187,7089
8188,5107
8189,7249
8190,7194
8191,6034
8192,7195
8193,7194
8194,7240
8195,5104
8196,7191
8197,7192
8198,7193
8199,6961
8200,7161
8201,6961
8202,7133
8203,6970
8204,6738
8205,6832
8206,6734
8207,7170
8208,6068
8212,4549
8213,6070
8215,6941
8216,7188
8217,7190
8218,7236
8219,7241
8220,7210
8221,7251
8222,7219
8223,7218
8224,7217
8225,7258
8226,7256
8227,7208
8228,7122
8229,7221
8230,7257
8231,7136
8232,7159
8233,6946
8234,7222
8235,6071
8236,7223
8237,6069
8238,6072
8239,
8240,7250
8241,5390
8242,5474
8243,6782
8244,6784
8245,6787
8246,7213
8247,7232
8248,7233
8249,7129
8250,4454
8251,7216
8252,7246
8253,6959
8254,7092
8255,6058
8256,6697
8257,6689
8258,7260
8259,6742
8260,
8261,
8262,4519
8263,7105
8264,7254
8265,
8266,4518
8267,4518
8268,5992
8269,4269
8270,
8271,6286
8272,328
8273,
8274,2563
8275,
8276,2929
8277,6742
8278,6742
8279,6540
8280,7075
8281,
8282,6916
8283,
8284,
8285,6547
8286,6630
8287,7264
8288,7272
8289,6509
8290,5992
8291,7262
8292,5992
8293,7263
8294,7266
8295,7268
8296,7274
8297,6883
8298,7299
8299,
8300,
8301,4518
8302,4518
8303,
8304,
8305,
8306,6272
8307,5390
8308,327
8309,6959
8310,4188
8311,7308
8312,7305
8313,7314
8314,6962
8315,6959
8316,3310
8321,3310
8322,3310
8323,3310
8324,3310
8325,3310
8326,3310
8327,3310
8328,3310
8329,6951
8330,6951
8331,6951
8332,6962
8333,6962
8334,6959
8335,5353
8336,6239
8337,6882
8338,5591
8339,6867
8340,6883
8341,5107
8342,7315
8343,4518
8344,
8345,
8346,6278
8347,4269
8348,
8349,4519
8351,
8352,7300
8353,7302
8354,7332
8355,7333
8356,5992
8357,6630
8358,
8359,
8360,5992
8361,5403
8362,6278
8363,6286
8364,4269
8365,2929
8366,7209
8367,384
8369,5390
8370,6540
8371,6245
8372,7076
8373,
8374,
8375,
8376,
8377,
8378,
8379,6626
8380,5992
8381,
8382,6122
8383,
8384,2588
8385,7368
8386,
8387,
8388,
8389,6960
8390,7176
8391,7361
8392,7375
8393,7253
8394,7225
8395,7357
8396,7369
8397,7367
8398,7148
8399,7028
8400,7089
8401,
8402,6989
8403,6959
8404,6988
8406,7348
8407,4188
8408,5890
8409,5390
8410,6867
8411,7340
8412,7160
8414,7380
8416,6239
8417,5591
8418,7032
8419,7331
8420,7389
8421,7159
8422,7210
8423,7188
8424,4549
8425,7190
8426,7327
8428,6933
8429,4758
8430,6925
8431,7236
8432,6999
8433,6122
8435,7127
8436,7157
8437,7174
8438,7170
8439,6058
8440,5082
8441,6734
8442,7365
8443,7347
8444,7346
8445,5105
8446,7345
8447,7255
8448,5103
8449,7134
8450,7310
8451,7169
8452,7360
8453,7005
8454,5786
8455,5520
8456,7133
8457,6803
8458,7311
8459,5793
8460,7303
8461,7364
8462,6738
8463,7363
8464,6902
8465,7306
8466,6961
8467,6961
8468,6489
8469,7201
8470,7229
8471,7227
8472,7271
8473,7299
8474,7206
8475,7335
8476,7325
8477,6064
8478,6068
8479,7376
8480,7221
8481,7371
8482,
8483,7277
8485,6742
8486,4269
8487,2564
8488,5880
8489,6540
8490,6272
8491,7333
8492,7341
8493,7342
8494,6692
8495,7343
8496,
8497,7366
8498,
8499,
8500,
8501,
8502,5389
8503,6751
8504,7076
8505,5389
8506,7350
8507,7354
8508,7358
8509,7356
8510,7355
8511,7337
8512,7338
8513,7339
8514,5736
8515,7336
8516,7130
8518,6404
8519,6821
8520,7329
8521,7349
8522,7339
8523,7386
8524,7402
8525,6883
8526,7276
8527,5353
8528,7321
8529,4549
8532,7387
8533,7403
8534,4279
8535,1721
8536,5474
8537,2922
8538,6557
8539,4653
8540,6043
8541,
8542,5403
8543,4518
8544,7433
8545,4518
8546,7410
8547,7410
8548,7412
8549,5992
8550,7176
8551,
8552,
8553,
8554,
8555,
8556,
8557,
8558,2563
8559,5403
8560,
8561,6272
8562,7032
8563,7357
8564,7225
8565,7190
8566,7437
8567,
8568,327
8569,6753
8570,327
8571,5963
8572,356
8573,6310
8574,
8575,
8576,
8577,
8578,2563
8579,4518
8580,
8581,7204
8582,
8583,6286
8584,
8585,5975
8586,
8587,7289
8588,7379
8589,7386
8590,7385
8591,6720
8592,4518
8593,7245
8594,
8595,2563
8596,
8597,
8598,6929
8599,
8600,
8601,7057
8602,6688
8603,6742
8604,327
8605,5992
8606,327
8607,7315
8608,5093
8609,6058
8610,5107
8611,5082
8612,
8613,
8614,
8615,6272
8616,
8617,
8618,
8619,
8620,6310
8621,
8622,
8623,327
8624,7467
8625,327
8626,
8627,
8628,
8629,5975
8630,7245
8631,
8632,
8633,
8634,6547
8635,7190
8636,7498
8637,7437
8638,4549
8639,7387
8640,7034
8641,7527
8642,7503
8643,6734
8644,7310
8645,7169
8646,7005
8647,7470
8648,7402
8649,5353
8650,6867
8651,7497
8652,7482
8653,7481
8654,7365
8655,5107
8656,6058
8657,7315
8658,
8660,5403
8661,7528
8664,
8665,
8666,7366
8667,7253
8669,7410
8670,7412
8671,7411
8672,7286
8673,7426
8674,
8675,7426
8676,7286
8677,7426
8678,7555
8679,6964
8680,7287
8681,7525
8682,7381
8683,7525
8684,7380
8685,7380
8686,7335
8687,7299
8688,7263
8689,7334
8690,7343
8691,7489
8692,7349
8693,7486
8694,7490
8695,7356
8696,7492
8697,7491
8698,7487
8699,7488
8700,7355
8701,5103
8702,4269
8703,
8704,
8705,4518
8706,
8707,
8708,
8709,
8710,7245
8711,6734
8712,6689
8713,7462
8714,7493
8715,7435
8716,6068
8717,7428
8718,7494
8719,7539
8720,7542
8721,7502
8722,7546
8723,7544
8724,7500
8725,7530
8726,7531
8727,7554
8728,
8729,7286
8730,7387
8731,7259
8732,7052
8733,7460
8734,7551
8735,7473
8736,7553
8737,7552
8738,
8739,
8740,7310
8741,7345
8742,7365
8743,7255
8744,7483
8745,7169
8746,7437
8747,4518
8748,
8749,
8750,
8751,4518
8752,5992
8753,
8754,
8755,5975
8756,6286
8757,6565
8758,6757
8759,6542
8760,5903
8761,7299
8762,7590
8763,7530
8764,7554
8765,6547
8766,7366
8767,7527
8769,5992
8770,7599
8771,
8772,4518
8773,2563
8774,6272
8775,
8776,7591
8777,6636
8778,7526
8779,7204
8780,6961
8781,6893
8782,5353
8783,5992
8784,7369
8785,7367
8786,7253
8787,7260
8788,6925
8789,7321
8790,7527
8791,4549
8792,7585
8793,7603
8794,7169
8795,7005
8796,7380
8797,7565
8798,6893
8799,7605
8800,7564
8801,7299
8802,7188
8803,7034
8804,7236
8805,7032
8806,5591
8808,7497
8809,7482
8810,7148
8811,7028
8812,6154
8813,7471
8814,7346
8815,7133
8816,7311
8817,7303
8818,6738
8820,6956
8821,6188
8822,5905
8823,7229
8824,7227
8825,7563
8826,7560
8827,7561
8828,7440
8829,6967
8830,7195
8831,7195
8832,7195
8833,7444
8834,7486
8835,7607
8836,7488
8837,7410
8838,7344
8839,5107
8840,6064
8841,7315
8842,5104
8843,7411
8844,7588
8845,6288
8846,6720
8847,7588
8848,7588
8849,
8850,7588
8851,7588
8852,7401
8853,7399
8854,7400
8855,7398
8856,6742
8857,
8858,5982
8859,4269
8860,2564
8861,7570
8862,7159
8863,7404
8864,7405
8865,5708
8866,6962
8867,7255
8868,7528
8869,7455
8870,7457
8871,7459
8872,7366
8873,7387
8874,7491
8875,7492
8876,7591
8877,6636
8878,
8879,
8880,
8881,4518
8882,
8883,
8884,
8885,
8886,6272
8887,
8888,7605
8889,5992
8890,5992
8891,
8892,
8893,
8894,4518
8895,7263
8896,7654
8897,7653
8898,7599
8899,7655
8900,7501
8901,7546
8902,7539
8903,7471
8904,7605
8905,
8906,7605
8907,7634
8908,356
8909,6243
8910,7410
8911,7204
8912,5992
8913,6636
8914,
8915,3041
8916,
8917,6734
8918,
8919,7672
8920,7378
8921,7369
8922,7378
8923,7378
8924,7685
8925,6262
8926,7482
8927,6239
8928,
8929,
8930,2563
8931,7709
8932,7293
8933,7225
8934,5992
8935,4518
8936,
8937,6636
8938,
8939,
8940,7634
8941,7491
8942,7605
8943,7599
8944,7387
8945,
8946,
8947,
8948,6925
8949,7321
8950,7724
8951,3310
8952,7628
8953,7528
8954,7369
8955,7034
8956,6734
8957,
8958,
8959,4518
8960,2563
8961,5992
8962,
8963,
8964,
8965,7634
8966,7255
8967,7739
8968,7741
8969,7743
8970,7692
8971,
8972,
8973,7777
8974,6925
8975,5353
8976,5591
8977,4549
8978,7652
8979,
8980,7689
8981,7740
8982,7623
8983,7604
8984,
8985,
8986,
8987,
8988,
8989,2563
8990,7467
8991,7255
8992,
8995,7735
8996,7561
8997,7562
8998,7563
8999,7564
9000,7558
9001,7565
9003,7729
9004,7728
9005,7678
9007,7680
9008,7588
9009,
9010,7588
9012,6738
9013,7032
9014,7663
9015,7715
9016,7634
9017,7255
9018,7782
9019,7652
9021,7415
9022,7321
9023,4549
9024,7741
9026,7567
9027,7683
9028,
9029,7702
9030,7630
9031,7718
9032,7703
9033,7673
9034,7674
9035,7676
9036,7678
9037,7677
9038,7632
9039,7792
9040,7378
9041,7378
9042,7379
9043,7450
9044,7787
9045,7529
9046,5353
9047,6239
9048,7717
9050,7276
9051,7628
9052,7699
9053,7688
9054,7130
9055,6821
9056,7698
9057,7101
9058,6404
9059,5736
9060,7687
9061,7740
9062,7336
9063,7556
9064,7056
9065,2568
9066,2568
9067,3310
9068,7695
9069,7694
9070,7690
9071,7682
9072,7644
9073,7643
9074,7645
9075,7665
9076,7605
9077,7277
9078,7683
9079,7278
9080,
9081,7279
9082,4549
9084,7709
9085,6734
9086,6688
9087,
9088,
9089,
9090,
9091,
9092,6272
9093,7747
9094,6967
9095,7440
9097,5107
9098,5088
9099,7782
9100,7634
9101,7255
9102,7481
9103,7803
9104,6262
9105,7723
9106,7722
9107,6734
9108,5353
9109,7366
9110,7797
9111,7034
9114,
9115,
9116,7605
9118,6742
9119,4269
9120,2564
9121,
9122,4518
9123,
9124,5992
9125,4518
9126,
9127,
9128,
9129,
9130,7366
9131,7803
9132,
9133,7711
9134,
9135,7502
9136,7685
9137,7481
9138,7814
9139,7727
9140,2563
9141,7566
9143,6262
9144,7566
9145,7709
9146,4518
9147,7344
9148,5591
9149,5591
9150,7366
9151,
9152,
9153,4518
9154,5992
9155,7599
9156,7812
9157,7566
9158,7599
9159,7813
9160,7828
9161,7827
9162,7595
9163,7814
9164,6286
9165,
9166,7136
9168,7008
9169,
9170,
9171,6925
9172,7869
9173,7868
9174,7837
9175,7703
9176,7706
9177,7814
9178,7883
9179,7867
9180,7870
9181,
9182,
9183,
9184,5389
9185,7076
9186,6742
9187,
9188,
9189,7043
9190,
9191,
9192,
9193,4518
9194,7867
9195,7882
9196,6967
9197,6262
9198,7735
9199,7685
9200,7907
9201,7871
9202,7481
9203,7366
9204,7888
9205,4549
9206,
9207,7695
9208,7277
9210,
9211,
9212,5107
9213,7782
9214,7255
9215,7634
9216,7792
9217,7849
9218,7841
9219,7674
9220,7416
9221,7676
9222,7677
9223,7875
9224,7161
9225,7712
9227,7712
9228,7564
9229,6893
9230,6893
9231,7738
9232,7757
9233,7799
9234,7708
9235,7651
9236,7650
9237,7657
9238,
9239,7436
9240,7747
9241,7758
9242,6694
9243,7746
9244,6717
9245,5890
9246,6060
9247,6065
9249,7713
9251,7870
9252,4781
9253,6958
9254,6957
9255,7866
9256,7872
9258,6376
9259,6378
9260,7468
9261,7139
9262,
9263,
9264,4908
9265,6286
9266,6278
9267,4269
9268,2922
9269,7209
9270,
9271,
9272,
9273,7845
9274,7846
9275,7792
9276,7709
9277,4269
9278,3992
9279,5982
9280,6742
9281,7884
9282,7405
9283,7909
9284,7885
9285,7891
9286,7890
9287,7886
9288,7889
9289,7892
9290,7646
9291,7779
9292,7902
9293,7572
9294,6188
9295,7599
9296,7729
9297,6547
9298,7034
9299,4549
9300,7918
9301,7874
9302,7933
9303,7028
9304,7867
9305,7740
9306,2563
9307,
9308,
9309,4518
9310,4518
9311,
9313,
9314,
9315,
9316,
9317,
9318,
9319,
9320,5390
9321,7076
9322,
9323,4519
9324,
9325,6967
9326,7943
9327,7225
9328,7089
9329,7481
9330,7871
9331,7907
9332,7236
9333,7677
9334,7427
9335,7874
9336,7255
9337,5107
9338,7883
9339,4518
9340,5992
9341,6272
9342,
9343,
9344,
9345,
9346,
9347,
9348,6742
9349,5390
9350,7584
9351,
9352,7712
9353,
9354,
9355,5107
9356,7255
9357,7978
9358,7977
9359,7976
9360,7980
9361,7979
9362,
9363,
9364,7989
9365,7918
9366,5992
9367,4518
9368,6272
9369,2563
9370,
9371,
9372,
9373,7584
9374,4269
9375,
9376,6286
9377,7209
9378,7907
9379,8020
9380,7032
9381,
9382,
9383,
9384,5992
9385,8007
9386,8012
9387,8011
9388,8016
9389,8015
9390,8014
9391,8013
9392,7803
9393,2563
9394,4518
9395,
9396,
9397,
9398,
9399,2922
9400,4269
9401,6286
9402,7209
9403,4908
9404,
9405,7978
9406,8021
9407,7685
9408,8054
9409,
9410,7977
9411,7980
9412,8053
9413,7979
9414,8020
9415,7669
9416,7907
9417,7909
9418,8006
9419,7669
9420,
9421,7225
9422,7089
9423,8061
9424,8060
9425,7747
9426,7883
9427,7034
9428,4549
9429,8066
9430,8065
9431,8007
9432,7867
9433,5591
9434,7989
9435,5890
9436,7946
9438,7803
9439,8019
9440,7245
9441,7245
9442,8064
9443,7908
9444,8022
9445,7674
9446,7676
9447,
9448,6065
9449,6060
9450,7712
9451,7378
9452,7951
9453,5992
9454,4518
9455,2563
9456,
9457,
9458,
9459,
9460,
9461,5107
9462,7255
9463,7366
9464,8086
9465,7313
9466,
9467,7430
9468,6064
9469,7888
9470,7918
9471,7883
9472,7470
9473,7895
9474,7895
9475,7896
9476,7897
9477,7898
9478,7899
9479,8090
9480,4518
9481,5992
9482,
9483,7034
9484,7032
9485,7685
9486,8092
9487,8089
9488,
9489,
9490,
9491,
9492,7657
9493,7749
9494,7751
9495,
9496,7277
9497,7605
9498,7740
9499,7409
9500,6003
9501,8093
9502,7740
9503,6547
9504,
9505,7605
9506,
9507,7277
9508,
9509,8082
9510,
9512,
9513,
9514,7908
9515,
9516,4518
9517,8100
9518,8100
9519,
9520,5992
9521,5992
9522,
9523,2563
9524,8060
9525,8115
9526,8102
9527,8104
9528,8103
9529,8105
9530,8056
9531,7366
9532,
9533,5992
9534,7245
9535,4518
9536,5992
9537,
9538,
9539,8131
9540,8100
9541,
9543,7907
9544,
9545,7043
9547,
9548,
9549,
9550,
9551,
9552,6742
9553,8064
9554,7908
9555,3249
9556,5390
9557,7076
9558,7584
9559,
9560,
9561,5992
9562,
9563,8167
9564,7032
9565,8159
9566,8157
9567,7740
9568,8171
9569,8172
9570,8175
9571,8158
9572,8176
9573,5353
9574,5890
9575,8177
9576,7867
9577,8080
9578,7946
9579,
9580,7707
9581,8178
9582,7697
9583,7697
9584,7697
9585,6547
9587,7034
9588,8115
9589,8118
9590,7293
9591,7751
9592,7752
9593,8056
9594,8056
9595,7397
9596,
9597,8071
9598,8071
9599,8163
9600,8117
9601,8162
9602,6308
9603,8138
9609,8153
9610,4781
9614,8001
9615,7945
9616,7943
9617,5905
9618,8067
9619,
9620,5403
9621,
9622,5992
9623,2563
9624,
9625,
9626,
9627,
9628,
9629,
9630,7584
9631,356
9632,7454
9633,
9634,
9635,
9636,7584
9637,4269
9638,4269
9639,
9640,6286
9641,2922
9642,
9643,6286
9644,
9645,
9647,
9648,
9649,
9650,
9651,
9652,
9653,
9654,
9655,
9656,7573
9657,8183
9658,8057
9659,8091
9660,7952
9661,
9662,7709
9663,8130
9664,8200
9665,8198
9666,8199
9667,8167
9668,8189
9669,8196
9671,8201
9672,8187
9673,8140
9674,7895
9675,7593
9676,2919
9677,8140
9678,8181
9679,8180
9680,8179
9681,8179
9682,8185
9683,8184
9684,8182
9685,8114
9686,8092
9687,8160
9688,8127
9689,8204
9690,5107
9691,4269
9692,3992
9694,7570
9696,5880
9697,6742
9698,4519
9699,7749
9700,3249
9701,7750
9702,7756
9703,2563
9704,5591
9705,6742
9706,8174
9707,7008
9708,5390
9709,409
9710,
9711,
9712,
9713,8100
9714,
9715,5992
9716,5403
9717,8211
9718,2563
9719,
9720,
9721,
9722,7755
9723,7750
9724,7260
9725,7759
9726,7660
9727,6719
9729,7747
9730,8100
9731,7659
9732,6705
9733,8167
9734,5559
9735,
9736,
9737,
9738,
9739,4518
9740,
9741,
9742,
9743,
9744,
9745,
9746,
9747,7760
9748,5107
9749,8249
9750,8247
9751,8242
9752,8248
9753,8237
9754,8238
9755,8082
9756,8100
9757,
9758,5992
9759,8263
9760,8167
9761,8189
9762,8259
9763,8260
9764,
9765,
9766,3581
9767,5346
9768,
9769,
9770,
9771,8187
9772,7454
9773,7076
9774,3249
9775,7454
9776,5390
9777,
9778,
9779,
9780,4269
9781,6286
9782,
9783,7818
9784,5992
9785,5403
9786,5891
9787,7032
9788,8240
9789,8239
9790,8233
9791,8235
9792,8246
9793,5098
9794,8241
9795,5992
9796,
9797,
9798,
9799,
9800,
9801,
9802,
9803,3249
9804,5390
9805,7076
9806,6742
9807,
9808,6286
9809,4269
9810,
9811,5992
9812,2563
9813,8226
9814,8193
9815,8227
9816,8193
9817,8228
9818,8056
9819,8226
9820,8255
9821,8189
9822,8211
9823,8193
9824,8227
9825,5353
9826,7032
9827,5890
9828,5591
9829,8193
9830,
9831,5891
9833,7867
9834,6547
9835,8197
9836,4549
9837,7034
9838,8214
9839,8215
9840,8012
9841,8011
9842,8216
9843,7306
9844,7709
9845,8196
9846,8210
9847,8288
9848,8295
9849,8292
9850,8291
9851,8290
9852,8289
9853,7225
9854,7089
9855,7139
9856,7028
9857,8296
9858,8092
9859,8239
9860,8235
9861,5098
9862,7628
9863,6692
9864,7343
9865,8139
9866,8138
9867,8231
9868,7840
9869,7840
9870,7993
9871,8140
9872,7853
9873,8140
9874,8224
9875,8224
9876,8208
9877,8173
9878,8166
9879,8150
9880,8149
9881,7983
9882,8287
9883,8267
9884,8271
9885,7353
9886,7712
9887,7378
9888,7821
9889,7462
9890,5947
9891,4562
9892,6200
9893,6200
9894,5992
9895,8268
9896,
9897,5346
9898,
9899,
9900,
9901,
9902,
9903,8027
9904,356
9905,6286
9906,
9907,
9908,
9909,
9910,
9911,8238
9912,
9913,
9914,
9915,7573
9916,8184
9917,8182
9918,8180
9919,7884
9920,8184
9921,
9922,8331
9923,7909
9924,
9925,
9926,
9927,
9928,
9929,
9930,
9931,6742
9932,3249
9933,7584
9934,3041
9935,5390
9937,
9938,
9939,
9940,
9941,
9942,
9943,
9944,4269
9946,6286
9947,4269
9948,5880
9949,7209
9950,6286
9951,
9952,4766
9953,8330
9954,
9955,
9957,
9958,
9959,8343
9960,7076
9961,356
9962,7584
9963,
9964,
9965,
9966,
9967,5992
9968,
9969,7260
9970,
9971,
9972,8196
9973,8210
9974,8363
9975,7306
9976,4766
9977,3967
9978,8353
9979,5098
9980,5098
9981,7628
9982,7255
9983,8338
9984,5947
9985,4562
9986,8264
9987,7740
9988,8173
9989,8178
9990,8166
9991,8151
9992,8140
9993,7853
9994,8328
9995,
9996,
9997,
9998,8100
9999,
10000,8211
10001,
10002,
10003,
10004,5403
10005,
10006,
10007,6751
10008,8341
10009,4428
10010,4459
10011,7584
10012,
10013,7043
10014,
10015,7280
10016,7283
10017,
10018,7868
10019,8369
10020,8287
10021,8370
10022,8271
10023,8372
10024,8373
10025,8226
10026,8104
10027,8103
10028,8105
10029,7909
10030,7281
10032,8295
10033,8291
10034,8290
10036,8336
10037,8375
10038,7578
10039,7575
10040,7459
10041,8182
10042,8376
10043,8376
10044,8376
10045,4269
10046,6742
10047,
10048,8265
10049,8355
10050,8258
10051,6547
10052,7281
10053,7282
10054,7284
10055,
10056,
10057,
10060,8169
10061,7034
10064,7740
10065,8150
10066,7840
10067,7840
10068,8328
10069,7965
10070,8100
10071,4518
10072,
10073,
10074,
10075,
10076,327
10077,2689
10078,
10079,
10080,6176
10081,
10082,8211
10083,7660
10084,7260
10085,7343
10086,6705
10087,6272
10088,
10089,7225
10090,7089
10091,
10092,
10093,2563
10094,4518
10095,
10096,
10097,
10098,
10099,
10100,7043
10101,5992
10102,
10103,6286
10104,4269
10105,2922
10106,
10107,8413
10108,8412
10109,8411
10110,8414
10111,5891
10113,8382
10114,8380
10115,
10116,8281
10117,8336
10118,8359
10119,7909
10120,8280
10122,
10123,
10124,
10125,4518
10126,
10127,
10128,
10129,7584
10130,8326
10131,
10132,8341
10133,
10134,
10135,6286
10136,8419
10137,2687
10138,
10139,
10140,
10141,
10142,
10143,8416
10144,
10145,8392
10146,8295
10147,8421
10148,5891
10150,6910
10151,8279
10152,7089
10153,3956
10154,6368
10155,6367
10156,6315
10157,8420
10158,6547
10159,7034
10161,8390
10162,4549
10164,4549
10165,5890
10166,8424
10167,5891
10168,8196
10169,8288
10170,8289
10171,
10172,
10173,7043
10174,
10175,
10176,
10177,
10178,
10179,4518
10180,
10181,
10182,
10183,
10184,
10185,7788
10186,6755
10187,7584
10188,
10189,8268
10190,
10191,
10192,5992
10193,7921
10194,6755
10195,6755
10196,7575
10197,8377
10198,7255
10199,8338
10200,7628
10201,6117
10202,8215
10203,6062
10204,6061
10205,8430
10206,8178
10207,8392
10208,8178
10209,7840
10210,8208
10211,8436
10212,8433
10213,8178
10214,8150
10215,8149
10216,8391
10217,8428
10218,7264
10219,7245
10220,8439
10221,8441
10222,8178
10223,
10224,
10225,7427
10226,7427
10227,8380
10228,8290
10229,8211
10230,7867
10231,8435
10232,6742
10233,4269
10234,7570
10235,8300
10236,5403
10237,
10238,6692
10240,6705
10241,7754
10242,7753
10243,7751
10244,7749
10245,7750
10246,8447
10247,7657
10248,7748
10249,8387
10250,8386
10251,8387
10252,8386
10253,
10254,4518
10255,
10256,
10257,
10258,
10259,
10260,8100
10261,8472
10263,8468
10264,7798
10265,8485
10266,8486
10267,
10268,
10269,5992
10270,
10271,6272
10272,
10273,4269
10274,7209
10275,6286
10276,7209
10277,8495
10278,8506
10279,7286
10280,8457
10281,8500
10282,8482
10283,8512
10285,4518
10286,
10287,
10288,
10289,
10290,7277
10291,8532
10292,8531
10293,8115
10294,6272
10295,
10297,8529
10298,8470
10299,8485
10300,8337
10301,6286
10302,
10303,
10304,7043
10305,
10306,
10307,
10308,6742
10309,7584
10310,7779
10311,4269
10312,7412
10313,7209
10314,
10315,6272
10316,6286
10317,4557
10318,
10319,
10320,
10322,
10323,
10324,
10325,
10326,
10327,
10328,
10329,
10330,
10331,
10332,
10333,
10334,
10335,
10336,
10337,7628
10338,7255
10339,8338
10341,
10342,
10343,
10344,8100
10345,
10346,
10347,8437
10348,
10350,
10351,5874
10352,
10353,
10354,
10355,
10356,
10357,
10358,8375
10359,8581
10360,8529
10362,8543
10363,8579
10364,8654
10365,8578
10366,8577
10367,7034
10368,7660
10369,6547
10370,8485
10371,8505
10373,8363
10374,5890
10375,5891
10376,8435
10377,6701
10378,7953
10379,6702
10380,8587
10381,7747
10382,7756
10383,8576
10384,
10385,8484
10386,8540
10387,8534
10388,8589
10389,8588
10390,8178
10391,
10392,8436
10393,8328
10394,8561
10395,8565
10396,5873
10397,8564
10398,5947
10399,8539
10400,7804
10401,6200
10402,7462
10403,8256
10404,8360
10405,8361
10406,8362
10407,6821
10408,5736
10409,8536
10410,7556
10411,8211
10412,7687
10413,7277
10414,
10415,5992
10416,
10417,5992
10418,8476
10419,5992
10420,
10421,5992
10422,
10423,
10424,
10425,8100
10426,
10427,
10429,6742
10431,7136
10432,7584
10433,7008
10434,4269
10435,
10436,7575
10437,6742
10438,8586
10439,8479
10440,8474
10441,8562
10442,
10443,8615
10444,8519
10445,8542
10446,8571
10447,8574
10448,8575
10449,8603
10450,8580
10451,6731
10453,8629
10454,8620
10455,8561
10456,8602
10457,8100
10458,
10459,8605
10460,
10461,
10462,
10463,
10464,
10465,4518
10466,7136
10467,8373
10468,8636
10469,8633
10470,8634
10471,
10472,
10473,5890
10474,5891
10475,8435
10476,8614
10477,
10478,
10479,
10480,5559
10481,
10482,4907
10483,
10484,5559
10485,
10486,5353
10487,
10488,
10489,
10490,
10491,
10492,4908
10493,
10494,4518
10495,
10496,8102
10497,8102
10498,
10499,
10500,8100
10501,
10502,6272
10503,
10504,6286
10505,6278
10506,4269
10507,
10508,8422
10509,327
10510,7584
10511,4269
10512,6742
10513,5403
10514,8487
10515,7628
10516,7255
10517,8338
10518,8649
10519,8648
10520,8657
10521,8648
10522,8645
10523,8560
10524,8667
10525,8654
10526,8665
10527,8666
10528,8633
10529,8558
10530,8543
10531,8661
10532,8505
10533,8658
10534,8390
10535,4549
10536,5353
10537,7571
10538,5891
10539,5890
10540,7577
10541,8580
10542,6731
10544,8289
10545,8462
10546,7336
10547,8629
10548,
10549,8591
10550,8592
10551,
10552,
10553,
10554,
10555,5992
10556,
10557,8678
10558,8642
10559,8620
10560,8664
10561,2920
10562,4557
10563,8677
10564,6200
10565,8662
10566,8632
10567,7464
10568,8590
10569,6200
10570,8684
10571,8679
10572,
10573,7584
10574,
10575,
10576,7043
10577,6286
10578,4269
10579,
10580,
10581,
10582,4518
10583,
10584,
10585,
10586,7584
10587,6742
10588,7136
10589,8692
10590,8688
10591,
10592,8689
10593,8620
10594,6062
10595,8473
10596,8697
10597,8694
10598,8493
10599,8685
10600,8698
10601,6547
10602,8360
10603,8362
10604,8624
10605,8194
10606,7336
10607,8593
10608,
10609,8638
10610,7556
10611,
10614,
10615,8574
10616,6742
10617,8575
10618,8675
10619,8467
10620,8673
10621,8656
10622,8443
10623,7332
10624,8696
10625,7747
10626,8486
10627,4518
10628,
10629,
10630,
10631,2563
10632,
10633,
10634,
10635,8295
10636,8704
10637,6217
10638,8712
10639,8708
10640,8295
10641,
10642,
10643,
10644,
10645,4518
10646,2563
10647,8100
10648,6286
10649,
10650,
10651,4269
10652,
10653,4908
10654,6754
10655,8680
10656,
10657,8705
10658,8600
10659,8716
10660,
10661,8543
10662,8739
10663,8604
10664,4518
10665,
10666,
10667,
10668,
10669,
10670,2563
10671,8100
10672,6272
10673,8417
10674,327
10675,6742
10676,356
10677,5903
10678,
10679,
10680,7788
10681,
10682,5890
10683,8065
10684,4582
10685,8256
10686,8362
10687,6404
10688,8755
10689,3446
10690,7953
10691,8447
10692,8582
10693,8673
10694,
10695,
10696,
10697,
10698,8100
10699,
10700,
10701,
10702,6272
10703,6272
10704,7788
10705,327
10706,327
10707,7076
10708,6742
10709,8657
10710,8747
10711,8692
10712,8688
10713,4549
10714,8770
10715,8543
10716,5890
10717,8604
10718,3956
10719,6368
10720,6315
10721,8711
10723,8447
10724,6742
10725,3413
10726,8507
10727,8256
10728,8755
10729,8103
10730,8784
10731,
10732,8103
10733,8103
10734,8723
10735,5992
10736,8642
10737,5992
10738,8722
10739,8679
10740,
10741,
10742,7245
10743,8771
10744,
10745,
10746,8669
10747,8504
10748,8774
10749,
10750,
10751,
10752,8710
10753,8707
10754,8599
10755,8892
10756,8103
10757,7740
10758,7740
10759,
10760,8776
10761,8785
10762,8748
10763,8772
10764,8151
10765,8624
10766,8194
10767,8477
10768,7628
10769,7628
10770,8714
10771,8558
10772,8487
10773,5107
10774,8725
10775,8625
10776,8757
10777,8754
10778,7329
10779,8675
10780,5736
10781,5924
10782,8792
10783,8467
10784,5354
10785,8612
10788,7798
10789,8100
10790,
10791,
10792,7076
10793,356
10794,4269
10795,324
10796,6742
10797,
10798,
10799,
10800,
10801,5353
10802,8813
10803,8811
10804,8812
10805,8821
10806,8814
10807,3310
10808,8654
10809,8102
10810,8654
10811,
10812,
10813,8100
10814,8654
10815,8829
10816,8613
10817,8821
10818,7756
10819,8612
10820,
10821,
10822,
10823,
10824,
10825,
10826,
10827,
10828,
10829,3249
10830,
10831,5891
10833,8829
10834,8851
10835,8293
10836,6714
10837,6716
10838,6715
10839,6721
10840,6706
10841,8719
10842,8611
10843,5591
10844,5353
10845,8869
10846,7798
10847,
10848,
10849,2687
10850,
10851,6272
10852,4518
10853,8720
10854,
10855,8100
10856,
10857,
10859,
10860,3249
10861,7584
10862,327
10863,4907
10864,6742
10865,5403
10866,6465
10867,8898
10868,8103
10869,8103
10870,8849
10871,4518
10872,
10873,8910
10874,8908
10875,8907
10876,
10877,6368
10878,
10879,
10880,
10881,
10882,
10883,8910
10884,8908
10885,4549
10887,8939
10888,5891
10889,7798
10890,3956
10891,6368
10892,6742
10894,8898
10895,
10896,5992
10897,
10898,
10899,6715
10900,8467
10901,7574
10902,7576
10903,8909
10904,8938
10905,8937
10906,8936
10907,8935
10908,8934
10909,8654
10910,8657
10911,8943
10912,8944
10913,8828
10914,6547
10915,5890
10916,8844
10917,6707
10918,8900
10919,8642
10920,8774
10921,8105
10922,8146
10923,8925
10924,8395
10925,8856
10926,8942
10927,8942
10928,8890
10929,8882
10930,8879
10931,7416
10932,8830
10933,8830
10934,8872
10935,8875
10936,5948
10937,8901
10938,8103
10939,8105
10940,8113
10941,8146
10942,8663
10943,8663
10944,8892
10945,8642
10946,8100
10947,
10948,
10949,8530
10950,8774
10951,
10952,
10953,8952
10954,8777
10955,8895
10956,8894
10957,8893
10958,8570
10959,6715
10961,8828
10962,8740
10963,8467
10964,8930
10965,8945
10967,3310
10968,8103
10969,8654
10970,8103
10971,
10972,
10973,5975
10974,
10975,
10976,
10977,327
10978,6742
10979,8192
10980,3249
10981,4908
10982,
10983,8100
10984,8913
10985,4269
10986,6286
10987,
10988,
10989,8778
10990,8971
10991,7245
10992,8293
10993,6288
10994,6288
10995,8990
10996,4549
10997,8944
10998,8100
10999,
11000,2563
11001,2563
11002,4269
11003,4269
11004,6286
11005,
11006,7245
11007,
11008,
11009,2563
11010,
11011,8720
11012,5890
11013,7798
11014,8462
11015,9006
11016,8293
11017,9004
11018,9003
11019,9001
11020,8999
11021,8982
11022,9016
11023,3310
11024,3310
11025,3310
11026,3310
11027,3310
11028,3310
11029,9946
11030,10205
11036,9150
11050,9018
11052,4549
11053,8100
11054,
11055,
11056,7136
11057,7788
11058,4269
11059,6749
11060,356
11061,
11062,7076
11063,8978
11064,
11065,
11066,6286
11067,328
11068,
11069,4269
11070,
11071,9022
11072,8898
11073,8754
11074,8755
11075,8755
11076,8869
11077,8821
11078,8952
11079,7245
11080,8711
11081,8950
11082,8950
11083,
11084,
11085,
11086,
11087,
11088,
11089,8978
11090,324
11091,3249
11092,8976
11093,7076
11094,8100
11095,
11096,
11097,
11098,4518
11099,5474
11100,
11101,
11102,
11103,9022
11104,3432
11105,2687
11106,6176
11107,
11108,4269
11109,6286
11110,
11111,
11112,
11113,
11114,9039
11115,5992
11116,5992
11117,5992
11118,9024
11119,6742
11121,8944
11122,9045
11123,6547
11124,8105
11125,8113
11126,8679
11127,8970
11128,9044
11129,9046
11130,9048
11131,9049
11132,9050
11133,9047
11134,9051
11135,8997
11136,7223
11137,6066
11138,8877
11139,9009
11140,9007
11141,8663
11142,8977
11143,8830
11144,8996
11145,8875
11146,8994
11147,8995
11148,9033
11149,5947
11150,
11151,
11152,8999
11153,8711
11154,7798
11155,8974
11156,8930
11157,8945
11158,8927
11159,
11160,4518
11161,8100
11162,7427
11163,8100
11164,
11165,
11166,
11167,
11168,9032
11169,
11170,
11171,7574
11173,9080
11174,7576
11175,8478
11176,8654
11177,4269
11178,3992
11179,7570
11180,8929
11181,9066
11182,8926
11183,7365
11184,8439
11185,8441
11186,8838
11187,8928
11188,8891
11189,9068
11190,9069
11191,9073
11192,9074
11193,9075
11194,4518
11195,8103
11196,5992
11197,8100
11200,8755
11201,8869
11202,
11203,
11204,
11205,
11206,2563
11207,
11208,8978
11209,8192
11210,7076
11211,7584
11212,
11213,4269
11214,
11215,6286
11216,
11217,
11218,
11219,
11220,
11221,
11222,
11223,
11224,8103
11226,8642
11227,8892
11228,8395
11229,8146
11230,8900
11233,8654
11234,8934
11235,8935
11236,8936
11237,8937
11238,8938
11239,8909
11240,7574
11241,8467
11242,6715
11243,5992
11244,
11245,8898
11246,6742
11253,8642
11255,8774
11256,8925
11257,8105
11259,8100
11260,
11261,
11262,
11263,8872
11264,8898
11265,8654
11266,8945
11267,8467
11268,8740
11269,6715
11270,8894
11271,8895
11274,
11275,5948
11276,7416
11277,6707
11278,8844
11281,
11284,8901
11285,8856
11286,8103
11287,8942
11288,
11289,
11290,6286
11291,4269
11292,8913
11294,3249
11295,327
11297,
11298,
11299,
11300,8100
11301,6742
11302,8875
11306,6288
11307,6288
11308,8293
11309,8103
11310,8930
11311,8570
11312,8893
11313,8663
11314,8663
11315,8146
11316,8830
11318,
11319,8192
11320,8890
11321,4908
11322,4518
11323,8105
11324,8942
11325,
11326,
11327,
11328,6286
11329,4269
11330,4269
11331,2563
11332,6286
11335,4907
11337,8754
11342,8293
11346,8720
11347,7245
11350,8830
11352,
11355,8113
11356,8882
11357,4269
11358,328
11359,6286
11360,
11362,356
11365,7076
11371,8821
11372,8869
11373,8755
11376,8978
11382,6749
11384,8879
11385,
11386,9149
11387,7798
11388,9082
11389,9175
11390,9178
11392,9016
11393,6731
11394,9169
11395,9019
11396,9150
11397,9018
11398,
11399,8944
11400,9143
11401,8657
11402,8529
11403,9030
11406,9185
11407,9186
11416,9143
11417,
11418,
11419,
11420,8100
11421,
11422,
11423,
11424,
11425,4907
11426,
11427,6272
11428,9206
11429,9165
11430,8913
11431,8105
11432,8913
11433,9179
11435,7245
11436,2563
11437,4518
11438,9201
11439,9149
11440,
11442,5346
11443,
11444,
11445,
11446,8100
11447,
11448,
11449,
11450,
11451,4518
11452,9219
11453,9082
11454,5354
11455,2563
11456,
11457,5905
11458,6719
11459,7758
11460,8118
11461,9146
11462,8944
11463,9225
11464,7514
11465,7515
11466,7516
11467,7514
11468,7514
11469,7515
11470,8625
11471,8346
11472,9185
11473,5905
11474,9196
11475,9138
11476,9139
11477,9140
11478,9141
11479,8872
11480,9221
11481,9083
11482,9228
11483,9229
11484,9223
11485,8106
11486,8107
11487,8951
11488,8942
11489,7740
11490,8467
11491,9078
11492,9018
11493,9199
11494,9202
11495,9177
11496,9222
11497,5947
11498,8875
11499,8995
11500,8844
11501,6716
11502,6715
11503,6689
11504,7761
11505,7341
11506,7574
11507,7576
11508,8929
11509,9210
11510,4269
11511,8422
11512,3992
11513,9217
11514,9218
11515,8654
11516,6731
11518,9187
11519,9186
11520,9190
11521,7329
11522,6742
11523,9204
11524,8104
11525,8654
11526,9232
11527,9019
11529,7528
11530,
11531,
11532,6286
11533,
11534,4269
11535,8913
11536,
11537,
11538,
11539,9235
11540,9233
11541,
11542,
11543,
11544,5353
11545,
11546,4269
11547,7076
11548,4908
11549,327
11550,8978
11551,
11552,4307
11553,
11555,
11556,
11557,9169
11558,7764
11559,9243
11560,8844
11561,7341
11562,9206
11563,
11565,
11566,2563
11567,8100
11568,6272
11569,
11570,
11571,9233
11572,
11573,9178
11574,
11575,
11576,
11577,4269
11578,6286
11579,
11580,
11581,5975
11582,
11583,
11584,
11585,
11586,
11587,
11588,
11589,5353
11590,9149
11591,9198
11592,9197
11593,5591
11594,4549
11595,5891
11596,9082
11597,8629
11598,2563
11599,7427
11600,
11601,4269
11602,
11603,6286
11604,
11605,8307
11606,
11607,5975
11608,
11609,
11611,
11613,
11614,
11615,
11616,
11617,
11619,9284
11620,
11621,9269
11622,9270
11623,9272
11624,9295
11625,
11626,
11628,4518
11629,9168
11630,6286
11631,
11632,4908
11633,
11634,7076
11635,9244
11636,5992
11637,5346
11638,
11639,6272
11640,
11641,7245
11642,
11643,9313
11644,9306
11645,8708
11646,6731
11647,9303
11648,9276
11650,9323
11651,
11652,7245
11653,5992
11654,
11655,2563
11656,9101
11658,
11659,9305
11660,8467
11661,9164
11662,8913
11663,4269
11664,6286
11665,
11666,
11667,7788
11668,8978
11669,4269
11670,7008
11671,7584
11672,6646
11673,
11674,
11675,
11676,
11677,9206
11678,9370
11679,9336
11680,9335
11681,9333
11682,9332
11683,9270
11684,5890
11685,7515
11686,7516
11687,7514
11688,9164
11690,9188
11691,7522
11692,5992
11693,9198
11694,7576
11695,5992
11696,7576
11697,9286
11698,9290
11699,9188
11700,9293
11701,9315
11702,9190
11704,9323
11705,5992
11706,8346
11707,6742
11708,9314
11709,8757
11710,9204
11711,9317
11712,9331
11713,9314
11714,8104
11715,3310
11716,8654
11717,7528
11718,9019
11719,9228
11720,9228
11721,9229
11722,9229
11723,9167
11724,9167
11725,9167
11726,9167
11727,8218
11728,9311
11729,9251
11730,9244
11731,9244
11732,8942
11733,8942
11734,8107
11735,9321
11736,8100
11737,9396
11738,5098
11739,9025
11740,9041
11741,9312
11742,9318
11743,7651
11744,7651
11745,9023
11746,8654
11747,4269
11748,7570
11749,4519
11750,9261
11751,9272
11752,9320
11753,6731
11754,9186
11755,9187
11756,
11757,8978
11758,327
11759,7584
11760,4908
11761,7245
11762,8100
11763,
11764,8100
11765,
11766,
11767,8100
11768,8913
11769,4269
11770,9378
11771,9270
11772,5891
11773,9395
11774,9380
11775,9295
11776,6719
11777,8868
11778,9394
11779,7341
11780,7759
11781,9177
11782,7756
11783,9369
11784,8851
11785,8839
11786,9337
11787,9243
11788,4584
11789,9257
11790,
11791,
11792,
11793,
11794,
11796,
11797,
11798,
11799,7584
11800,4269
11801,6742
11802,7788
11803,
11804,8211
11805,
11806,6646
11807,9178
11808,4269
11809,4907
11810,5891
11811,9409
11812,
11813,9381
11814,7241
11815,9270
11816,9198
11817,9413
11818,9412
11819,
11820,4269
11821,6286
11822,
11823,8913
11824,8218
11825,7584
11826,8978
11827,6247
11828,
11829,4908
11830,
11831,
11832,
11833,9409
11834,7241
11835,6646
11836,5337
11837,3432
11838,2687
11839,
11840,8507
11841,5891
11842,
11843,9042
11844,6651
11845,8100
11846,4269
11847,
11848,
11849,
11850,
11851,
11852,
11853,
11854,
11855,
11856,8100
11857,2563
11858,
11859,
11860,
11861,
11862,
11863,5353
11864,5337
11865,8211
11866,6176
11867,
11868,
11869,5353
11870,6263
11871,
11872,9425
11873,6883
11874,9462
11875,9464
11876,356
11877,9463
11878,7584
11879,7788
11880,5561
11881,
11882,5354
11883,4269
11884,8779
11885,6286
11886,8981
11887,8913
11888,
11889,
11890,
11891,
11892,9467
11893,9277
11894,
11895,9206
11896,8629
11897,9426
11898,9439
11899,9469
11900,9042
11902,7576
11903,9000
11904,7579
11905,9467
11907,6731
11909,9270
11910,9392
11911,9462
11912,9507
11913,9243
11914,7687
11915,7687
11916,9459
11917,9314
11918,9314
11919,9204
11920,9204
11921,9440
11922,9293
11923,9281
11924,9281
11925,9427
11926,9281
11927,5992
11928,7516
11931,9188
11932,9188
11933,5992
11934,9190
11935,9190
11936,9191
11937,9191
11938,7517
11939,9454
11940,9441
11941,6742
11942,9286
11943,8194
11944,8654
11945,9167
11946,9415
11947,7818
11948,9417
11949,9311
11950,9448
11951,9334
11952,9447
11953,9257
11954,9228
11955,9229
11956,9403
11957,9429
11958,9164
11959,9035
11960,9035
11961,9164
11962,9035
11963,9406
11964,
11965,
11966,9401
11967,
11968,
11969,9401
11970,
11971,4071
11972,
11973,7740
11974,
11975,7740
11976,
11977,4908
11978,
11979,9282
11980,9282
11981,9280
11982,9417
11983,9421
11984,9502
11985,9508
11986,9396
11987,8868
11988,8784
11989,9508
11990,9509
11991,9509
11992,9421
11993,9218
11994,7570
11995,9083
11996,7570
11997,4269
11998,9103
11999,4269
12000,9088
12001,9086
12002,4519
12003,9402
12004,9416
12005,5880
12006,9222
12007,3413
12010,9511
12011,9512
12012,9512
12013,9513
12014,9456
12015,
12016,
12017,9373
12018,8104
12019,3310
12020,9019
12021,7628
12022,9379
12023,9441
12024,7740
12025,8755
12026,9523
12027,9521
12028,9323
12029,7277
12030,9323
12031,5353
12032,9515
12033,9443
12034,9190
12035,9190
12036,9522
12037,
12038,
12039,
12040,7076
12041,9307
12042,7584
12043,
12044,2148
12045,
12046,9507
12047,5591
12048,9426
12049,1786
12050,9518
12051,9519
12052,8417
12053,
12054,9426
12055,
12056,8912
12057,
12058,
12059,
12060,9460
12061,
12062,
12063,8346
12064,4269
12065,
12066,
12067,327
12068,
12069,
12070,
12071,
12072,
12073,
12074,
12076,
12077,5992
12078,327
12079,8981
12080,328
12081,9549
12082,
12083,6286
12084,
12085,4269
12086,
12087,986
12088,9550
12089,7584
12090,
12091,
12092,8346
12093,
12094,9541
12095,9301
12096,9521
12097,7752
12098,9173
12099,6716
12100,7584
12102,
12103,8978
12104,6286
12105,4269
12106,7788
12107,
12108,8507
12109,
12110,8826
12111,
12112,5353
12113,9323
12114,
12115,
12116,
12117,
12118,9571
12119,9516
12120,9439
12121,8654
12122,7528
12123,9019
12124,7763
12125,8629
12126,9000
12127,
12128,
12129,
12130,9164
12131,
12132,9244
12133,7076
12134,7584
12135,8978
12136,4908
12137,8100
12138,
12139,9168
12140,
12141,
12142,
12143,5403
12144,
12145,4269
12146,
12147,
12148,6286
12149,
12150,2563
12151,
12152,324
12153,
12154,
12155,8100
12156,9262
12157,7763
12158,6742
12159,9204
12160,8362
12161,8754
12162,9314
12163,9458
12164,9566
12165,9458
12166,9458
12167,
12168,
12169,
12170,5992
12171,5992
12172,
12173,9524
12174,7517
12175,
12176,7517
12177,7517
12178,7519
12179,7519
12180,7520
12181,7520
12182,7518
12183,7518
12184,9424
12185,7765
12186,8840
12187,8841
12188,8843
12189,9429
12190,9429
12191,9393
12192,9431
12193,9433
12194,9433
12195,9035
12196,9406
12197,9406
12198,9036
12199,9088
12200,9086
12201,9086
12202,9084
12203,9084
12204,9103
12205,9586
12206,9586
12207,9586
12208,9585
12209,9585
12210,9502
12211,9164
12212,9509
12213,9510
12214,9509
12215,9510
12216,9510
12217,9512
12218,9512
12219,9513
12220,9513
12221,9513
12222,7740
12223,9025
12224,6200
12225,9222
12226,6200
12227,8913
12228,
12229,9576
12230,4908
12231,9293
12232,
12233,8779
12234,8194
12235,8654
12237,9348
12238,7570
12239,5880
12240,9523
12241,9579
12242,9444
12243,9446
12244,9445
12245,6176
12246,9270
12247,9564
12248,9189
12249,9189
12250,
12251,8100
12252,
12253,
12254,
12255,6636
12256,5353
12257,
12258,7245
12259,9595
12260,9596
12261,8346
12262,9462
12263,9416
12264,9621
12265,
12266,7752
12267,7751
12268,
12269,
12270,
12271,2563
12272,
12273,
12274,
12275,
12276,5992
12277,9630
12278,
12279,2774
12280,9635
12281,9868
12282,9622
12283,9587
12284,
12285,9324
12286,6465
12287,8898
12288,
12289,
12290,
12291,
12292,
12293,
12294,8100
12295,
12296,
12297,
12298,6646
12299,2687
12300,
12301,
12302,9314
12303,8529
12305,9870
12306,9625
12307,9877
12308,9876
12309,9875
12310,9872
12311,9087
12312,9871
12313,8061
12314,9087
12315,9087
12316,9529
12317,9430
12318,9429
12319,9429
12320,9431
12321,9406
12322,9588
12323,9036
12324,9588
12325,9501
12326,7740
12327,6200
12328,7740
12329,6200
12330,
12331,9404
12332,9499
12333,9510
12334,9513
12335,9497
12336,9529
12337,9404
12338,4907
12339,9246
12340,9247
12341,
12342,
12343,
12345,
12346,
12347,9892
12348,
12349,
12350,4269
12351,
12352,
12353,
12354,9277
12355,
12356,2774
12357,
12358,4518
12359,
12360,
12361,5891
12362,7518
12363,
12364,7518
12365,7798
12366,9206
12367,9895
12368,9879
12369,7518
12371,7518
12372,7518
12373,7518
12374,9524
12376,6731
12377,9000
12378,9636
12379,9272
12380,5992
12381,9912
12382,6176
12383,9869
12384,9866
12385,9459
12387,9903
12388,8942
12389,8964
12390,9890
12391,9204
12392,6742
12393,9257
12394,9906
12395,9622
12396,9045
12397,9045
12398,7757
12399,9578
12400,6697
12401,
12402,5992
12403,9908
12404,9164
12405,8346
12406,9905
12407,9904
12408,9911
12409,9907
12410,9912
12411,
12412,
12413,4518
12415,
12416,
12417,9340
12418,4908
12419,9913
12420,9896
12421,
12422,8978
12423,9458
12424,9458
12425,
12427,6547
12428,
12429,5992
12430,
12431,
12432,9262
12433,9622
12434,9932
12435,9931
12436,9933
12437,8163
12438,9579
12439,5992
12440,9915
12441,9945
12442,
12443,4518
12444,
12445,
12446,
12447,
12448,
12449,9950
12450,9954
12451,7740
12452,9949
12453,
12454,5992
12455,
12456,
12457,
12458,
12459,
12460,
12461,8720
12462,
12464,9925
12465,9976
12466,8100
12467,5992
12468,
12469,9977
12470,9943
12471,9523
12472,7740
12473,7528
12474,9946
12475,9977
12476,7740
12477,
12478,
12479,
12480,1751
12481,
12482,
12483,
12484,
12485,8750
12486,
12487,
12488,
12489,
12490,
12491,5346
12492,
12493,
12494,8100
12495,
12496,9963
12497,9262
12498,9272
12499,9915
12500,9636
12501,6731
12502,9977
12503,9982
12504,9912
12505,9912
12506,9981
12507,10025
12508,9946
12509,9992
12510,9990
12511,6176
12512,3609
12513,6742
12514,9204
12515,10026
12516,9944
12518,10031
12519,9936
12520,9939
12521,6368
12522,9616
12523,9617
12524,9938
12525,9937
12526,
12527,
12528,
12529,
12530,
12531,
12532,
12533,
12534,2774
12535,6749
12536,9532
12537,
12538,10010
12539,10003
12540,10012
12541,
12542,
12543,7341
12544,10044
12545,9439
12546,
12547,7740
12548,
12549,9921
12550,
12551,2563
12552,
12553,
12554,4518
12555,7750
12556,9439
12557,10050
12558,9314
12559,7518
12560,5992
12561,7518
12562,5992
12563,
12564,5992
12565,
12566,
12567,
12568,9456
12569,
12570,7518
12571,5992
12572,5992
12573,8964
12574,6697
12575,5992
12576,10052
12577,9458
12578,
12579,
12580,
12581,7245
12582,
12583,
12584,
12585,
12586,
12587,9551
12588,10073
12589,10056
12590,10059
12591,10069
12592,10007
12593,7576
12594,7740
12595,9977
12596,10045
12597,9107
12598,9483
12599,9035
12600,9036
12601,9404
12602,9925
12603,10082
12604,10080
12606,10077
12607,10076
12608,10075
12609,10066
12610,10068
12611,10065
12612,9389
12613,9387
12614,9387
12615,9588
12616,9588
12617,9588
12618,9921
12619,10083
12620,9922
12621,9035
12622,10071
12623,9960
12624,9860
12625,9279
12626,9046
12627,9883
12628,9929
12629,9917
12630,10074
12631,9949
12632,10049
12633,10040
12634,4269
12635,7570
12636,10007
12637,2922
12638,10084
12639,10085
12640,9985
12641,9986
12642,9987
12643,9988
12644,10088
12645,10094
12646,10089
12647,8587
12648,10075
12649,9324
12650,10094
12651,
12652,10047
12653,3310
12654,
12655,
12656,
12657,
12658,
12659,
12660,
12662,10104
12663,9996
12664,
12665,10110
12666,10069
12667,
12668,
12669,
12670,
12671,5346
12672,
12673,
12674,
12675,4269
12676,8913
12677,
12678,
12679,7076
12680,
12681,356
12682,
12683,10098
12684,9913
12685,10124
12686,
12687,9383
12688,324
12689,
12690,6176
12691,
12692,
12693,6368
12694,8293
12695,10117
12696,10113
12697,10112
12698,10116
12699,10114
12700,10095
12701,10172
12702,
12703,9551
12705,10189
12706,10187
12707,
12708,
12709,
12710,
12711,4269
12712,10098
12713,10124
12714,4518
12715,7788
12716,
12717,8346
12718,4269
12719,
12720,2929
12721,
12722,
12723,356
12724,5975
12725,
12726,
12727,8417
12728,
12729,10187
12730,10189
12731,
12732,3956
12733,9944
12734,
12735,
12736,
12737,2563
12738,5474
12739,
12740,9551
12741,
12742,
12743,
12744,
12745,
12746,
12747,
12748,
12749,
12750,
12751,
12752,
12753,
12754,
12755,
12756,
12757,
12758,
12759,5992
12760,5992
12761,10069
12762,10185
12763,10186
12764,10037
12765,9324
12766,10094
12767,10094
12768,6742
12769,8256
12770,3446
12771,9204
12772,9243
12773,9324
12774,10094
12775,5992
12776,7245
12777,
12778,10204
12779,10199
12780,9279
12781,9279
12782,7740
12783,9279
12784,9049
12785,7740
12786,9318
12787,8913
12788,10171
12789,10121
12790,10119
12791,10201
12792,10170
12793,3310
12794,9433
12795,10012
12796,10003
12797,10072
12798,10072
12799,9045
12800,10047
12801,7528
12802,9588
12803,10045
12804,9086
12805,8913
12806,7740
12807,10198
12808,10203
12809,9944
12810,10189
12811,9459
12812,9203
12813,10202
12814,9389
12815,9387
12816,9049
12817,10193
12818,9270
12819,9988
12820,10107
12821,9912
12822,10077
12824,5532
12825,9499
12827,9492
12828,9472
12829,9475
12830,9474
12831,9996
12832,10001
12833,10009
12834,10213
12835,
12836,2774
12837,7245
12838,9456
12839,
12840,
12841,
12842,
12843,9458
12844,
12845,9458
12846,
12847,5992
12848,
12849,10041
12850,7008
12851,10180
12852,8346
12853,10209
12854,10056
12855,5354
12856,10107
12857,10225
12858,10077
12859,10076
12860,6681
12861,2148
12862,9520
12863,10054
12864,9457
12865,
12866,2148
12867,2148
12868,
12869,9944
12870,5874
12871,10203
12872,10187
12873,
12874,
12875,
12876,7245
12877,
12878,10203
12879,10187
12880,10253
12881,7341
12882,10162
12883,10195
12884,10182
12885,10117
12886,9936
12888,10243
12889,10232
12890,10105
12891,8700
12892,6742
12893,
12894,8529
12895,10167
12896,10076
12897,10077
12899,
12900,10187
12901,
12902,8293
12903,
12904,
12905,
12906,
12907,
12908,
12909,
12910,
12911,
12912,
12913,10262
12914,10069
12915,10260
12916,10261
12917,4518
12918,
12919,9001
12920,9972
12921,9939
12922,9938
12923,9937
12924,9045
12926,7570
12927,8566
12928,4269
12929,4908
12930,10168
12931,10007
12932,7576
12933,7579
12934,10093
12935,9964
12936,10170
12937,10191
12938,10083
12939,10062
12940,9573
13017,9045
13018,10084
13019,10085
13020,9544
13021,10284
13022,
13023,2687
13024,
13025,
13026,
13027,
13028,
13029,
13030,4519
13031,10287
13032,10263
13033,2687
13034,6286
13035,
13036,10188
13037,
13038,9043
13039,10194
13040,10265
13041,10296
13042,9544
13043,9246
13044,9527
13045,9247
13046,6547
13047,7579
13048,5992
13049,
13050,
13051,10286
13052,10305
13053,10304
13054,10285
13055,10279
13056,327
13057,7076
13058,324
13059,10311
13060,
13061,
13062,
13063,
13064,
13065,
13066,4269
13067,
13068,
13069,
13070,
13071,
13072,10264
13073,8319
13074,8319
13075,9458
13076,
13077,
13078,6547
13079,10367
13080,
13081,
13082,
13083,
13084,
13085,7245
13086,
13088,
13089,
13090,
13091,4269
13092,9468
13093,
13094,6286
13095,8913
13096,2774
13097,9082
13098,9515
13099,
13100,
13101,2687
13102,
13103,
13104,5992
13105,10286
13106,10380
13107,10241
13108,10242
13109,10243
13110,
13111,
13112,
13113,7277
13114,10389
13115,9324
13116,10366
13117,10046
13118,10390
13119,9456
13120,10094
13121,9960
13122,10094
13123,9616
13124,9617
13125,3609
13126,
13128,10037
13129,6742
13130,10381
13131,10026
13132,10378
13133,9242
13134,9564
13135,9049
13136,10069
13137,9912
13138,9047
13139,10370
13140,10368
13141,10391
13142,10105
13143,9432
13144,10076
13145,8580
13146,10302
13147,10077
13148,9529
13149,9937
13150,10369
13151,10314
13152,9588
13153,9089
13154,9119
13155,9134
13156,9134
13157,10046
13158,9594
13159,10263
13160,9203
13161,9387
13162,9384
13163,9388
13164,10015
13165,10016
13166,10017
13167,10018
13168,10020
13169,9472
13170,9473
13171,10308
13172,9475
13173,9474
13174,6496
13175,
13176,10382
13177,9045
13178,9456
13179,
13180,
13181,
13183,10397
13184,10260
13185,10188
13186,10386
13187,
13188,
13189,
13190,
13191,
13192,
13193,
13194,
13195,
13196,
13197,
13198,
13199,
13200,
13201,
13202,8913
13203,
13204,
13205,4269
13206,6286
13207,
13208,
13209,5992
13210,4269
13211,
13212,8566
13213,
13214,7245
13215,10363
13216,
13218,10383
13219,
13220,10094
13221,10284
13222,9458
13223,10384
13224,10322
13225,10403
13226,10327
13227,10402
13228,7570
13229,10324
13230,10379
13231,4519
13232,10399
13233,10242
13234,10404
13235,10411
13236,10399
13237,
13238,
13239,10407
13240,9580
13241,10061
13242,10412
13243,10412
13245,7245
13246,3310
13247,10223
13248,10415
13255,10425
13256,10426
13257,10409
13258,10367
13259,10076
13260,10232
13261,10408
13262,6547
13263,10420
13264,10421
13265,7752
13266,5559
13267,
13268,
13269,5992
13270,
13271,
13272,
13273,
13274,
13275,
13276,
13277,7245
13278,8100
13279,10433
13280,10069
13281,10439
13282,10291
13283,10400
13284,
13285,4518
13286,
13288,10442
13289,
13290,10435
13291,10434
13292,10422
13293,10436
13294,10437
13295,10438
13296,10445
13297,10425
13298,
13299,
13300,
13301,
13302,7245
13303,
13304,
13305,
13306,10447
13307,
13308,2687
13309,
13310,
13311,
13312,10389
13313,
13314,5992
13315,9925
13316,10476
13317,10410
13318,6697
13319,10477
13320,7245
13321,
13322,
13323,
13324,
13325,
13326,
13327,
13328,
13329,10447
13330,
13331,10467
13332,5346
13333,
13334,
13335,9383
13336,7076
13337,
13338,10478
13339,10459
13340,10444
13341,10455
13342,10391
13343,
13344,10378
13345,
13346,10370
13347,8100
13348,10447
13349,
13350,
13351,
13352,8100
13353,10023
13354,4269
13355,
13356,8913
13357,6286
13358,9383
13359,7788
13360,324
13361,10467
13362,7584
13363,10317
13364,5992
13365,
13366,
13367,8100
13368,
13369,6547
13370,10105
13371,10378
13372,10168
13373,10424
13374,10477
13375,9442
13376,10476
13377,7579
13378,10384
13379,10532
13380,7245
13381,10426
13382,
13383,10223
13384,10223
13385,9946
13386,10047
13387,3310
13388,9573
13389,
13390,
13391,
13392,10537
13393,10539
13394,
13395,8100
13396,10345
13397,10348
13398,10341
13399,10343
13400,10344
13401,9388
13402,9384
13403,9385
13404,10512
13405,9988
13406,10536
13407,9279
13408,10538
13409,9588
13410,9588
13411,10021
13412,10302
13413,9529
13414,10443
13415,9934
13416,
13417,10542
13418,9935
13419,
13420,5992
13421,10545
13422,10232
13423,10450
13424,10408
13425,
13426,
13427,
13428,
13429,327
13430,356
13431,5319
13432,4908
13433,
13434,2563
13435,
13436,10563
13437,10478
13439,9985
13440,5992
13441,6742
13442,9243
13443,8319
13444,10541
13445,10541
13446,9243
13447,9324
13448,10444
13449,4269
13450,10578
13451,7570
13452,4908
13453,10415
13454,10461
13455,10284
13456,9527
13457,10093
13458,9246
13459,7245
13460,10105
13461,7814
13462,
13463,10420
13464,10519
13465,
13466,
13467,4269
13468,
13469,
13470,6286
13471,8913
13472,10023
13473,2371
13474,3581
13475,
13476,
13477,
13478,
13479,3609
13480,10384
13481,10519
13482,10459
13483,10576
13484,10507
13485,10576
13486,10573
13487,10576
13488,10412
13489,
13490,
13491,
13492,10623
13493,10617
13494,10625
13495,10626
13496,10616
13497,
13498,
13499,5992
13500,324
13501,324
13502,10098
13503,10512
13504,7584
13505,4908
13506,
13507,4269
13508,3581
13509,
13510,
13511,6286
13512,
13513,5992
13514,
13515,
13516,
13517,
13518,
13519,
13520,2687
13521,
13522,
13523,
13524,
13525,9262
13526,
13527,10640
13528,10370
13529,10232
13530,10535
13531,10534
13532,
13533,5992
13534,
13535,3581
13536,
13537,
13538,
13539,10665
13540,10648
13541,10647
13542,10646
13543,10645
13544,10644
13545,10659
13546,10658
13547,
13548,
13549,10547
13550,
13551,
13552,
13553,9915
13554,
13555,2687
13556,
13557,
13558,
13559,
13560,327
13561,10653
13562,356
13563,10635
13564,10124
13565,10458
13566,10460
13567,10648
13568,10457
13569,10647
13570,10646
13571,10645
13572,10644
13573,10678
13574,10676
13575,10674
13576,10047
13577,9935
13578,9934
13579,9458
13580,10589
13581,5992
13582,10589
13583,
13585,10629
13586,
13587,6754
13588,10577
13589,9946
13590,6547
13592,10408
13593,10105
13594,10450
13595,10679
13596,10345
13597,10223
13598,10348
13599,10341
13600,10341
13601,10343
13602,10343
13603,10679
13604,9126
13605,10046
13606,10317
13607,9123
13608,9124
13609,
13610,10651
13611,10661
13612,10650
13613,10660
13614,9923
13615,10662
13616,10680
13617,9527
13618,9246
13619,10668
13620,9385
13621,10671
13622,9544
13623,9121
13624,9125
13625,4908
13626,9127
13627,4269
13628,10560
13629,3310
13630,10443
13631,10637
13632,10327
13633,10459
13634,10284
13635,6742
13636,10611
13637,10605
13638,10325
13639,3609
13640,9529
13641,10317
13642,
13643,10473
13644,9588
13645,10675
13646,10580
13647,10631
13648,7570
13649,10578
13650,10589
13651,10683
13652,10684
13653,10476
13654,10685
13655,
13656,10547
13657,
13658,
13659,9934
13660,10693
13661,10693
13662,10629
13663,10384
13664,10610
13665,10694
13666,10205
13667,10673
13668,10673
13669,10572
13670,10378
13671,10696
13672,
13673,2577
13674,10698
13675,
13676,10547
13677,
13678,
13679,10521
13680,10633
13681,10178
13682,10098
13683,6547
13684,10678
13685,
13686,
13687,
13688,10703
13689,10691
13690,10692
13691,10643
13692,10706
13693,10723
13694,10459
13695,10576
13696,10619
13697,8108
13698,8108
13699,8108
13700,10725
13701,10724
13702,10704
13703,10378
13704,
13705,
13706,
13707,10673
13708,10730
13709,
13710,10547
13711,
13712,
13713,
13714,10726
13715,10467
13716,10633
13717,
13718,10633
13719,10615
13720,10733
13721,10673
13722,10734
13723,10732
13724,
13725,
13726,10682
13727,10659
13729,10665
13730,
13731,10695
13732,10693
13733,10576
13734,10695
13735,10694
13736,10703
13737,10736
13738,10053
13739,5992
13740,
13741,4269
13742,4908
13743,10578
13744,4918
13745,10738
13746,9324
13747,10342
13748,10473
13749,10347
13750,10346
13751,10739
13752,10349
13753,9108
13754,9109
13755,10740
13756,10471
13757,10470
13758,9119
13759,10694
13760,10685
13761,9116
13762,9115
13763,10610
13764,9114
13765,10311
13766,9110
13767,3609
13768,5992
13769,10325
13770,10284
13771,10741
13772,9385
13773,9384
13775,10322
13776,9246
13777,10742
13778,9529
13779,
13780,10673
13781,8195
13782,10673
13783,
13784,10548
13785,10548
13786,
13788,10317
13790,9050
13791,
13792,9090
13793,9132
13794,9135
13795,9135
13796,8467
13797,
13798,10633
13799,10520
13800,
13801,
13802,
13803,
13804,
13805,
13806,10547
13807,
13808,6286
13809,8913
13810,
13811,10737
13812,10737
13813,10738
13814,10683
13815,10684
13816,9324
13817,10470
13818,10471
13819,10629
13820,9324
13821,3310
13822,10744
13823,10680
13824,7528
13825,10445
13826,10047
13827,10223
13828,3310
13829,8782
13830,
13831,10447
13832,
13833,10223
13834,8964
13835,10749
13837,10747
13838,10378
13839,6547
13840,
13841,
13842,9458
13843,
13844,
13845,10756
13846,10694
13847,
13848,10753
13849,10815
13850,10815
13851,9324
13852,10583
13853,10695
13854,
13855,
13856,5992
13858,10544
13859,10698
13860,5992
13861,10611
13862,9335
13863,10408
13864,10817
13866,10450
13867,10653
13868,10633
13869,4908
13870,7081
13871,10631
13872,
13873,
13874,
13875,9522
13876,10749
13877,7603
13878,10450
13879,6547
13880,10747
13881,7570
13882,
13883,10689
13884,
13885,
13886,10823
13887,10684
13888,10052
13889,10749
13890,
13891,7245
13892,5992
13893,10543
13894,9050
13895,9125
13896,
13897,
13898,
13899,10817
13900,9506
13901,10694
13902,10619
13903,10758
13904,10730
13905,8964
13906,7245
13907,10583
13908,
13909,10287
13910,10467
13911,10521
13912,10827
13913,
13914,6286
13915,4269
13916,
13917,
13918,8913
13919,
13920,10827
13921,10823
13922,10831
13923,9324
13924,10583
13925,5992
13926,7603
13927,898
13928,9135
13929,9384
13930,10065
13931,
13932,
13933,
13934,9456
13935,8195
13936,
13937,10351
13938,10350
13939,10353
13940,10353
13941,10352
13942,
13943,9131
13944,9324
13945,9133
13946,10830
13947,8782
13948,10832
13949,10834
13950,10833
13951,9050
13952,
13953,9115
13954,9114
13955,8467
13956,9091
13957,9130
13958,9118
13959,
13960,7603
13961,10736
13962,10835
13963,10836
13964,10837
13965,10839
13966,7759
13967,9173
13968,10544
13969,10698
13970,10673
13971,
13972,10520
13973,10840
13976,
13977,
13978,
13979,10673
13980,5992
13981,10841
13982,10842
13983,10450
13984,10843
13985,10844
13986,
13987,
13988,
13989,
13990,9913
13991,8417
13992,324
13993,9913
13994,6286
13995,
13996,8913
13997,8913
13998,
13999,4269
14000,
14001,8100
14002,324
14003,10825
14004,10479
14005,10849
14006,4908
14007,4269
14008,10378
14009,
14010,
14011,10817
14012,3609
14013,10311
14014,10610
14015,10610
14016,9127
14017,9121
14018,10847
14019,10543
14020,10065
14021,10673
14022,10853
14023,10583
14024,10629
14025,9324
14026,10738
14027,10758
14028,10756
14029,9060
14030,10695
14031,10758
14032,10694
14033,10742
14034,10857
14035,10322
14036,10284
14037,
14039,
14040,
14041,10744
14042,10223
14043,9304
14044,10863
14045,9946
14046,10205
14047,10047
14048,10825
14049,3310
14050,9946
14051,10747
14052,
14053,
14054,
14055,
14056,
14057,
14058,9504
14059,324
14060,324
14061,324
14062,324
14063,10860
14064,10861
14065,10870
14066,10871
14067,10872
14068,10232
14069,7759
14070,10866
14071,
14072,8109
14073,10883
14074,
14075,4908
14076,
14077,
14078,4269
14079,
14080,6286
14081,10870
14082,10871
14083,10817
14084,10521
14085,10880
14086,10878
14087,10054
14088,10886
14089,9563
14090,10887
14091,9522
14092,10747
14093,4907
14095,
14096,10894
14097,10054
14098,
14099,5992
14100,9506
14101,10883
14102,10471
14103,10696
14104,10899
14105,10898
14106,10548
14107,10521
14108,10895
14109,9546
14110,9546
14111,10521
14112,10548
14113,10548
14114,10521
14115,8108
14116,10903
14117,4269
14118,
14119,
14120,4269
14121,
14122,
14123,
14124,
14125,10521
14126,324
14127,324
14128,8192
14129,10520
14130,10906
14131,
14132,
14133,10888
14134,10888
14135,10889
14136,10897
14137,10897
14138,10907
14139,7759
14140,10641
14141,8192
14142,9383
14143,4908
14144,
14145,
14146,
14147,
14148,
14149,
14150,
14151,4269
14152,324
14153,
14154,
14155,
14156,10899
14157,10872
14158,10914
14159,10912
14160,10880
14161,10878
14162,10849
14163,9616
14164,10913
14166,10844
14167,10378
14168,10522
14169,10844
14170,10854
14171,10916
14172,10917
14173,10885
14174,10918
14175,10902
14176,1646
14177,10787
14178,9091
14179,9130
14180,9131
14181,9133
14182,9129
14183,9384
14184,10352
14185,10353
14186,8919
14188,9324
14189,10919
14190,10920
14191,10921
14192,10583
14193,9509
14194,3609
14195,10270
14196,10311
14197,9324
14198,5957
14199,10922
14200,10742
14201,3310
14202,9324
14203,3310
14204,10923
14205,10583
14206,10744
14207,10924
14208,10866
14209,9946
14210,10302
14211,10301
14212,10860
14213,10910
14214,10641
14215,10823
14216,10885
14217,8643
14218,10885
14219,
14220,10928
14221,10929
14222,10928
14223,10885
14224,10932
14225,9173
14226,10888
14227,5992
14228,
14229,5992
14230,10828
14231,
14232,
14233,327
14234,
14235,
14236,
14237,10849
14238,
14239,
14240,5992
14241,
14242,2563
14243,
14244,9913
14245,10520
14246,8192
14247,9383
14248,10245
14249,10872
14250,10914
14251,9522
14252,10368
14253,2287
14254,9457
14255,6681
14257,10909
14258,
14259,10520
14260,10094
14261,10094
14262,10094
14263,10865
14264,8106
14265,
14266,10951
14267,5992
14268,10937
14269,10940
14270,10942
14271,10936
14272,10301
14273,10934
14274,
14275,5992
14276,
14277,
14278,4269
14279,
14280,10301
14281,4908
14282,10521
14283,10896
14284,10955
14285,10849
14286,
14287,10475
14288,10941
14289,10910
14290,9627
14291,10964
14292,10956
14293,10899
14294,10966
14295,10954
14296,2563
14297,5992
14298,
14299,
14300,
14301,4908
14302,10512
14303,10727
14304,10635
14305,10287
14306,9551
14307,10520
14308,
14309,10023
14310,
14311,
14312,6272
14313,
14314,
14315,
14316,10973
14317,
14318,10888
14319,
14320,5992
14321,
14322,7576
14323,10953
14324,7656
14325,
14326,11003
14327,11004
14328,11010
14329,
14330,
14331,
14332,2563
14333,
14334,
14335,
14336,
14338,11000
14339,10633
14340,10520
14341,10727
14342,3985
14343,
14344,
14345,
14346,
14347,10479
14348,11011
14349,11013
14350,11009
14351,11006
14352,11005
14353,11008
14354,11022
14355,11022
14356,10524
14357,10954
14358,9546
14359,10726
14360,10467
14361,10959
14362,3985
14363,11024
14364,
14365,11022
14366,9616
14367,11026
14368,11032
14369,3609
14370,10865
14371,10864
14372,10916
14373,9449
14374,10311
14375,10603
14376,11020
14377,10598
14378,10601
14379,10593
14380,10980
14381,10602
14382,10974
14383,10982
14384,10982
14385,10983
14386,11035
14387,10998
14388,10999
14389,10988
14390,10984
14391,10917
14392,10986
14393,11035
14394,11035
14395,10986
14396,10985
14397,10842
14398,10953
14399,10521
14400,9546
14403,10983
14404,10984
14405,10985
14406,8106
14407,8106
14408,8106
14409,8106
14410,8106
14411,11034
14412,865
14413,9091
14414,10614
14415,10614
14416,10962
14417,9105
14418,8919
14419,11041
14420,10947
14421,1646
14422,10324
14423,10857
14424,10270
14425,10270
14426,10284
14427,8358
14428,8358
14429,11050
14430,11021
14431,11051
14432,10923
14433,10924
14434,10857
14435,10270
14436,10828
14437,10918
14438,11017
14439,11016
14440,11033
14441,11033
14442,11021
14443,10486
14444,2563
14445,
14446,
14447,
14448,
14449,11021
14450,7656
14451,7759
14452,7509
14453,11021
14454,11044
14455,10889
14456,11046
14457,10828
14458,1646
14459,1646
14460,1646
14461,10897
14462,5992
14463,
14464,5992
14465,
14466,4459
14467,1646
14468,11047
14469,11048
14470,11045
14471,11043
14472,5891
14473,
14474,11036
14475,11037
14476,10633
14477,
14478,9246
14479,10894
14480,11052
14481,11053
14482,10631
14483,10885
14484,10928
14485,10929
14486,10932
14487,11054
14488,9616
14489,
14490,10244
14491,
14492,10708
14493,5992
14494,
14495,11062
14496,11064
14497,10889
14498,11061
14499,8100
14500,11063
14501,11043
14502,9143
14503,
14504,
14505,
14506,
14507,
14508,327
14509,7076
14510,2563
14511,11055
14512,11021
14513,10954
14514,11035
14515,
14516,11093
14517,10894
14518,9143
14519,
14520,
14521,
14522,8100
14523,5992
14524,
14525,
14526,
14527,4908
14528,10521
14529,10186
14530,
14531,
14532,11098
14533,11063
14534,11107
14535,11066
14537,11115
14538,10056
14539,9143
14540,11174
14541,11122
14542,11079
14543,11079
14544,11114
14545,
14546,11086
14547,11094
14548,10641
14549,7759
14550,8964
14551,11058
14552,6288
14553,11087
14554,
14555,
14556,
14557,10244
14558,10244
14559,10615
14560,10245
14561,4908
14562,
14563,
14564,6286
14566,
14567,
14568,9468
14569,
14570,
14571,
14572,8913
14573,
14574,10894
14575,
14576,2687
14577,
14578,
14579,
14580,6547
14581,11063
14582,9143
14583,11079
14584,11114
14585,8779
14586,
14587,
14588,8108
14589,8106
14590,8106
14591,8106
14592,10998
14593,10981
14594,10842
14595,10852
14596,10843
14597,10843
14598,10844
14599,10984
14600,10983
14601,10985
14602,10985
14603,10988
14604,
14605,
14606,
14607,
14608,
14609,11098
14610,7245
14611,
14612,10272
14613,10857
14614,10857
14615,10324
14616,11053
14617,10325
14618,10857
14619,10322
14620,11053
14621,10894
14623,11053
14624,11107
14625,11114
14626,11053
14627,11053
14628,
14629,11123
14630,11026
14631,9869
14632,11115
14633,10245
14634,10615
14635,8417
14636,4908
14637,11092
14638,10244
14639,
14640,
14641,2687
14642,8750
14643,10311
14644,11035
14645,3609
14646,10618
14647,10865
14648,9243
14649,10864
14650,11147
14651,11147
14652,9110
14653,9110
14654,11131
14655,9110
14656,11131
14657,11130
14658,11130
14659,11132
14660,1646
14661,11090
14662,8108
14663,1646
14664,
14665,11134
14666,9051