planning_id,task_id
51709,27051
51710,27150
51714,27156
51717,27152
51723,27155
51724,27156
51735,26699
51736,27024
51737,26785
51738,26004
51739,26445
51740,27075
51741,26725
51742,26445
51743,26403
51744,26823
51745,27077
51746,23803
51747,26673
51748,27166
51749,27165
51750,27163
51751,27167
51752,27169
51753,26903
51754,27172
51755,27175
51756,27176
51757,27177
51758,26209
51759,27178
51760,27108
51761,27178
51762,26201
51763,26533
51764,26026
51765,12862
51766,27103
51767,27180
51768,27160
51769,27162
51770,26581
51771,27078
51772,27110
51773,27171
51774,27171
51775,27170
51776,27040
51777,26755
51778,26862
51779,27047
51780,26666
51781,26797
51782,27100
51783,27182
51784,27079
51785,27183
51786,27184
51787,27149
51788,22218
51789,12955
51790,26961
51791,27082
51793,26951
51795,27187
51796,27190
51797,27185
51798,27191
51799,27192
51800,27193
51801,27193
51804,27193
51805,27082
51806,23919
51807,27174
51808,27173
51809,27173
51810,27173
51811,27173
51812,26802
51813,27173
51814,27173
51815,26743
51819,25531
51820,26520
51821,26864
51822,26864
51823,26961
51824,27081
51825,27098
51826,26951
51828,27041
51830,27190
51831,26879
51832,27175
51833,22218
51834,27151
51835,27152
51836,27152
51837,27152
51839,27153
51842,27154
51848,27155
51849,27158
51850,27155
51851,27158
51852,27158
51853,27157
51854,27157
51855,27079
51856,27233
51857,27079
51858,26876
51861,26852
51862,27113
51863,27110
51865,26138
51866,26144
51867,26145
51868,26250
51869,26294
51870,17972
51871,27199
51872,27196
51873,27189
51874,26852
51875,26852
51877,26962
51878,26962
51879,12955
51880,27168
51881,27198
51882,26102
51883,378
51884,27197
51885,27027
51886,26611
51887,26729
51888,27164
51889,26673
51890,23803
51891,27119
51892,26201
51894,26986
51895,27023
51896,27093
51897,27138
51898,27061
51899,26194
51900,27207
51901,27099
51902,27013
51903,
51904,
51905,
51906,
51907,
51908,
51909,
51910,26684
51911,27040
51912,27182
51913,26686
51914,27160
51915,27160
51916,26004
51917,26004
51918,27222
51919,27046
51920,27044
51921,27141
51922,27217
51923,27223
51924,27221
51925,27206
51926,26614
51927,27210
51928,27211
51930,27216
51931,26852
51932,27160
51933,27220
51935,27205
51937,26725
51938,27224
51940,27213
51941,27224
51942,27225
51943,27112
51944,27112
51945,26747
51946,26747
51947,26800
51948,26800
51949,27183
51950,27184
51951,26743
51952,26743
51953,26445
51954,26445
51955,26445
51956,26862
51957,27088
51958,26725
51959,26686
51960,26687
51961,27204
51962,328
51963,27234
51964,26882
51965,26823
51966,26403
51967,26532
51968,26689
51969,26796
51970,27010
51971,27230
51972,27203
51973,27229
51974,27231
51975,27079
51977,27212
51978,22218
51979,22218
51980,27215
51981,27226
51982,27151
51983,26729
51984,26729
51985,27013
51986,27237
51987,26201
51988,27078
51990,27141
51991,27214
51992,27124
51993,23803
51994,27246
51996,27227
51997,27255
51998,27258
51999,27259
52000,27260
52001,27262
52002,27263
52003,27263
52004,27267
52005,27269
52006,26686
52007,26687
52008,27230
52009,26461
52010,27273
52011,27045
52012,27080
52013,27088
52014,27088
52015,27264
52016,27268
52017,27254
52018,26684
52019,26574
52020,27186
52021,25531
52022,27238
52023,27240
52024,27234
52025,26984
52026,27038
52027,27194
52028,27257
52029,23803
52030,27039
52031,27241
52032,27099
52033,27274
52034,21497
52035,26962
52036,26961
52037,26852
52038,27213
52039,26445
52040,27201
52041,26532
52042,27292
52043,27276
52044,27276
52045,25531
52046,26581
52047,26846
52049,26962
52050,26961
52051,26852
52052,27287
52053,27283
52054,26294
52055,27011
52056,27239
52057,22123
52058,22123
52059,27245
52060,27100
52061,27100
52062,27100
52063,27243
52064,27242
52065,27242
52066,27282
52067,27292
52068,27291
52069,27295
52070,26445
52071,27296
52072,4327
52073,22218
52074,27184
52075,27299
52076,27270
52078,25367
52079,27300
52080,27301
52081,27286
52082,27285
52083,26802
52084,26961
52085,27302
52086,26461
52087,27234
52088,27195
52089,27203
52090,27186
52091,27301
52092,27203
52093,27194
52094,26876
52095,27039
52096,27221
52097,27237
52098,27259
52099,27262
52100,27263
52101,26445
52102,27290
52103,27293
52104,27293
52105,27078
52106,23803
52107,27260
52108,27222
52109,27306
52110,27307
52111,27307
52113,26755
52114,26862
52115,26986
52116,27183
52117,26797
52118,26250
52119,27269
52120,26250
52121,26823
52122,27194
52123,26882
52124,26882
52125,27273
52126,26826
52127,25567
52128,12955
52129,12955
52130,26445
52131,27312
52132,27147
52134,
52135,
52136,
52137,
52138,27124
52139,26885
52140,27230
52141,27044
52142,27046
52143,27047
52144,27048
52145,27049
52146,27050
52147,27043
52148,27043
52149,27045
52150,26970
52151,21497
52152,27051
52153,27196
52154,25460
52157,27311
52158,27233
52159,26532
52160,27310
52161,27283
52162,27287
52163,26862
52164,26862
52165,27149
52166,27300
52169,27159
52170,27159
52171,27159
52176,26952
52179,27195
52180,27205
52181,26876
52182,27234
52183,27013
52184,27216
52185,27262
52186,27237
52187,27246
52188,27313
52189,25567
52190,26201
52191,26201
52192,27321
52193,27203
52194,26823
52195,27291
52196,27078
52197,27325
52198,27324
52199,25625
52200,26445
52201,27168
52202,26785
52203,27328
52204,26729
52205,27297
52206,27319
52207,27318
52208,27317
52209,27329
52210,27316
52211,27314
52212,27315
52213,27281
52214,27330
52215,27331
52216,27275
52217,26574
52218,27332
52219,27277
52220,27009
52221,25902
52222,26790
52223,27335
52224,27335
52225,27278
52226,27278
52227,10972
52228,10972
52229,10972
52231,27334
52232,27337
52234,27338
52235,27333
52236,27339
52237,27340
52238,12955
52239,27099
52240,27322
52241,27323
52242,27323
52243,27343
52244,26862
52245,26755
52246,27326
52247,26602
52248,27051
52249,27312
52250,27348
52251,27194
52252,27349
52253,26800
52254,27301
52255,27351
52256,21497
52257,27222
52258,27345
52259,27294
52260,27320
52261,26666
52262,27345
52263,27345
52264,27320
52265,27257
52266,27309
52268,27327
52269,27347
52270,27230
52271,27352
52272,27149
52273,27350
52274,27354
52275,27356
52276,27355
52277,27336
52278,27358
52279,27139
52280,27128
52281,27206
52282,27124
52283,27235
52284,27308
52285,27272
52286,27357
52287,27353
52288,27263
52289,27032
52290,26876
52291,27329
52292,27108
52293,26960
52294,26684
52295,26823
52296,27345
52297,27228
52298,27362
52299,27267
52300,27032
52301,26876
52302,27269
52303,27153
52304,26372
52305,27290
52306,27154
52307,27157
52309,27149
52311,27193
52312,27364
52313,27355
52314,27366
52315,27369
52316,27368
52317,27367
52318,27370
52319,27371
52320,27372
52321,27373
52322,27374
52323,27375
52324,27376
52325,27377
52326,27378
52327,27379
52328,27380
52329,27381
52330,27382
52331,27383
52332,27384
52333,27385
52334,27386
52335,27387
52336,27388
52337,27389
52338,27390
52339,27391
52340,27393
52341,27395
52342,27396
52344,27398
52345,27399
52346,27400
52347,27401
52348,27402
52349,
52352,26201
52353,27078
52354,27319
52355,26445
52356,26612
52357,27349
52358,27328
52359,27317
52360,27405
52361,27408
52362,27168
52363,
52364,27332
52365,27331
52366,27419
52367,27420
52368,27194
52369,27051
52370,27302
52371,22218
52372,27245
52373,27203
52374,27039
52375,26826
52376,27286
52377,27407
52378,27340
52379,27340
52380,27357
52381,27346
52382,26970
52383,27360
52384,27363
52385,27353
52386,27361
52387,27421
52388,27043
52389,27421
52390,27328
52391,27365
52392,27305
52393,27045
52394,27042
52395,27318
52396,27422
52397,27425
52398,27425
52399,27079
52400,27342
52401,27342
52402,27342
52403,27100
52406,27147
52407,27100
52408,27100
52409,27100
52410,27100
52411,27100
52412,27100
52413,27100
52414,27100
52415,27100
52416,27100
52417,27100
52421,27424
52422,27286
52423,27241
52424,27433
52425,27013
52426,27353
52427,27432
52428,27431
52429,27430
52430,27149
52431,27366
52432,12955
52433,27194
52434,21633
52435,21633
52436,21633
52438,21633
52439,21633
52440,27302
52441,27300
52442,27315
52443,26693
52444,27302
52446,27269
52447,27296
52448,27357
52449,27268
52450,27351
52452,27407
52453,27232
52454,27427
52455,26294
52456,27239
52457,27332
52458,27332
52459,27245
52463,27435
52465,27269
52466,27267
52467,27061
52468,27188
52469,27138
52470,26602
52471,27297
52472,27438
52473,27437
52474,27408
52475,27133
52476,27328
52477,27051
52478,27436
52479,27042
52480,27148
52481,27045
52482,26194
52483,27080
52484,27207
52485,27310
52486,27353
52487,26717
52488,27444
52489,27445
52490,27454
52491,27437
52492,27375
52493,27233
52494,27367
52495,27234
52496,27453
52497,24369
52498,27099
52499,27181
52500,27099
52501,27307
52502,27307
52503,27307
52505,27456
52506,27436
52507,27353
52508,27353
52509,27353
52510,27458
52511,27459
52512,26201
52513,27337
52514,27307
52515,27307
52516,27235
52517,27307
52518,27307
52519,27307
52520,27373
52521,27357
52522,25460
52523,27230
52524,27457
52525,12955
52526,27364
52527,13326
52528,27152
52529,27153
52530,27397
52531,27372
52532,27353
52533,27125
52534,27406
52548,27427
52549,27460
52550,27426
52551,27433
52552,27465
52553,27343
52554,27232
52555,27469
52556,27267
52557,27148
52558,26656
52559,27201
52560,27397
52561,27435
52562,27425
52564,27302
52565,27445
52566,12955
52567,27340
52568,26581
52569,27440
52570,27441
52571,27442
52572,27443
52573,27409
52574,27414
52575,27377
52576,27357
52577,26213
52578,27389
52579,27424
52580,27475
52581,26666
52582,27407
52583,27269
52584,25567
52585,27466
52586,27480
52587,27462
52588,27481
52589,27355
52590,27327
52591,27483
52592,27484
52593,27374
52594,26717
52595,27482
52596,27485
52597,27387
52598,27331
52600,27078
52601,26689
52602,27369
52603,26729
52604,27370
52605,26445
52606,27486
52607,27487
52608,27488
52609,27476
52610,27346
52611,27045
52612,27045
52613,27039
52614,27038
52615,27397
52616,27490
52617,27489
52618,22218
52619,27491
52620,27357
52621,27370
52622,27369
52623,22218
52624,27410
52625,27314
52626,27275
52627,26445
52628,26574
52629,27198
52630,26693
52631,26693
52632,27314
52633,26445
52634,27061
52635,27297
52636,27138
52637,27412
52638,27471
52639,27470
52640,27210
52641,27379
52642,27045
52643,27042
52644,27422
52645,27380
52646,27397
52647,27381
52648,27371
52649,27340
52650,27363
52651,27374
52652,27390
52653,27375
52654,27376
52655,27395
52656,27396
52657,27391
52658,27421
52660,27393
52661,27386
52662,27398
52663,27399
52664,27400
52665,27401
52666,27397
52667,27402
52668,27391
52669,27396
52670,27156
52671,27151
52672,27372
52673,27376
52674,27377
52675,27378
52677,27011
52678,27093
52679,27226
52680,27201
52681,26729
52682,27491
52683,27418
52684,27462
52685,27480
52686,27520
52687,27410
52688,27521
52689,27523
52690,27099
52691,27280
52693,27483
52694,27269
52695,26194
52696,27207
52697,27173
52698,25567
52699,27522
52700,27455
52701,26823
52702,27527
52703,27525
52704,27148
52705,27286
52706,27407
52707,27353
52708,27384
52709,27384
52710,27181
52711,27391
52712,27532
52713,27353
52714,27396
52715,27385
52716,27385
52717,27397
52718,27421
52719,27540
52720,27541
52721,27323
52722,27545
52723,27535
52724,27536
52725,27537
52726,27538
52727,27539
52728,27534
52729,27546
52730,27547
52731,27548
52732,27099
52733,12955
52734,27530
52735,27531
52736,27457
52738,27395
52739,27545
52740,27393
52741,27541
52742,27286
52743,27540
52744,25567
52745,27547
52746,27548
52747,27152
52748,27549
52749,27550
52750,26729
52751,27486
52752,10972
52753,26611
52754,27201
52755,26693
52756,26445
52757,26828
52758,27533
52759,
52760,27484
52761,27563
52762,27563
52763,27563
52764,27490
52765,27483
52766,27490
52767,27483
52769,27567
52770,27337
52771,27460
52772,27337
52773,27337
52774,27435
52775,27099
52776,27099
52777,27572
52779,26611
52780,27489
52781,27207
52782,26194
52788,27594
52789,27594
52790,27594
52795,27810
52796,27811
52798,24401
52799,27469
52800,27577
52801,27549
52802,27376
52803,27561
52804,27584
52805,27559
52806,27558
52807,27557
52808,27307
52809,27307
52810,27377
52811,27148
52812,27421
52813,27307
52814,26839
52815,27421
52816,27421
52817,26895
52818,12955
52819,27099
52820,27539
52821,27534
52822,27546
52823,27378
52824,27385
52825,27574
52826,27569
52827,27425
52828,27353
52829,27568
52830,27570
52831,27571
52832,27336
52833,27580
52834,27561
52835,27549
52836,27417
52837,27579
52838,27583
52839,27585
52840,27586
52841,27582
52842,27391
52843,26869
52844,27422
52845,25490
52846,27421
52847,27590
52848,27181
52849,27181
52850,26648
52851,26611
52852,27588
52853,27589
52855,27581
52856,27592
52857,27557
52858,27353
52859,27593
52860,27595
52861,27562
52862,27269
52863,27207
52864,25567
52865,27359
52866,27245
52867,27535
52868,27536
52869,27537
52870,27538
52871,27377
52872,27559
52873,27009
52874,27009
52875,27539
52876,27549
52877,27595
52878,27155
52879,27173
52880,27421
52881,12955
52882,27099
52883,27099
52884,27099
52885,26201
52886,27484
52887,27596
52889,27597
52890,24413
52891,27421
52892,27355
52893,27277
52894,27319
52895,25770
52896,27009
52897,27606
52898,10972
52899,27307
52900,27425
52901,27181
52902,27342
52903,27342
52904,27532
52905,27376
52906,27412
52907,27608
52908,27582
52909,27609
52910,27607
52911,26970
52912,27602
52913,27584
52914,27445
52915,27310
52916,27475
52917,27476
52918,27459
52919,27539
52920,27600
52921,27181
52922,27355
52923,26611
52924,27610
52926,27596
52927,27147
52928,27363
52930,27489
52931,27612
52932,27612
52933,26869
52934,27597
52935,27613
52936,27613
52938,27233
52942,27616
52944,27620
52945,27611
52947,27611
52948,27611
52953,27621
52954,27601
52955,27539
52956,26602
52957,27366
52958,27624
52959,27374
52960,27384
52961,27389
52962,27390
52963,27397
52964,27625
52965,27626
52968,27181
52969,27629
52972,27631
52973,27634
52975,27634
52981,25625
52982,27642
52983,27619
52984,27619
52985,27546
52986,27604
52987,27561
52988,27602
52989,27601
52990,26656
52991,27368
52992,27207
52993,27608
52994,25761
52995,26714
52996,27374
52997,27384
52998,27389
52999,27390
53000,27601
53001,27397
53002,27382
53003,25567
53004,27623
53005,27295
53006,27302
53007,26574
53008,26796
53009,26445
53010,26693
53012,26445
53013,26693
53014,27302
53015,27302
53016,27300
53017,21633
53018,21633
53019,21633
53020,21633
53021,21633
53022,27366
53023,27608
53025,27188
53026,27302
53027,27410
53028,27421
53029,27609
53030,27130
53031,27421
53032,27078
53033,27552
53034,27039
53035,27560
53036,27542
53037,27543
53038,27541
53039,27301
53040,27643
53041,27644
53042,27368
53043,27388
53044,27544
53045,27551
53046,27646
53047,27546
53048,27382
53049,27099
53050,27099
53051,27099
53052,26201
53053,26201
53055,27651
53056,27651
53057,27652
53059,27093
53060,27653
53061,27661
53062,27374
53063,27598
53064,26445
53065,27425
53066,27431
53067,26862
53068,27574
53069,27551
53070,27608
53071,27662
53072,27181
53073,27155
53074,27552
53075,26970
53076,27359
53077,27445
53078,27525
53079,27230
53080,27659
53081,26970
53082,27425
53083,27374
53084,27544
53085,27643
53086,27154
53087,27665
53088,26287
53089,27669
53090,27669
53091,27039
53092,27542
53093,27560
53094,27543
53095,27541
53096,27388
53097,27665
53098,27138
53099,27491
53100,27603
53101,25761
53102,12955
53103,27646
53104,27672
53105,27532
53106,27286
53107,27445
53108,27597
53109,26445
53110,26445
53111,26814
53112,27524
53113,27158
53115,27603
53116,27670
53117,27673
53118,27674
53119,27675
53120,27671
53122,27660
53123,21497
53124,27368
53125,27667
53126,27181
53127,27662
53129,27608
53130,12955
53131,27381
53132,27382
53133,26814
53135,27078
53137,27659
53138,27337
53139,27678
53140,27677
53141,27652
53142,27469
53143,26026
53144,27323
53145,27680
53150,27682
53151,27307
53152,27651
53153,27704
53154,26611
53155,26611
53156,26611
53157,26611
53158,26611
53159,26611
53160,26611
53161,26611
53162,26084
53164,26084
53166,26084
53167,26084
53168,26084
53170,27425
53171,27707
53172,27708
53173,27708
53174,27708
53175,27286
53176,27457
53177,27230
53178,27373
53179,27374
53180,26862
53181,27603
53182,26970
53183,27445
53184,27078
53185,27605
53186,27686
53187,27679
53188,10972
53189,27384
53191,27375
53192,27376
53193,27377
53194,27378
53195,27379
53196,27719
53197,27728
53198,27425
53200,27720
53201,27489
53202,27584
53204,27380
53205,27734
53206,27734
53207,27734
53208,27382
53209,27385
53210,27732
53211,27676
53212,27386
53213,27387
53214,27737
53215,27738
53216,27388
53217,27739
53218,27739
53219,27389
53220,27390
53221,27391
53222,27393
53223,27395
53224,27396
53225,27042
53226,27312
53227,27603
53228,27703
53230,27043
53231,27044
53232,27045
53233,27693
53234,27397
53235,27398
53236,27399
53237,27695
53238,27699
53239,27400
53240,27401
53241,27353
53242,27353
53243,27718
53244,27402
53245,27421
53246,27046
53247,27047
53248,27048
53249,27049
53250,27050
53251,27051
53252,12955
53253,26293
53254,26201
53255,27678
53256,27677
53257,27651
53258,27566
53259,27099
53260,27743
53261,27652
53262,27615
53263,27748
53264,27750
53265,27078
53267,26611
53268,27708
53269,27181
53270,26293
53271,27719
53272,27719
53273,27425
53274,27672
53275,27353
53276,27681
53277,27709
53278,27687
53279,27690
53280,27688
53281,27740
53282,27741
53283,27631
53284,27737
53285,27742
53286,27753
53287,27753
53288,27689
53289,27692
53291,27747
53294,27157
53295,27373
53296,27374
53297,27386
53298,27608
53299,27746
53300,27739
53301,26984
53302,27032
53303,26084
53304,26785
53305,25761
53306,27760
53307,27759
53310,27720
53311,27534
53312,27535
53313,27536
53314,27726
53315,27537
53316,27538
53317,27539
53318,27540
53319,27541
53320,27542
53321,27543
53322,27398
53323,27544
53324,27342
53325,27545
53326,27546
53327,27547
53328,27548
53329,27549
53330,27400
53331,27399
53332,27388
53333,27373
53335,27759
53336,26876
53338,26985
53340,27038
53341,27039
53342,27402
53343,27739
53344,26970
53345,27040
53346,27041
53347,27149
53348,27233
53349,27234
53350,27700
53351,27745
53352,27685
53353,27694
53354,26445
53355,26445
53356,27696
53357,27744
53358,27700
53359,27761
53360,27762
53361,27763
53362,27764
53363,27765
53364,27766
53365,27613
53366,27771
53367,27099
53368,27337
53370,27205
53371,27277
53372,27741
53373,27296
53374,27783
53375,27780
53376,27032
53377,26984
53378,23486
53379,27608
53380,27733
53381,27078
53382,27342
53383,27421
53384,27425
53385,27704
53386,27445
53387,27752
53388,24746
53389,25770
53390,27748
53391,27594
53392,24746
53393,27776
53394,27776
53395,27459
53396,27396
53397,27379
53398,27784
53399,27472
53400,27774
53402,27569
53403,27778
53404,27777
53405,27155
53406,27669
53407,27720
53408,27155
53409,12955
53410,27459
53411,27459
53412,27787
53413,27788
53414,
53415,
53416,
53417,27769
53418,4574
53419,4574
53421,27789
53422,27768
53423,27768
53424,27770
53426,27772
53428,27374
53429,27388
53430,27400
53431,27373
53432,27402
53433,27396
53434,27398
53435,27399
53436,27379
53437,27782
53438,27790
53439,27693
53440,27705
53441,27767
53442,27475
53443,25367
53444,27271
53445,27795
53446,27445
53449,21497
53450,27806
53451,27425
53452,27809
53453,27812
53454,27812
53455,27812
53456,27812
53458,27475
53459,27560
53460,27550
53461,27551
53462,27421
53463,27552
53464,27557
53465,26876
53466,27159
53467,27425
53468,26876
53469,27421
53470,27560
53471,27386
53472,27388
53473,27386
53474,27374
53475,27421
53476,27402
53477,27545
53478,27396
53479,27379
53480,27373
53481,27398
53482,27386
53483,27399
53484,27400
53485,27560
53486,27545
53487,27602
53488,27689
53489,27045
53490,27044
53491,27549
53492,27234
53493,27181
53494,26201
53495,27704
53496,27615
53498,27806
53499,27624
53500,27533
53501,27773
53502,27277
53503,27491
53504,27804
53505,27694
53506,27093
53507,27226
53508,27078
53509,27099
53510,27342
53511,27099
53512,27402
53513,27032
53514,26984
53515,27700
53518,27799
53519,26699
53520,27818
53521,27823
53522,27822
53523,27549
53524,27560
53525,27234
53526,27286
53527,27669
53528,27825
53529,27301
53530,27158
53531,27181
53532,27560
53533,27608
53534,27808
53535,27808
53536,27459
53537,27820
53538,12955
53539,27159
53540,4574
53541,4574
53542,27827
53543,27828
53544,26611
53545,27618
53546,27686
53547,27829
53548,27561
53549,27595
53550,27643
53551,27644
53552,27646
53553,27301
53554,27051
53555,27051
53556,27371
53557,27355
53558,27368
53559,27366
53560,27369
53561,27370
53562,27558
53563,27425
53564,26909
53565,27603
53566,27603
53567,27684
53568,27045
53569,27472
53570,27813
53571,27819
53572,21633
53573,21633
53574,21633
53575,21633
53576,21633
53577,21633
53578,21633
53579,21633
53580,21633
53581,21633
53582,21633
53583,21633
53584,27300
53585,26445
53586,27226
53587,27367
53588,27372
53589,27559
53590,4574
53591,27312
53592,27312
53593,27402
53594,27301
53595,27545
53596,27368
53597,10972
53598,26611
53599,27044
53600,27425
53601,27760
53602,27445
53603,27234
53604,27549
53605,27672
53606,26084
53607,27368
53608,27368
53609,12955
53610,27181
53612,27752
53613,27750
53614,24746
53615,27828
53616,26611
53619,27337
53620,27756
53621,27835
53624,27783
53625,27834
53626,27848
53627,27850
53628,27116
53629,27851
53630,27116
53631,27743
53632,27704
53633,27099
53634,27099
53635,27842
53636,27840
53637,27032
53638,27312
53639,27845
53640,27785
53641,27857
53642,27856
53643,26984
53644,27608
53645,27778
53646,27859
53647,27728
53648,27777
53649,27045
53650,27720
53651,27860
53652,27860
53653,27846
53654,27368
53655,11867
53656,27849
53657,27844
53658,27855
53660,27843
53661,27015
53662,27736
53663,27841
53664,25848
53665,25761
53666,27816
53667,27368
53668,27032
53669,27772
53670,26984
53671,27044
53672,27861
53673,26201
53674,27618
53675,27771
53676,27173
53677,27777
53678,27669
53680,27445
53681,27445
53682,27728
53683,27051
53690,27704
53691,27462
53692,27807
53693,27864
53694,27868
53695,27865
53696,27866
53697,27760
53698,27051
53699,26084
53700,27842
53701,27840
53702,27819
53703,27867
53704,27772
53705,12955
53706,12955
53707,26084
53708,23011
53709,27861
53710,27861
53711,27807
53712,27181
53713,27740
53714,27241
53715,27871
53716,27573
53717,27573
53718,27761
53719,27275
53720,27854
53721,27707
53722,27078
53723,27624
53724,27874
53725,27773
53726,27312
53727,27608
53728,27860
53729,27736
53730,27841
53731,27672
53732,27849
53733,27312
53734,27881
53735,27870
53736,27873
53737,27875
53738,27872
53739,27879
53740,27750
53741,27173
53742,24746
53743,24746
53744,27181
53745,27618
53746,
53747,27608
53748,27608
53750,27860
53751,27312
53752,27809
53753,27748
53754,27878
53755,27877
53756,27810
53757,27811
53758,27824
53759,27886
53761,27606
53762,27472
53763,27855
53764,27859
53765,27885
53767,27889
53768,27425
53769,27890
53770,27890
53772,27896
53773,27897
53774,27897
53775,27898
53776,27669
53777,27720
53778,27728
53779,27777
53780,27669
53781,27770
53782,27720
53783,27728
53784,27777
53785,26201
53786,27770
53787,27899
53788,27899
53789,27181
53790,27795
53791,27799
53792,27826
53793,27826
53794,27445
53795,27810
53796,27753
53797,27853
53798,27853
53799,27608
53800,27734
53801,27099
53802,27368
53803,27810
53804,27809
53805,27750
53806,24746
53807,27044
53808,27860
53809,27734
53810,26611
53811,27587
53812,27226
53813,27762
53814,27743
53815,27901
53816,27902
53817,27905
53818,27907
53819,27337
53820,26201
53821,27904
53822,27859
53823,27853
53825,27678
53826,27915
53827,27704
53828,27851
53829,27759
53830,27812
53831,
53832,
53833,27916
53834,27676
53835,27672
53836,27918
53837,26823
53838,27867
53839,27891
53840,27917
53841,27819
53842,27903
53843,27812
53844,27888
53845,27616
53846,26692
53847,27425
53848,26963
53849,27860
53850,27710
53851,27730
53852,27425
53854,27603
53855,27924
53856,27837
53857,27838
53859,27847
53860,27858
53862,27657
53863,27899
53864,27425
53865,27368
53866,26963
53867,27734
53868,27925
53869,27153
53870,27759
53871,27927
53872,27425
53873,27150
53874,27860
53875,27150
53876,27924
53877,27884
53878,27928
53879,27078
53880,27879
53881,27879
53882,27173
53883,27152
53884,27152
53885,27618
53886,27860
53887,27051
53888,27045
53889,27890
53890,27929
53891,27704
53892,27099
53893,27930
53894,27931
53895,27839
53896,27839
53898,
53899,27731
53900,27731
53901,27731
53902,27731
53903,27939
53906,27573
53907,27573
53908,27936
53909,28045
53911,28441
53912,
53917,
53918,
53919,
53920,
53924,
53925,
53926,
53927,
53932,27931
53933,27939
53934,27939
53935,27942
53936,27903
53937,26611
53938,27940
53939,27944
53941,27226
53942,26983
53943,26981
53944,27880
53945,27822
53946,27883
53947,27946
53948,12955
53949,27919
53950,27947
53951,27947
53952,27947
53953,27908
53954,27920
53955,27704
53956,27910
53957,27909
53958,27945
53959,27911
53960,27425
53961,27941
53962,27921
53963,27938
53964,27923
53965,27603
53966,27603
53967,27736
53968,27841
53969,27044
53970,27711
53971,27768
53972,27782
53973,27775
53974,27949
53975,27592
53976,27686
53977,27812
53978,27937
53979,27899
53980,27859
53981,27312
53982,27312
53983,27181
53984,27820
53985,27152
53986,27941
53987,27927
53988,27948
53990,27150
53991,27151
53992,27951
53993,27941
53994,27816
53995,27816
53996,27952
53997,27953
53998,27808
53999,27154
54000,27155
54001,27157
54002,27156
54003,27927
54004,27046
54005,27047
54006,27425
54007,27608
54008,27860
54009,27368
54010,27924
54011,27958
54012,27959
54013,27863
54014,27876
54015,26611
54016,26611
54017,26611
54018,27841
54019,27968
54020,27968
54023,27772
54025,27575
54026,27575
54027,27679
54028,27897
54029,27898
54030,27961
54031,27961
54032,27782
54033,27608
54034,27657
54035,27811
54036,27810
54037,27809
54038,23011
54039,27785
54040,27944
54041,27337
54042,27826
54044,27619
54045,27863
54046,27916
54047,
54048,27847
54049,25625
54050,27905
54052,27762
54053,27828
54054,27624
54055,
54056,27956
54057,27954
54058,27848
54059,27955
54060,27797
54061,27656
54062,27924
54063,27867
54064,27740
54065,27964
54066,27963
54067,27730
54068,27812
54069,27425
54070,27044
54071,27919
54072,27618
54073,27924
54074,27909
54075,27908
54076,27973
54077,27975
54079,27976
54080,27969
54081,27962
54082,27960
54083,27978
54084,27712
54085,27731
54086,27762
54087,27858
54088,27736
54089,27736
54090,27967
54091,27979
54092,27811
54093,27970
54094,27312
54095,27608
54096,27153
54097,27152
54098,27734
54099,12955
54100,27181
54101,27841
54102,27151
54103,27984
54104,27985
54105,27987
54106,27988
54107,27150
54108,12955
54110,12955
54111,12955
54112,26409
54113,27044
54114,28000
54115,27998
54116,27997
54117,27996
54118,27995
54119,27994
54120,27993
54121,27992
54122,27991
54123,27990
54124,27181
54125,27713
54126,
54128,27944
54129,27949
54130,27770
54131,25625
54132,27839
54133,27615
54134,27775
54135,27976
54136,28008
54137,28010
54138,28009
54139,27656
54140,26909
54141,27960
54142,27044
54143,27811
54145,27841
54146,28017
54147,27860
54148,27824
54149,27312
54150,27312
54151,27181
54152,27768
54153,28015
54154,28016
54155,26648
54156,28003
54157,27891
54158,27618
54159,27445
54160,27445
54161,27826
54162,27938
54163,28018
54164,27960
54165,27491
54166,27903
54167,27907
54169,27762
54170,27905
54171,27816
54172,27312
54173,28022
54174,28024
54175,28000
54176,28023
54177,28023
54178,27312
54179,27671
54180,27181
54181,27876
54182,27044
54183,27151
54184,27984
54185,27941
54186,27841
54187,27425
54188,27941
54189,27841
54190,27425
54193,28071
54194,26611
54195,27045
54196,28073
54197,28073
54198,28073
54199,28073
54200,28074
54201,28074
54202,27181
54203,27156
54204,28029
54205,27993
54206,27048
54207,27049
54208,27050
54210,27151
54211,27150
54212,27156
54213,28016
54214,27759
54215,26909
54216,27152
54217,27151
54218,26611
54219,27990
54220,27949
54221,27962
54222,27993
54223,28032
54224,27297
54225,28017
54226,27898
54227,28027
54228,28028
54229,28019
54230,28013
54231,28012
54232,28011
54233,28007
54234,28006
54235,26980
54236,26982
54237,
54238,28033
54239,28035
54240,26201
54241,28036
54242,27812
54243,27987
54244,27860
54245,27151
54246,28030
54247,27657
54248,28000
54249,27713
54250,27712
54251,27045
54252,27924
54253,27045
54254,27971
54255,28037
54256,28037
54257,27962
54258,28038
54259,28039
54260,28040
54261,28041
54262,27207
54264,27181
54265,27860
54266,27961
54267,27961
54268,27207
54271,27156
54272,27150
54273,27907
54274,27972
54275,27972
54277,27960
54278,27731
54281,27826
54282,27619
54283,27671
54284,27181
54285,27882
54286,27867
54287,28015
54288,27672
54289,27152
54290,27615
54291,28000
54292,27768
54293,27154
54294,28049
54296,27766
54297,27986
54298,28014
54299,28050
54300,27772
54301,27989
54302,27989
54303,27152
54304,27337
54305,27152
54306,26909
54307,27671
54308,28030
54309,28051
54310,27924
54311,27153
54312,27159
54313,27900
54314,26409
54315,27826
54316,27619
54317,23919
54318,27863
54319,28052
54320,28052
54321,27671
54322,28033
54323,28028
54324,27988
54325,27988
54326,27760
54327,27760
54328,26909
54329,27337
54330,23011
54331,28054
54332,28054
54333,27943
54334,27961
54335,27961
54336,27979
54337,27976
54338,28010
54339,28008
54340,27848
54341,27848
54342,10972
54343,28056
54344,28008
54345,27987
54346,28059
54347,28060
54348,28061
54349,27158
54350,27816
54351,28030
54352,28053
54354,27838
54355,27867
54356,26194
54357,26409
54358,27919
54359,27267
54360,27914
54361,27858
54362,27908
54363,27812
54364,27912
54365,27269
54366,27913
54367,28058
54368,28062
54369,27847
54370,27671
54371,27672
54372,12955
54373,27584
54374,28051
54375,28063
54376,27826
54377,27826
54378,27960
54379,23919
54380,23919
54381,27826
54382,27826
54383,28065
54385,27590
54386,28064
54387,27924
54389,27924
54390,27924
54392,28069
54393,28066
54394,28067
54395,28068
54396,26194
54397,27921
54398,27477
54399,28036
54400,28074
54401,28075
54402,28075
54403,28046
54404,28025
54405,27964
54406,28046
54407,28046
54408,25315
54409,25315
54410,27269
54411,27985
54412,28076
54413,28077
54414,27729
54415,28079
54416,28080
54417,27608
54418,27785
54419,28078
54420,26963
54421,26963
54422,27671
54423,27853
54424,25625
54425,26201
54427,28010
54428,28090
54429,28091
54430,28093
54431,12955
54432,27785
54433,28084
54434,28085
54435,27078
54436,27888
54437,27883
54438,28014
54439,28092
54440,28088
54441,28083
54442,28089
54443,28083
54444,28029
54445,27977
54446,28087
54447,27822
54448,28094
54449,27099
54450,28095
54451,28086
54452,28098
54453,28099
54455,27288
54457,28084
54458,27824
54459,28059
54460,28057
54461,27505
54462,27505
54463,27987
54464,26213
54465,21497
54466,27955
54467,27759
54468,27759
54469,27590
54470,27985
54471,21497
54472,27267
54473,27985
54474,27984
54475,27575
54476,28102
54477,27979
54478,27955
54479,26194
54482,24738
54484,28047
54487,28103
54488,27672
54489,28016
54490,28101
54492,27904
54493,28064
54494,28104
54495,26909
54496,27810
54497,27848
54498,27429
54501,28110
54502,28108
54503,28015
54504,28111
54505,
54506,27823
54507,28109
54508,23011
54511,27288
54512,27924
54513,27924
54515,27924
54516,28112
54517,28113
54518,21497
54519,21497
54520,21497
54521,21497
54522,21497
54523,21497
54524,21497
54525,21497
54526,21497
54528,21497
54529,21497
54530,21497
54531,21497
54532,21497
54533,21497
54535,12955
54536,12955
54537,12955
54538,27985
54539,28072
54540,28094
54541,28072
54542,28072
54543,27853
54544,27984
54546,28085
54547,28145
54548,28051
54549,27429
54550,28016
54551,27990
54552,28121
54553,27960
54554,27772
54555,27812
54556,28029
54557,28120
54558,26250
54559,28118
54560,28102
54561,28071
54562,28126
54563,27884
54564,25779
54565,23919
54566,28128
54567,24007
54568,24007
54569,28132
54570,28132
54571,28090
54572,28091
54573,27749
54574,27672
54575,28115
54576,28115
54577,28115
54578,28114
54579,28114
54580,28114
54581,28099
54582,28098
54583,26963
54584,27985
54586,28016
54587,28133
54588,28071
54589,28134
54590,28136
54591,26888
54592,27904
54593,28138
54594,28139
54595,27749
54596,26963
54597,28125
54598,28141
54599,28143
54600,28140
54601,28140
54602,27904
54603,28126
54604,28135
54605,27984
54606,28142
54608,28087
54612,25780
54613,25783
54615,28129
54618,28129
54619,25781
54621,28091
54622,28130
54623,28130
54625,27477
54626,27960
54628,28146
54629,27672
54630,27955
54631,27962
54632,28120
54633,28151
54634,28010
54635,28059
54636,28093
54637,28076
54638,28019
54639,28095
54640,28095
54641,28165
54642,27707
54643,27575
54644,27575
54645,28162
54646,27300
54647,28063
54648,28113
54649,28016
54650,28164
54651,28025
54653,28163
54654,27884
54655,28148
54656,28150
54657,28166
54658,26201
54659,28090
54660,27633
54661,28157
54662,27288
54663,28147
54664,28015
54665,28108
54666,27288
54667,26611
54668,26611
54669,26611
54670,26611
54671,23011
54672,27810
54673,28168
54674,27731
54675,28157
54676,
54677,28170
54678,28157
54679,21633
54680,28059
54681,27955
54682,17133
54683,21633
54684,27853
54685,28145
54686,
54687,28137
54688,27672
54689,27749
54690,28175
54691,27493
54692,21497
54693,21497
54694,28179
54695,21497
54696,28110
54697,28015
54698,27848
54699,28083
54700,28177
54701,21633
54702,21633
54703,21633
54704,21633
54705,21633
54708,21633
54709,21633
54710,21633
54711,21633
54712,21633
54713,21633
54714,21633
54715,21633
54716,21633
54717,12955
54718,12955
54719,12955
54720,12955
54721,12955
54722,12955
54723,12955
54724,12955
54725,12955
54726,12955
54727,12955
54729,28180
54733,27749
54734,28072
54735,27672
54736,28183
54737,27904
54738,28138
54739,27984
54740,28139
54742,27955
54743,23011
54744,28172
54745,28184
54746,28182
54747,28149
54748,28109
54749,28181
54750,27984
54751,27749
54752,28148
54754,28015
54755,28135
54756,28167
54757,28171
54758,26251
54759,27943
54760,28169
54761,28163
54762,28142
54763,27962
54764,27731
54765,27772
54767,27848
54769,27926
54770,27900
54771,27853
54772,28161
54773,28127
54774,28051
54775,28138
54776,26888
54777,28111
54778,28107
54779,28105
54780,27880
54781,27275
54782,26611
54783,27009
54784,28151
54785,27979
54786,25446
54787,28194
54788,28195
54789,28199
54790,27671
54791,27810
54792,27672
54793,28165
54794,28156
54795,28155
54796,28154
54797,28153
54798,28152
54799,23011
54800,25937
54801,28187
54802,28186
54803,28071
54804,28157
54805,28204
54806,28205
54807,28201
54808,28202
54809,27955
54810,28203
54811,28148
54812,27938
54813,28151
54814,27749
54815,28192
54816,23168
54817,28193
54818,26910
54819,26910
54820,28113
54821,28112
54822,28207
54823,28206
54824,27853
54825,28207
54826,26251
54827,27247
54828,16203
54829,27924
54830,26909
54831,26909
54832,28072
54833,28015
54834,28211
54835,28212
54836,25781
54837,25779
54838,28184
54839,27672
54840,28072
54841,28072
54842,27671
54843,27772
54844,28075
54845,28172
54846,28051
54847,28224
54848,27955
54849,28198
54850,28226
54851,28225
54852,28228
54853,27689
54854,27247
54855,28196
54857,28034
54858,28160
54859,28234
54860,28234
54861,28091
54862,28234
54863,28233
54864,26611
54865,28153
54866,28154
54867,28156
54868,28155
54870,27962
54871,28235
54872,28164
54873,28054
54874,28236
54875,28239
54876,24401
54877,28148
54879,26888
54880,28150
54881,28193
54882,28231
54883,28192
54884,28029
54885,28073
54886,28244
54887,28207
54888,28243
54889,27600
54890,28242
54891,27409
54892,27034
54893,27412
54894,26909
54895,28237
54896,28241
54897,28241
54898,25781
54899,25779
54900,28240
54901,28214
54902,28213
54903,28245
54904,28015
54905,28000
54906,28052
54907,28069
54908,28094
54909,28112
54910,28113
54911,28146
54912,28037
54915,27729
54916,28216
54917,28246
54918,28222
54920,28223
54921,28232
54922,28249
54924,28208
54925,28208
54926,28208
54927,28247
54929,28251
54931,28253
54933,28158
54935,25432
54936,27633
54937,28150
54938,27703
54940,28152
54941,28261
54942,28181
54943,27585
54944,27157
54945,27477
54946,28128
54947,27699
54948,28246
54949,28079
54950,28265
54951,28266
54952,28184
54953,28000
54954,28052
54955,27493
54956,23919
54957,28069
54958,28094
54959,28112
54960,28113
54961,28146
54962,28257
54963,28257
54964,28000
54965,28072
54966,28052
54967,28069
54968,23168
54969,28176
54970,28048
54971,28267
54972,28268
54973,28269
54974,28269
54975,28270
54976,28270
54977,28271
54978,28271
54979,28272
54980,28272
54981,28094
54982,28150
54983,28072
54984,28112
54985,27633
54986,27672
54988,28113
54989,26611
54990,26611
54991,28239
54992,25422
54993,28274
54994,28205
54995,27587
54996,28281
54997,28146
54998,28276
54999,28248
55000,28278
55001,28279
55002,28247
55003,28282
55004,28179
55005,27671
55006,26909
55007,25848
55008,28263
55009,27703
55010,
55011,28232
55012,27157
55013,28223
55014,27157
55015,328
55016,328
55017,27157
55018,28146
55019,26963
55020,28079
55021,28216
55022,28287
55023,27633
55024,28149
55025,28015
55026,28288
55027,28079
55028,28289
55029,26251
55030,27583
55031,27986
55032,27853
55033,27731
55034,21497
55035,24738
55036,28179
55037,12230
55038,13326
55039,27772
55040,28293
55041,28073
55042,27729
55043,28288
55044,28288
55045,28132
55046,28294
55047,27727
55048,27722
55049,27723
55050,27717
55051,27725
55052,28072
55053,28223
55054,27357
55055,28072
55056,28223
55057,28216
55058,27036
55059,26963
55060,26963
55061,28232
55062,27633
55063,27725
55064,28054
55066,28260
55067,28259
55068,28290
55069,26888
55070,28249
55071,28239
55072,28266
55073,28281
55074,28301
55075,28302
55076,28236
55077,27900
55078,28233
55079,28204
55080,28305
55081,27633
55082,28194
55083,28267
55084,27633
55086,27882
55087,27822
55088,26909
55089,26909
55090,27633
55091,28046
55092,23168
55093,27812
55094,26201
55095,26201
55096,28308
55097,28300
55098,26409
55099,28311
55100,28312
55101,28314
55102,28315
55103,28316
55104,27225
55105,28319
55106,28318
55107,28320
55108,28149
55109,28294
55110,28307
55111,28239
55112,23435
55113,28317
55114,28074
55115,28316
55116,28315
55117,28314
55118,28312
55119,28311
55120,27714
55121,28313
55122,28313
55123,28232
55124,27357
55125,28327
55126,28255
55127,28256
55128,28289
55129,28074
55130,28328
55131,26251
55132,28310
55133,28079
55134,28289
55135,28254
55136,28258
55139,28164
55140,28329
55141,28332
55142,27999
55143,27157
55144,28333
55145,28333
55146,28113
55147,28094
55148,28264
55149,28335
55150,28334
55151,28337
55152,28338
55153,28339
55154,28216
55155,26909
55156,28330
55158,28262
55159,27357
55160,28290
55161,28259
55162,27955
55163,27812
55164,28267
55165,28148
55166,27357
55167,28150
55168,27493
55169,21497
55171,28336
55172,25053
55174,28148
55175,28150
55176,27999
55177,28326
55178,28330
55179,28262
55180,26251
55181,27672
55182,28232
55183,28072
55184,28329
55186,28331
55187,25779
55188,26963
55189,27157
55190,28301
55191,28200
55192,28302
55193,28342
55194,28343
55195,28346
55196,28249
55197,27731
55198,28259
55199,26989
55200,27796
55201,27796
55202,28347
55203,28135
55204,28350
55205,28349
55206,28352
55207,28353
55208,28094
55209,28332
55210,27633
55211,28351
55212,27633
55213,27883
55214,28317
55215,28186
55216,28223
55217,28344
55218,28348
55219,27837
55220,28304
55221,28356
55222,28358
55223,27858
55224,27847
55225,27838
55226,28359
55227,28360
55228,27633
55229,28340
55230,27157
55231,27772
55232,23168
55233,28361
55234,27493
55235,27844
55236,27489
55237,27157
55238,28275
55239,28277
55240,28112
55241,28000
55242,28046
55243,28259
55244,28362
55245,28363
55246,28364
55247,28365
55248,28170
55249,28366
55250,28367
55251,28048
55252,28047
55253,26963
55254,28332
55255,27078
55256,28072
55257,28369
55259,28308
55260,28370
55261,28232
55262,27904
55263,28379
55264,27672
55266,28394
55267,28394
55268,28395
55269,27699
55270,27699
55271,26963
55272,28379
55274,28135
55275,25625
55276,27672
55277,28232
55278,28294
55279,28072
55280,28223
55281,27157
55282,28427
55283,28317
55284,28428
55285,27157
55286,28347
55287,
55288,28429
55289,
55290,
55292,
55293,
55294,
55295,
55296,
55297,
55298,
55299,26201
55300,28426
55301,
55303,
55304,
55305,
55306,
55307,
55308,
55309,27955
55310,28343
55311,28434
55312,28438
55313,27796
55314,27802
55315,28430
55316,28431
55317,28427
55318,28245
55319,21497
55320,28409
55321,28439
55322,28178
55323,28442
55324,28436
55325,28289
55326,28074
55327,28310
55328,27797
55329,27802
55330,28334
55331,28272
55332,28249
55333,28440
55334,28339
55335,27904
55336,28259
55337,28290
55338,28176
55340,27999
55341,28054
55342,28072
55343,28245
55344,28441
55345,28298
55346,27657
55347,28432
55348,28357
55349,24401
55350,28443
55351,28322
55352,25780
55353,25783
55354,28130
55355,28269
55356,28268
55357,28267
55358,28331
55359,28331
55360,28287
55361,27707
55364,27633
55365,27633
55366,4327
55367,28433
55368,28236
55369,28435
55370,27717
55371,21633
55372,28257
55373,28074
55374,26963
55375,27157
55376,28178
55377,28415
55378,27727
55379,28404
55380,28417
55381,28421
55382,28419
55383,27633
55384,27633
55385,27633
55386,28074
55387,28427
55388,27999
55390,25432
55391,25432
55392,25432
55393,25432
55394,12955
55395,28072
55396,28444
55397,27312
55398,27312
55399,27157
55400,27045
55401,27045
55402,27044
55403,27044
55404,27042
55405,27042
55406,28216
55407,
55408,
55409,28361
55410,26158
55411,26140
55412,25366
55413,26591
55414,26334
55415,23597
55416,26451
55417,26628
55418,28439
55419,28132
55420,27078
55421,27267
55422,28409
55423,26194
55424,28456
55425,28302
55426,28107
55427,27671
55428,26611
55429,28287
55430,28023
55431,28072
55432,27797
55433,28459
55434,28451
55435,22554
55436,28074
55437,28427
55438,27802
55439,27955
55440,28452
55441,27848
55442,28453
55443,28448
55444,28454
55445,28455
55446,27312
55447,28330
55448,27837
55449,27418
55450,28357
55451,28280
55452,28216
55453,28072
55454,27042
55455,28027
55456,21633
55457,28061
55458,28130
55459,25780
55460,25783
55461,25779
55462,24007
55463,28129
55464,28227
55465,28227
55466,28462
55467,25627
55468,28208
55470,28232
55471,27853
55472,27999
55473,27044
55474,28464
55475,27257
55476,27139
55477,27245
55478,28232
55479,27712
55480,28465
55481,26963
55482,28461
55483,24738
55485,28467
55486,28440
55487,23168
55488,28072
55489,27078
55490,27042
55491,26084
55492,26084
55493,26084
55495,28470
55496,26084
55497,27045
55498,28074
55500,28074
55501,27312
55502,27633
55503,28294
55504,28403
55505,28407
55506,28407
55507,28407
55508,28407
55509,28410
55510,28410
55511,27723
55512,28307
55513,10972
55514,28333
55515,28333
55516,27078
55517,
55518,
55519,
55520,
55521,28434
55522,28343
55523,28302
55524,28200
55525,28236
55526,28347
55527,28471
55528,28326
55529,28474
55530,28385
55531,17972
55532,21963
55533,28291
55534,28233
55535,27794
55536,28061
55537,22554
55538,27633
55539,27633
55540,28471
55541,28483
55542,27633
55543,28426
55544,28178
55545,28448
55546,28464
55547,28466
55548,27042
55549,27772
55550,27633
55551,28444
55552,28271
55553,28484
55554,28270
55555,28216
55556,28483
55557,27699
55558,28249
55559,28472
55560,28331
55561,28443
55562,28488
55563,28485
55564,28308
55565,28034
55566,27848
55567,25937
55568,28083
55569,27955
55570,28486
55571,28074
55572,
55574,28331
55575,27045
55576,27044
55577,28344
55578,28495
55579,28498
55580,28498
55581,28499
55582,28072
55583,28502
55584,28502
55585,28497
55586,28497
55587,27904
55588,27863
55590,28500
55591,27722
55593,28507
55595,28216
55596,28316
55597,28314
55598,28315
55599,28312
55600,28311
55601,28509
55602,28510
55603,28511
55604,28512
55605,28475
55606,28475
55607,28439
55608,28294
55609,28269
55610,28294
55611,28483
55612,26432
55613,20166
55614,26432
55615,28270
55616,27672
55617,27672
55618,28485
55619,28307
55620,27712
55621,28444
55622,27999
55623,28227
55624,28488
55625,27257
55626,28331
55627,27044
55628,27045
55629,28072
55630,28216
55631,28321
55632,28434
55633,27633
55634,26084
55635,28513
55636,28342
55637,28343
55638,28326
55639,28034
55640,27848
55641,27955
55642,28462
55643,26194
55644,28521
55645,15118
55646,28483
55647,28473
55648,27729
55649,28514
55650,28522
55651,27312
55652,28517
55653,28520
55654,28523
55655,27911
55656,27837
55657,27912
55658,27858
55659,28054
55660,27633
55661,28483
55662,28464
55663,28441
55664,28516
55666,27838
55667,27656
55668,28483
55669,27633
55670,27913
55671,27914
55672,28524
55674,28519
55675,26084
55676,27633
55677,28267
55678,28531
55679,28529
55680,28529
55681,28530
55682,28227
55683,28532
55684,28533
55685,28533
55686,28538
55687,28534
55688,28535
55689,28536
55690,24401
55691,28537
55692,28539
55693,28540
55694,28541
55695,28542
55696,28531
55697,28128
55698,28519
55699,28298
55700,28544
55701,28543
55702,28527
55703,28531
55704,28061
55705,28034
55706,28549
55707,28550
55708,28551
55709,28552
55710,28553
55711,28554
55712,28555
55713,16203
55714,27312
55715,27656
55716,28432
55717,26432
55718,28072
55719,27044
55720,27045
55721,28307
55722,28258
55723,28444
55724,28316
55725,27999
55726,28517
55727,28267
55728,28269
55729,28270
55730,28270
55731,28513
55732,28302
55733,28567
55734,28343
55735,28342
55736,28200
55737,28434
55738,28346
55739,28200
55740,28302
55741,28434
55742,28343
55743,28570
55744,28570
55745,28486
55746,28569
55747,28036
55748,28571
55749,28572
55750,28161
55751,28259
55752,28577
55753,27772
55754,27671
55755,28441
55756,28578
55757,28486
55758,28574
55759,27573
55760,27633
55761,27657
55762,28298
55763,28576
55764,28330
55765,27043
55766,27045
55767,28545
55768,28546
55769,28548
55770,28573
55771,28547
55772,28487
55773,28216
55774,28331
55775,28288
55776,26909
55777,27357
55778,28034
55779,27848
55780,28488
55781,28513
55782,27078
55783,28444
55784,28581
55785,28178
55786,23168
55787,27812
55788,28509
55789,28331
55790,28164
55791,28164
55792,28288
55793,27924
55794,27924
55795,28301
55796,28582
55797,27924
55798,28439
55799,27672
55800,27924
55801,28316
55802,27044
55803,27045
55804,27043
55805,28546
55806,28227
55807,28545
55808,28580
55809,28583
55810,27672
55811,28227
55812,27837
55813,28034
55814,27848
55815,28575
55816,28333
55817,27633
55818,28301
55819,28200
55820,28579
55821,28584
55822,28586
55823,28161
55824,28291
55825,28521
55826,28132
55827,28571
55828,26201
55829,28473
55830,28595
55831,
55832,
55833,
55834,
55835,
55836,
55837,
55838,
55839,
55840,
55841,
55842,
55843,
55844,28510
55845,
55846,28499
55847,27911
55848,
55849,
55850,
55851,28599
55852,
55853,
55854,
55855,
55856,28488
55857,
55858,28000
55859,28052
55860,26194
55861,27671
55862,28596
55863,26084
55864,28069
55865,27924
55866,26909
55867,28112
55868,28113
55869,28585
55870,28349
55871,27344
55872,28439
55873,27344
55874,27344
55875,28529
55876,28594
55877,27772
55878,28606
55879,28607
55880,28592
55881,28519
55882,28316
55883,28547
55884,27838
55886,28587
55887,28237
55888,26409
55889,28604
55890,28603
55891,28605
55892,28602
55893,28410
55894,28410
55895,28410
55896,28410
55897,28410
55898,28410
55899,28000
55900,28052
55901,28069
55902,28094
55903,28112
55904,28113
55905,28146
55906,28332
55907,28600
55908,28597
55909,28597
55913,27493
55914,27633
55915,26611
55916,26611
55917,26611
55918,26611
55919,26611
55920,28587
55921,28595
55922,28548
55923,27587
55924,28586
55925,27491
55926,28619
55927,28622
55928,26988
55929,28584
55930,28579
55931,28599
55932,28573
55933,28626
55934,28627
55935,28200
55936,28629
55937,28200
55938,28630
55939,28632
55940,27671
55941,27812
55942,27722
55943,28525
55944,28426
55945,28161
55946,26084
55947,26084
55948,28000
55949,26611
55950,26611
55951,26611
55952,27493
55953,27493
55954,28441
55955,28052
55956,28052
55957,26909
55958,28307
55959,28407
55960,28546
55961,28499
55962,27308
55963,28641
55964,28625
55965,27955
55966,28527
55967,28511
55968,28616
55970,28502
55971,28545
55972,28271
55973,28200
55974,28640
55975,23010
55976,28618
55977,28618
55978,28466
55979,28601
55980,28638
55981,26194
55982,25432
55983,25432
55984,28503
55985,28504
55986,28640
55987,28504
55988,27772
55989,27139
55990,28621
55991,28513
55993,28570
55994,28582
55995,28543
55996,28510
55997,27633
55998,28644
55999,27672
56000,28486
56001,28444
56002,27848
56003,28270
56004,28648
56005,28640
56006,28069
56007,28651
56008,28639
56009,28444
56010,27157
56011,28267
56012,27633
56013,27633
56014,28269
56015,28270
56016,28094
56017,28072
56018,27042
56019,28072
56020,28094
56023,27493
56024,28643
56025,28112
56026,28178
56027,28178
56028,27656
56029,27671
56030,27594
56031,28527
56032,26909
56033,28643
56034,28548
56035,28521
56036,27203
56037,28567
56038,28657
56039,28584
56040,27955
56041,27760
56042,28394
56043,28637
56044,27460
56045,28667
56046,28586
56047,28666
56048,28663
56049,28665
56050,327
56051,28659
56052,28644
56053,28660
56054,28669
56055,28587
56056,28670
56057,28654
56058,28675
56059,28642
56060,28642
56061,28638
56062,28625
56063,27812
56064,28639
56066,28647
56067,28656
56068,28679
56069,28672
56070,28673
56071,28678
56072,28629
56073,28681
56074,28677
56075,28668
56076,28655
56077,28661
56078,28664
56079,28662
56080,28682
56081,28523
56082,28606
56083,27731
56084,28499
56085,28648
56086,28683
56087,28656
56088,28509
56089,28509
56090,28473
56091,28633
56092,28607
56093,28521
56094,28052
56097,28113
56098,28498
56099,28502
56100,28112
56101,28112
56102,28659
56103,
56104,28690
56105,28691
56106,28696
56107,28697
56108,28698
56109,28699
56110,28700
56111,28703
56112,28689
56113,28684
56114,28681
56115,28688
56116,28394
56117,27760
56118,27955
56119,28599
56120,27759
56121,28687
56122,23359
56123,23451
56124,28227
56125,28656
56126,28685
56127,28704
56128,28712
56129,28711
56130,28546
56131,28594
56132,28501
56133,28501
56134,28501
56135,28504
56136,28504
56137,28505
56140,28506
56141,28582
56142,28581
56143,28713
56144,28513
56145,28718
56146,28680
56147,28680
56148,26611
56149,
56150,28719
56151,28618
56152,28720
56153,28721
56154,27760
56155,28723
56156,28723
56157,28688
56158,28692
56159,28724
56160,28350
56161,27573
56162,28687
56163,28726
56164,28643
56165,28486
56167,28113
56168,327
56169,28722
56170,25942
56171,27924
56173,27924
56174,28730
56175,28581
56176,27671
56177,28332
56178,28112
56180,28685
56181,28052
56182,27924
56183,28581
56184,28227
56185,28058
56186,27633
56187,26084
56188,27772
56189,28673
56190,28672
56191,28548
56192,27633
56193,28164
56194,28734
56195,28734
56196,28733
56197,28735
56198,27633
56199,27296
56200,28581
56201,28361
56202,28675
56203,28582
56204,27812
56205,28736
56206,28441
56207,28441
56208,27812
56210,28511
56211,28128
56212,28499
56213,28714
56214,27671
56215,28607
56217,28655
56218,28744
56219,28174
56220,28747
56221,28587
56222,28607
56223,27731
56224,28668
56225,28748
56226,28581
56227,28052
56228,28350
56229,27573
56230,27296
56231,28724
56232,28394
56233,28160
56234,28687
56235,28674
56236,28633
56237,26611
56238,26611
56239,26611
56240,28661
56241,
56242,28733
56243,28673
56244,28754
56245,28672
56246,28751
56247,28743
56248,28685
56249,28717
56250,27633
56251,28677
56252,27924
56253,28434
56254,28744
56255,28738
56256,28739
56257,27812
56258,26084
56259,28737
56260,28749
56261,28581
56262,28683
56263,28742
56264,28762
56265,28763
56266,28747
56267,28581
56268,28764
56269,
56270,
56271,
56272,28699
56273,28699
56274,28700
56275,28697
56276,28698
56278,28765
56281,27731
56282,28350
56283,28767
56284,28582
56285,28769
56286,28651
56287,28739
56288,28771
56289,28773
56291,28434
56292,28776
56293,28777
56294,28105
56295,28779
56296,27707
56298,28785
56300,26194
56301,28794
56302,28793
56303,28796
56304,28783
56305,28795
56306,28000
56307,28754
56308,28763
56309,27924
56310,28528
56311,28799
56312,28113
56313,28770
56314,28772
56315,28527
56316,28736
56318,27671
56319,28778
56320,28768
56321,27772
56322,26084
56323,28803
56324,28804
56326,28788
56327,28792
56328,28792
56329,28805
56331,28806
56332,27812
56333,
56334,
56335,
56336,
56337,
56338,
56339,
56340,28501
56341,28498
56342,28502
56343,25942
56344,28807
56345,28807
56346,28574
56347,28465
56348,28807
56349,28806
56351,28502
56352,28498
56353,28749
56354,28128
56355,28764
56356,28811
56357,28698
56358,28813
56359,26959
56360,27800
56361,27801
56362,27801
56363,28814
56364,12955
56365,28815
56366,28817
56367,28818
56368,28819
56370,28812
56372,28788
56373,28801
56374,27493
56375,28113
56376,28717
56377,28227
56378,28227
56379,27633
56380,28527
56381,27924
56382,28465
56383,28687
56384,28685
56385,27587
56387,27587
56390,26084
56391,28058
56392,28806
56393,27671
56394,28651
56395,28827
56396,28582
56397,28800
56398,28444
56399,28661
56400,26213
56401,28828
56402,28647
56403,28656
56404,26084
56405,28581
56406,28596
56407,27759
56408,21633
56409,21633
56410,21633
56411,28058
56412,28444
56414,28501
56415,28528
56416,28639
56418,28639
56419,28824
56420,28829
56421,28829
56422,28829
56423,28829
56424,28829
56425,28829
56426,28409
56427,28409
56433,28409
56435,28405
56436,28405
56437,28830
56438,28830
56439,28830
56441,28399
56445,28831
56446,28831
56449,28397
56451,28000
56452,28831
56453,28399
56454,21633
56455,21633
56456,28832
56457,28870
56461,21633
56462,21633
56464,21633
56465,21633
56466,21633
56467,21633
56468,28647
56469,28662
56470,28511
56471,28833
56472,28834
56473,28586
56474,28211
56475,27633
56476,27633
56477,28647
56478,28814
56479,28502
56480,27493
56481,28000
56482,28052
56483,27493
56485,27812
56486,28767
56487,28817
56488,28819
56489,27043
56490,27044
56491,28801
56492,28444
56493,27157
56494,
56495,28838
56496,27707
56497,28691
56498,28174
56499,28699
56500,28818
56501,28847
56502,28848
56503,28849
56504,28811
56505,27792
56506,27793
56507,27793
56508,328
56509,28852
56510,28851
56511,28835
56512,28853
56513,28856
56514,28834
56515,28052
56516,28227
56517,28527
56518,28853
56519,28854
56520,28855
56521,28771
56522,28128
56523,26611
56524,26611
56525,28662
56526,28227
56527,28859
56528,28777
56529,28856
56530,28858
56531,
56532,26084
56533,
56534,
56535,28227
56536,28112
56537,28647
56538,27924
56539,28858
56541,28861
56542,28000
56543,28860
56544,28856
56545,28856
56546,28833
56547,28817
56548,27671
56549,28767
56550,28870
56551,28870
56552,28870
56554,21497
56555,28729
56556,28502
56557,28211
56558,28647
56559,27924
56560,27493
56561,21497
56563,28778
56564,28887
56565,28113
56566,12955
56567,12955
56568,12955
56569,12955
56570,12955
56571,12955
56572,12955
56573,12955
56574,12955
56575,12955
56576,12955
56577,28858
56578,27853
56579,28785
56581,28922
56582,28922
56583,28922
56586,28922
56587,28698
56588,28888
56589,28481
56590,28797
56591,28821
56592,28902
56595,27796
56596,28901
56597,26982
56598,26981
56599,26983
56600,28903
56601,27772
56602,25422
56603,28639
56604,28113
56605,27812
56606,28586
56607,28854
56608,28853
56609,28855
56610,27633
56611,28767
56612,28112
56613,28807
56614,28052
56615,27493
56616,28825
56617,28844
56618,28844
56619,28845
56620,28651
56621,28846
56622,28910
56623,28870
56624,28819
56625,28797
56626,28661
56627,28661
56628,28912
56629,28904
56630,28907
56631,28905
56632,28906
56633,28721
56634,28267
56635,28269
56636,28270
56637,28749
56638,28749
56639,28227
56640,28656
56641,28856
56642,28861
56643,28911
56644,28687
56645,28909
56646,28908
56647,27059
56648,28861
56649,27924
56650,28913
56651,25848
56652,28916
56653,28768
56654,28844
56655,28528
56656,28499
56657,28662
56658,28861
56659,28699
56660,28052
56661,28113
56662,28870
56663,28685
56664,27671
56665,28917
56666,28918
56667,28918
56668,28918
56669,28918
56670,28918
56671,28833
56672,27493
56673,28854
56674,27853
56675,27812
56676,28917
56677,28914
56678,28797
56679,28211
56680,28807
56681,28767
56682,28819
56683,28806
56684,26084
56685,28639
56686,28639
56687,27772
56688,28919
56689,28919
56690,28919
56691,28052
56692,28069
56693,28921
56694,28481
56695,28922
56696,28922
56697,28922
56698,28923
56699,28434
56700,28797
56701,28924
56702,25902
56703,28925
56704,28927
56705,28928
56706,28721
56707,27759
56708,28901
56709,28777
56710,28785
56711,28757
56712,28912
56713,28174
56714,28821
56715,28846
56716,28505
56717,28933
56718,28934
56719,28914
56720,28270
56721,28914
56722,27671
56723,28858
56724,28935
56725,28865
56726,28882
56727,28937
56728,28936
56729,28685
56730,28939
56731,28503
56732,28504
56733,28505
56734,28506
56735,28656
56736,28912
56737,22554
56738,25848
56739,26982
56740,27759
56741,26983
56742,26981
56743,27796
56744,28870
56745,28870
56746,28940
56747,28911
56748,25902
56749,28944
56750,28944
56751,28945
56752,28662
56753,28661
56754,28677
56755,28677
56757,28951
56758,28952
56759,28953
56760,28698
56761,26983
56762,28947
56763,28932
56764,28757
56765,28816
56766,28931
56767,28942
56768,28930
56772,25902
56773,28940
56774,28954
56775,26084
56776,28870
56777,28949
56778,28948
56780,27671
56781,28941
56782,28269
56783,28943
56784,28052
56785,28955
56786,28914
56787,28914
56788,28914
56789,28797
56790,28957
56791,28113
56792,28069
56793,28768
56794,28778
56795,27772
56796,28270
56797,28845
56798,22554
56799,28846
56800,28825
56801,28647
56802,28528
56803,27797
56804,21633
56805,21633
56806,27044
56807,4574
56808,27045
56811,27792
56812,28821
56813,28481
56814,28870
56815,28960
56816,28024
56817,28271
56818,28668
56819,28668
56820,28272
56821,28510
56822,28881
56823,28885
56824,28876
56825,28877
56830,28884
56831,28880
56834,27493
56835,28685
56836,25433
56837,28639
56838,28639
56839,28269
56840,28528
56841,28528
56842,4574
56843,28647
56844,28661
56845,28069
56846,28069
56847,26084
56848,28656
56849,27707
56850,22554
56851,27587
56854,28901
56855,28911
56856,28940
56857,28962
56858,28971
56860,28973
56861,28975
56862,28962
56863,28962
56864,25902
56865,28937
56866,28976
56867,28797
56868,28977
56869,28952
56870,4574
56871,28267
56872,28270
56873,28870
56874,26894
56875,28980
56876,28982
56877,28499
56878,28928
56879,28858
56880,28974
56881,28845
56882,28833
56883,28639
56884,28934
56885,28729
56886,28978
56887,28985
56888,28851
56889,25770
56890,28947
56891,26983
56892,28927
56893,27802
56894,27800
56895,28723
56896,28987
56897,27239
56898,28986
56899,28988
56900,26909
56901,28822
56903,28822
56904,27671
56905,28822
56906,28822
56907,28481
56908,28821
56909,27672
56910,28919
56911,28929
56912,28990
56913,28528
56914,28992
56915,28991
56916,28989
56917,28510
56918,28801
56919,28729
56920,28995
56921,28994
56923,28270
56924,28269
56925,28993
56926,28269
56927,28528
56928,28858
56929,27749
56930,27672
56931,27357
56932,28332
56933,28094
56934,28112
56935,28113
56936,28754
56937,28069
56938,28917
56939,28052
56940,28211
56941,27493
56942,28914
56943,28069
56944,27045
56945,28994
56946,28052
56947,28758
56948,29007
56949,29007
56950,28499
56951,27796
56952,27792
56953,26981
56955,28797
56957,28838
56958,28929
56959,28845
56960,29009
56962,21649
56963,28870
56964,28528
56965,28924
56966,28977
56967,28272
56968,29012
56969,29014
56970,28902
56971,28914
56972,28902
56973,29008
56974,29010
56975,27423
56976,28914
56977,29016
56978,28860
56979,29017
56980,28870
56981,28870
56982,28821
56983,28481
56984,28271
56985,26983
56986,25902
56987,27772
56988,28499
56989,28917
56991,28901
56992,27059
56993,27493
56994,28914
56995,28308
56996,27772
56997,28072
56998,28853
56999,28904
57000,
57001,28907
57002,28906
57003,28905
57004,28668
57005,28668
57006,27202
57007,28906
57008,28905
57009,28907
57010,28904
57011,29020
57012,29021
57013,29023
57014,29025
57015,29027
57016,27493
57017,28094
57018,29026
57019,29028
57020,29029
57021,29030
57022,29030
57023,29031
57024,29032
57025,29032
57026,27793
57027,29034
57028,28072
57029,29033
57030,27059
57031,28661
57032,28499
57033,28990
57034,29036
57035,25902
57036,28901
57037,28829
57038,28958
57039,29035
57040,29037
57041,28687
57042,27772
57043,26084
57044,27423
57045,29041
57046,28870
57047,28112
57048,28528
57049,28270
57050,28917
57051,28094
57053,28929
57054,29039
57055,29038
57056,29046
57057,29043
57058,29045
57059,28975
57060,27772
57061,28995
57062,28987
57063,29047
57064,29047
57065,29053
57066,28964
57067,28965
57068,28914
57069,28966
57070,28967
57071,28969
57072,28970
57073,28499
57074,29054
57075,28855
57076,28064
57077,27695
57078,27493
57079,27493
57080,28994
57081,29039
57082,29038
57083,28661
57084,28113
57085,28504
57086,28052
57087,28332
57088,29046
57089,28272
57090,29055
57091,29006
57092,27802
57093,27801
57094,29056
57095,28754
57096,27800
57097,26988
57098,27794
57099,29055
57100,29056
57101,28267
57102,28269
57103,28271
57104,28272
57105,28268
57106,28267
57107,28270
57108,29030
57109,28870
57110,27772
57111,29052
57112,29050
57113,26611
57114,28924
57115,28789
57116,29017
57117,28989
57118,29071
57119,28666
57120,28662
57121,26611
57122,26611
57123,28662
57124,27296
57125,29077
57126,
57127,28758
57128,26981
57129,25770
57130,28723
57131,27796
57133,27226
57134,29046
57135,29079
57136,29046
57137,28966
57138,28094
57139,28112
57140,4574
57141,28797
57142,28969
57143,29033
57144,26611
57145,27587
57146,28902
57147,29028
57148,28870
57149,28870
57150,29081
57152,29091
57153,28992
57154,28973
57155,29085
57156,29069
57157,29068
57158,29067
57159,29066
57160,29086
57161,28923
57162,29021
57163,25902
57164,16203
57165,28574
57166,
57167,
57168,
57169,
57170,29093
57171,29094
57172,28649
57173,28646
57174,29074
57175,29073
57176,29043
57177,29099
57178,29045
57179,28499
57180,28661
57181,29102
57182,29103
57183,29103
57184,29103
57185,29079
57186,28821
57187,28481
57188,28924
57189,
57190,28924
57191,
57192,28952
57193,28797
57194,28904
57195,28463
57196,29105
57197,29107
57198,29108
57199,29110
57200,29111
57201,28870
57202,29104
57203,27772
57204,28870
57206,29101
57207,28655
57208,29106
57209,26666
57210,27587
57211,28573
57212,29065
57213,29100
57214,25902
57216,29096
57218,28870
57219,28870
57220,28322
57221,28322
57222,29112
57223,29113
57224,29114
57225,28267
57226,28270
57227,28987
57228,28685
57229,4574
57230,4574
57233,27924
57234,29075
57235,
57236,27999
57237,28917
57238,29029
57239,28994
57240,27749
57241,29049
57242,29048
57243,29024
57244,29022
57245,28661
57246,28661
57247,29043
57249,29038
57250,29039
57251,29019
57252,29018
57253,28943
57254,28795
57255,28783
57256,28680
57257,28762
57258,28692
57260,28831
57261,28399
57262,28832
57263,28994
57264,28685
57265,29084
57266,28855
57267,28064
57268,28094
57270,27493
57271,21497
57272,29031
57273,29032
57274,28267
57275,29023
57276,27357
57277,29121
57278,27045
57279,29028
57280,28990
57281,29123
57282,28858
57283,29118
57284,29119
57285,29040
57286,28937
57287,29098
57288,27999
57289,28870
57290,28645
57292,28831
57293,28831
57294,28831
57295,28650
57296,
57297,29108
57299,29095
57300,29016
57301,28924
57302,29134
57303,29137
57304,28870
57305,29031
57306,27924
57307,29108
57308,27772
57309,29141
57310,29081
57311,29107
57312,28661
57313,29126
57314,27045
57315,28621
57316,29132
57317,29145
57318,27357
57319,28712
57320,29136
57321,29032
57322,29113
57323,28499
57324,29038
57325,19257
57326,28831
57327,28399
57328,28830
57329,28832
57330,28052
57331,27924
57332,29127
57333,26609
57334,29140
57335,29142
57336,29150
57337,29055
57338,29155
57339,28904
57340,28904
57341,28904
57342,28639
57343,29043
57344,29156
57345,29056
57346,25902
57347,29150
57348,29108
57349,29159
57350,29056
57351,27357
57352,29136
57353,29136
57354,29031
57355,27044
57356,29096
57358,27493
57359,28858
57360,28927
57361,28723
57362,25902
57363,28870
57364,29053
57365,29053
57366,28639
57367,29009
57368,28523
57369,28927
57370,25902
57371,25902
57372,29162
57373,29162
57375,29163
57376,29164
57377,29165
57378,29166
57379,28821
57380,29171
57381,29176
57382,29084
57383,27999
57384,28094
57385,28917
57386,28870
57387,27924
57388,29056
57389,27772
57390,29158
57391,29032
57392,29032
57393,24401
57394,29108
57395,28621
57396,29145
57397,28990
57398,28064
57399,29132
57400,28112
57401,29137
57402,28052
57403,28510
57404,27796
57405,28528
57406,28444
57407,25902
57408,28958
57409,28444
57410,28821
57411,29174
57412,29096
57413,29122
57414,27924
57415,27725
57416,29182
57417,29183
57418,28858
57419,29173
57420,29169
57421,29168
57422,29167
57424,29170
57425,24401
57426,28993
57428,29056
57429,29043
57430,29178
57431,28499
57432,21497
57433,21497
57434,21497
57435,27044
57436,28650
57437,28463
57438,28094
57439,28639
57440,29128
57441,27045
57442,28072
57443,29031
57444,29185
57445,28917
57446,29032
57447,29108
57448,29045
57449,29028
57450,29029
57451,29030
57452,29056
57453,27924
57454,28917
57455,29145
57456,28937
57457,28267
57458,28268
57459,28269
57460,28270
57461,28271
57462,28272
57463,28858
57464,28917
57465,28870
57466,29184
57467,29188
57468,29189
57469,28958
57470,27796
57471,29181
57472,29194
57473,29158
57474,29195
57475,24401
57476,28639
57477,28094
57478,29182
57479,28993
57480,29186
57481,29032
57482,29193
57483,29113
57484,29177
57485,28113
57486,29093
57487,29094
57488,29118
57489,28929
57490,29240
57491,29137
57492,28917
57493,29157
57494,29148
57496,28094
57499,29117
57501,29226
57503,29226
57504,29226
57505,
57506,29226
57507,29226
57508,29226
57510,29216
57511,27772
57512,27772
57513,29245
57514,29242
57515,29241
57516,28113
57517,29054
57518,27695
57519,29147
57520,
57521,
57522,
57523,
57524,28757
57525,26611
57526,29253
57527,26611
57528,29253
57529,26611
57530,26611
57532,29254
57533,29146
57534,29255
57535,28200
57536,28952
57537,29110
57538,29139
57539,29256
57540,29135
57541,29257
57542,29154
57545,29181
57546,29253
57547,25446
57548,28948
57549,28809
57550,29110
57551,26666
57552,29251
57553,29138
57554,29247
57557,29248
57558,29246
57559,29244
57560,29250
57561,29028
57562,29028
57563,29260
57564,29281
57565,29029
57566,29031
57567,29282
57568,29283
57569,27296
57570,29028
57571,27296
57572,29029
57573,29031
57574,29284
57575,29285
57576,25902
57577,28901
57578,29151
57579,29032
57580,29280
57581,28573
57582,29081
57584,29266
57585,
57586,27296
57587,27296
57588,28809
57589,29260
57590,29259
57591,29287
57592,29288
57593,28113
57594,29108
57595,29244
57597,26611
57598,28094
57599,29031
57600,28851
57601,29158
57602,29158
57603,28993
57604,29227
57605,29138
57606,29028
57607,29291
57608,29118
57609,27587
57611,29220
57612,29203
57613,29203
57614,29118
57615,28851
57616,29290
57617,24401
57618,29029
57619,28910
57620,29056
57621,29056
57622,28639
57623,29185
57624,29170
57625,29170
57626,28729
57627,29108
57628,29028
57629,28917
57630,29156
57631,29156
57632,26611
57633,28927
57634,27045
57635,28917
57636,29295
57637,29297
57638,29298
57639,29299
57640,29298
57641,29300
57642,29259
57643,29295
57644,29297
57646,29299
57647,29300
57648,29298
57649,26213
57650,29259
57651,29056
57652,28993
57653,28200
57654,28072
57655,29183
57657,29110
57658,21681
57659,29029
57660,28993
57661,29028
57662,28993
57663,27695
57664,28072
57665,29246
57666,29145
57667,29132
57668,28064
57669,28200
57670,28072
57671,27924
57672,28211
57673,27672
57674,12955
57675,26611
57676,28961
57677,29158
57678,28833
57679,29295
57680,29301
57681,28655
57682,28639
57683,28113
57684,27073
57685,27073
57686,29228
57687,29228
57688,29260
57689,29260
57690,28754
57691,29220
57692,29203
57693,29031
57694,29113
57695,29113
57696,28768
57697,28917
57698,28754
57700,29231
57701,12955
57702,27044
57703,28729
57704,28510
57705,28917
57706,25433
57707,29032
57708,28639
57709,27672
57710,29029
57711,28267
57712,29132
57713,29145
57714,29029
57715,28754
57716,27357
57717,28754
57718,27357
57719,29031
57720,29032
57721,28268
57722,29303
57724,28267
57725,27073
57726,27073
57727,29304
57728,28833
57729,27073
57730,4574
57731,28113
57732,29306
57733,29307
57734,29302
57735,29148
57736,29250
57737,29158
57738,29244
57739,29310
57740,29308
57741,29311
57742,29323
57743,29029
57744,28267
57745,29250
57746,29154
57747,29138
57748,28833
57749,29307
57750,29306
57751,29245
57752,28807
57753,29158
57754,2577
57755,2831
57757,29295
57758,27924
57759,27924
57760,29231
57761,28268
57762,28268
57763,29118
57764,27045
57765,29228
57766,29110
57767,29311
57768,29312
57769,29313
57770,12955
57771,25361
57772,29123
57773,29308
57774,28807
57775,29326
57776,29327
57777,29324
57778,29031
57779,29230
57780,29229
57781,29229
57782,28754
57783,28729
57784,29328
57787,28917
57788,29032
57789,2577
57790,2831
57791,29029
57792,29031
57793,28768
57794,29329
57795,29329
57796,4574
57797,29345
57798,29229
57799,4574
57800,
57801,
57802,
57803,
57804,
57805,
57806,
57807,
57809,29247
57810,26611
57811,27587
57812,28902
57813,26989
57814,29297
57815,29170
57816,27073
57817,29299
57818,27924
57819,29182
57821,14721
57822,29332
57823,29331
57824,14694
57825,29330
57826,27059
57827,27059
57828,29158
57829,29230
57830,28639
57831,27044
57832,28768
57833,29138
57834,29118
57835,29311
57836,29295
57837,29295
57838,29297
57839,29298
57840,29299
57841,29300
57842,29313
57843,29312
57845,26611
57846,28833
57847,27045
57848,28754
57849,28052
57850,28112
57851,28113
57852,29314
57853,29314
57854,29315
57855,29316
57856,29317
57857,29318
57858,29319
57859,29320
57860,29321
57861,29322
57862,28052
57863,28754
57864,29297
57865,12955
57866,25432
57867,29154
57868,29333
57869,29337
57870,29336
57871,29335
57872,29334
57873,29338
57874,17164
57875,29021
57876,25848
57877,28760
57878,29162
57879,28757
57880,25537
57881,28962
57882,29344
57883,10972
57884,29345
57885,29203
57886,29225
57887,29346
57888,27059
57889,
57890,28824
57891,28824
57892,
57893,
57894,
57895,
57896,28768
57897,
57898,
57899,
57900,
57901,
57902,
57903,
57904,
57905,
57906,
57907,
57908,
57909,
57910,29132
57911,29132
57912,28621
57913,28855
57914,29352
57915,28064
57916,27695
57917,
57918,25848
57919,
57920,
57921,14718
57922,29353
57923,29353
57924,29353
57925,29224
57926,29331
57927,29331
57928,29339
57929,29347
57930,29348
57931,29349
57932,24401
57933,29351
57934,29350
57935,28709
57936,29331
57937,28706
57938,28707
57939,29323
57940,28708
57941,28695
57942,28702
57943,28694
57945,29344
57946,29358
57947,29344
57948,28710
57949,4574
57950,28701
57951,28693
57952,29359
57953,28064
57954,27073
57955,27357
57956,29361
57957,27073
57958,26611
57959,29225
57960,29225
57961,29225
57964,28639
57965,27045
57966,29299
57967,17897
57968,29333
57969,14694
57971,29363
57972,29364
57973,29313
57974,29314
57975,29315
57976,29316
57977,29319
57978,29320
57979,29341
57980,27695
57981,28833
57982,29158
57983,29342
57984,28184
57985,29332
57986,29229
57987,29366
57988,28211
57989,29368
57990,14685
57991,29367
57992,27226
57993,29365
57994,28958
57995,28938
57996,27796
57997,29365
57998,28639
57999,29369
58000,29367
58001,29365
58002,29365
58003,29365
58007,29365
58008,29365
58009,29365
58010,29365
58012,29365
58013,29365
58016,29365
58021,29366
58022,29366
58023,29366
58024,29366
58025,29366
58026,29366
58027,29366
58028,29366
58029,29366
58030,29366
58031,29366
58032,29366
58034,29366
58035,29366
58036,29366
58037,29366
58038,29366
58039,29366
58040,29366
58041,29343
58042,29340
58043,29340
58044,28268
58045,28269
58046,29372
58047,29371
58048,29370
58049,26611
58050,14709
58051,27073
58052,28113
58053,28112
58054,28268
58055,28269
58056,29185
58057,28064
58058,28639
58059,28639
58060,27926
58061,28113
58062,29183
58063,25537
58064,29238
58065,29318
58066,29332
58067,29309
58068,28674
58069,28993
58070,28993
58071,28272
58072,28271
58074,29295
58075,29297
58076,29298
58077,29299
58078,29300
58079,28270
58080,28270
58081,28639
58082,28993
58083,29317
58084,29185
58085,28267
58086,17401
58087,29158
58088,27059
58089,29345
58090,28113
58091,29321
58092,29342
58093,28271
58094,28271
58095,25433
58096,25433
58097,29333
58098,27926
58099,28621
58100,28855
58101,27695
58102,29029
58103,29377
58104,29378
58105,29379
58106,
58107,29358
58108,
58109,
58110,
58111,
58112,
58113,
58114,
58115,
58116,
58117,
58118,
58119,
58120,
58121,29380
58122,
58123,
58124,
58125,
58126,27073
58127,27073
58128,29333
58129,27073
58130,29375
58131,
58132,
58133,27073
58134,27073
58135,28270
58137,
58138,
58139,29346
58140,29259
58141,29385
58143,
58144,
58145,29183
58146,
58147,
58148,
58151,29359
58152,29043
58153,29043
58154,28993
58155,17401
58156,29299
58157,28269
58158,28831
58159,27059
58160,29391
58161,29084
58162,28268
58163,29393
58164,28268
58165,29299
58166,26611
58167,29390
58168,28721
58169,29386
58170,29173
58171,29387
58172,29374
58173,29379
58174,29380
58175,28993
58176,21963
58177,27226
58178,26611
58179,27129
58180,29379
58181,14694
58183,29016
58184,29289
58185,27848
58187,29029
58188,29405
58189,29331
58190,29362
58191,29029
58192,29297
58193,28268
58194,28271
58195,28270
58196,28269
58197,29299
58198,28211
58200,28639
58201,27357
58202,29372
58203,26611
58204,29189
58205,29188
58206,29372
58207,29289
58208,27848
58209,29393
58210,28184
58211,29411
58212,29383
58213,28758
58214,
58215,29375
58216,29333
58217,29415
58218,28958
58219,29408
58221,29384
58222,29387
58223,28721
58224,28721
58225,29417
58226,29416
58227,29418
58228,28064
58229,27695
58230,27073
58231,29297
58232,29409
58233,29409
58234,29259
58235,29409
58236,29409
58237,29410
58238,29410
58239,29422
58240,14694
58241,29029
58242,29333
58243,29414
58244,29419
58245,29429
58246,29380
58247,25433
58248,29424
58249,21497
58250,29421
58251,29297
58252,29413
58253,28833
58254,28396
58255,28396
58256,29423
58257,29394
58258,29394
58259,29425
58260,29200
58261,29345
58262,29345
58263,29395
58264,29084
58265,29394
58267,29395
58269,27357
58270,29377
58271,29412
58272,14694
58273,28639
58274,29297
58275,29029
58276,27129
58277,28833
58278,29427
58279,29340
58280,29340
58281,29340
58282,28268
58283,28952
58284,29425
58285,29428
58286,29328
58287,29433
58288,29367
58289,29434
58290,29302
58291,29298
58292,28200
58293,29224
58294,29224
58296,26938
58297,29295
58298,27357
58299,28268
58300,28270
58301,29375
58302,28271
58303,28272
58304,29433
58305,17401
58306,
58307,
58308,
58309,
58310,
58311,
58312,29106
58313,27059
58314,29084
58317,29257
58318,29256
58319,29108
58320,28911
58321,26611
58322,29298
58323,29446
58325,29259
58326,29447
58327,29447
58328,29447
58329,29342
58330,29389
58331,29448
58332,29449
58333,28757
58334,
58335,29424
58336,29158
58337,29450
58338,29395
58339,29451
58340,28268
58341,27493
58342,24738
58343,26213
58344,29395
58345,29423
58346,29394
58347,28272
58348,29433
58349,28639
58350,29433
58351,29452
58352,28639
58353,27575
58354,27575
58355,29445
58356,29436
58357,26611
58358,29440
58359,29333
58360,29444
58361,29298
58362,29405
58363,29453
58364,29189
58365,29453
58366,29453
58367,29110
58368,25433
58369,29455
58370,29455
58371,29387
58372,29394
58373,29295
58374,28200
58375,29029
58376,28401
58377,28416
58378,28416
58379,28416
58380,28072
58382,28268
58383,28639
58384,29031
58385,29031
58386,28269
58387,28269
58388,28269
58389,28270
58390,25902
58391,29475
58392,29300
58393,29452
58394,29345
58395,29158
58396,29456
58397,29189
58398,27876
58399,29458
58400,29459
58401,29463
58402,29462
58403,29461
58404,29482
58405,29483
58406,29484
58407,29485
58408,26666
58409,29460
58410,29468
58411,29387
58412,29487
58413,29469
58414,29465
58415,29224
58416,29224
58417,29472
58418,29478
58419,29302
58420,29490
58421,29189
58422,29300
58423,28961
58424,29295
58425,27073
58426,29375
58427,29332
58428,27672
58429,29185
58430,29481
58431,28268
58432,28268
58433,28269
58434,29491
58435,29491
58436,29444
58437,29444
58438,29158
58439,29367
58440,27073
58441,29344
58442,28270
58443,26213
58444,29494
58447,29495
58448,29495
58449,27575
58451,17401
58452,29497
58453,26611
58454,16743
58455,16743
58456,29499
58457,29432
58458,14694
58459,29500
58460,28758
58461,29501
58462,29502
58463,29345
58464,29503
58465,29395
58466,29496
58467,28995
58468,26611
58469,29340
58470,29506
58472,29475
58473,27848
58474,26611
58475,27073
58476,29452
58477,29340
58478,29340
58479,29340
58480,26666
58481,25433
58482,26213
58483,26213
58484,29492
58485,28958
58486,29505
58487,29459
58488,14714
58489,29508
58490,29504
58491,27073
58492,28272
58493,27073
58494,29158
58495,27876
58496,14694
58497,29495
58498,29184
58499,29452
58500,28639
58501,29441
58502,29512
58503,29489
58504,29225
58505,29485
58506,29484
58507,29483
58508,29482
58509,29428
58510,29425
58511,29514
58512,29513
58513,29395
58514,29298
58515,29395
58516,29382
58517,29382
58518,29382
58519,29382
58520,28510
58521,29516
58522,29430
58523,28270
58524,29424
58525,28721
58526,29384
58527,29518
58528,29521
58529,29522
58530,27493
58531,29224
58532,28268
58533,28269
58534,29295
58535,28270
58536,28639
58537,28639
58538,29506
58539,28269
58540,29492
58542,26611
58545,29475
58546,29518
58547,29513
58548,29535
58549,29537
58551,29541
58552,26839
58553,29430
58554,29424
58555,29298
58556,29497
58557,29522
58558,29545
58559,29523
58560,29470
58561,29538
58562,29481
58563,29552
58564,29547
58565,29491
58566,29496
58567,29553
58568,29189
58570,29554
58571,29389
58572,29543
58573,29158
58575,29543
58576,29043
58577,29551
58578,29031
58579,29521
58580,26611
58581,26611
58582,28463
58584,28269
58585,29452
58586,29437
58587,29437
58588,29558
58589,29559
58590,29559
58591,29340
58592,29395
58594,17401
58595,17401
58596,26611
58597,26611
58598,29557
58600,29517
58601,29517
58602,29563
58603,29545
58604,29545
58605,28222
58606,29222
58607,29222
58608,29566
58610,29566
58611,27073
58613,29221
58614,29221
58615,29475
58616,29453
58617,29464
58618,28401
58619,29568
58620,29257
58621,29569
58622,29441
58623,29497
58624,26611
58625,29500
58626,29560
58627,28710
58628,29571
58629,29505
58630,29184
58631,29541
58632,29333
58633,28222
58634,29556
58635,29572
58636,29509
58637,29566
58638,29538
58639,29298
58640,29298
58641,29520
58642,29430
58643,29565
58644,29543
58645,29540
58646,29158
58647,29444
58648,29394
58649,25432
58650,29295
58651,4574
58652,29574
58653,29574
58654,28789
58655,29158
58656,29266
58657,29538
58658,27848
58659,29576
58660,29266
58661,28222
58662,29540
58663,25432
58664,29522
58666,29577
58667,29295
58668,26611
58669,29581
58670,29581
58671,29566
58672,28556
58673,29513
58674,29543
58675,29389
58676,29566
58677,28806
58678,29394
58679,29389
58680,29575
58681,29584
58682,27575
58683,27575
58684,29587
58685,26611
58686,29256
58687,29453
58688,25432
58689,25432
58690,29137
58691,29629
58692,29629
58693,29382
58694,29630
58695,26611
58696,27226
58697,26989
58698,29535
58699,27848
58700,29631
58701,10972
58702,29632
58703,25432
58704,25432
58705,29633
58707,29565
58708,29541
58709,28639
58710,29266
58711,28222
58713,29266
58714,29585
58715,29158
58716,29540
58717,29637
58718,17401
58719,29464
58720,29582
58721,29540
58722,29158
58723,27128
58724,29583
58725,29553
58726,29573
58727,29439
58728,29438
58731,29586
58732,29564
58734,29535
58735,9279
58736,9279
58737,29545
58738,29043
58739,29638
58740,26611
58741,29639
58742,29641
58743,29640
58744,29643
58745,29634
58746,29587
58747,26611
58748,26989
58749,29646
58750,29646
58751,28556
58752,29297
58753,28402
58754,29646
58755,29222
58756,29635
58757,29650
58758,29652
58759,29297
58760,28747
58761,28649
58762,28463
58763,29441
58764,29259
58765,29647
58766,29649
58767,29648
58768,29648
58769,29297
58770,29644
58771,28646
58772,29332
58773,29332
58774,28222
58775,25902
58776,25433
58777,29587
58778,27575
58779,29574
58780,29137
58781,28639
58782,17401
58783,29586
58784,29670
58785,29670
58786,29670
58787,28685
58788,29576
58789,29655
58790,29660
58791,26351
58792,26351
58793,29634
58794,29672
58795,29672
58796,26989
58797,26611
58798,26611
58799,29553
58800,29659
58801,29158
58802,29158
58803,29641
58804,29663
58805,29669
58806,29651
58807,29658
58808,29662
58809,29540
58810,29453
58811,29540
58812,29661
58813,29657
58814,29541
58815,29541
58816,29655
58818,29655
58819,28402
58820,29475
58821,25432
58822,25432
58823,27575
58824,27575
58825,26611
58826,26611
58827,26611
58828,26611
58830,26611
58831,26611
58833,26611
58834,26611
58835,29645
58836,29382
58837,29446
58838,29683
58839,25902
58840,29684
58841,9279
58842,29685
58843,29655
58844,29158
58845,25433
58846,29676
58847,28710
58848,29439
58849,29687
58850,29715
58851,29688
58854,29496
58855,28758
58856,29382
58857,29689
58858,29574
58859,29332
58860,29576
58861,29440
58862,29664
58863,29691
58864,29645
58865,29447
58866,29638
58867,28649
58868,28510
58869,29345
58870,29693
58873,29640
58874,29695
58875,29340
58876,29340
58877,29686
58878,29677
58879,29675
58880,29673
58881,29635
58882,29384
58883,29438
58884,29043
58885,29540
58886,29158
58887,29259
58888,27337
58889,29702
58890,27226
58891,29493
58892,29493
58893,26666
58894,29701
58895,29700
58896,17401
58897,29389
58898,29672
58899,29708
58900,29684
58901,29678
58902,29710
58903,29710
58904,29711
58905,29711
58906,29446
58907,29184
58908,29712
58909,29856
58911,29716
58912,29655
58913,29513
58914,29513
58915,29694
58916,29714
58919,29158
58920,29332
58921,29332
58922,29540
58923,29697
58924,29707
58925,29704
58926,29703
58927,29574
58928,29517
58929,29137
58930,29137
58931,29137
58932,29394
58933,29395
58934,29395
58935,29394
58936,29671
58937,29671
58938,28463
58939,29730
58940,25432
58941,25432
58942,25433
58943,29736
58944,29438
58945,29714
58946,29540
58947,29540
58948,29723
58949,29723
58950,29727
58951,29158
58952,29158
58954,29747
58955,29747
58956,29747
58958,28829
58959,28829
58960,28829
58961,29158
58962,29440
58963,28639
58964,29545
58965,29636
58966,29642
58967,29584
58968,29724
58969,29698
58970,28639
58971,29750
58972,29751
58973,27899
58974,29486
58975,29755
58976,29439
58977,29545
58978,27672
58979,27672
58981,29486
58982,29545
58983,29700
58984,9279
58985,29747
58986,29405
58987,29486
58988,29394
58990,29753
58992,29453
58993,29395
58994,29684
58995,29684
58996,29693
58997,29765
58999,29856
59000,29776
59001,29761
59003,29517
59004,29777
59005,29779
59006,29780
59007,29781
59008,29776
59010,29780
59011,29781
59012,29771
59013,29715
59016,29787
59017,29787
59018,29786
59019,27575
59021,29788
59022,29778
59023,29789
59024,
59025,
59026,
59027,
59028,
59029,29542
59030,
59031,
59032,
59033,
59034,
59035,
59036,
59037,29794
59038,29794
59039,29794
59040,29794
59041,29795
59042,29795
59043,29795
59044,
59045,
59046,
59047,
59048,
59049,29800
59050,29801
59051,29801
59052,29158
59053,27672
59054,27672
59055,29750
59056,29805
59057,29158
59058,29366
59059,29805
59060,29444
59061,29437
59062,29810
59063,29710
59064,29326
59065,28905
59066,28906
59067,28907
59068,28904
59069,28200
59070,29812
59071,29188
59072,29780
59073,29814
59074,29340
59075,29785
59076,29811
59077,29792
59078,29791
59079,29790
59080,29430
59081,29819
59082,29574
59083,29158
59084,29439
59086,29158
59087,29763
59088,29806
59089,29652
59091,25432
59092,29816
59093,29664
59094,29671
59095,29671
59096,29728
59097,25433
59098,29723
59099,29723
59100,28639
59101,28639
59102,29537
59103,29426
59104,29797
59105,29815
59106,29703
59107,29704
59108,29302
59109,29802
59110,29803
59111,29817
59112,29750
59113,29158
59115,29394
59116,29822
59117,29824
59118,29790
59119,29791
59120,29816
59121,29816
59122,29826
59123,29827
59124,29818
59125,29673
59126,29635
59127,29769
59129,27672
59130,29453
59131,29831
59132,29831
59134,29844
59135,29844
59136,29844
59137,29805
59138,28729
59139,29777
59140,29302
59141,29302
59142,27725
59143,29440
59144,17401
59145,25433
59146,29825
59147,25432
59148,29723
59149,29185
59150,29185
59152,26520
59153,29833
59154,29835
59155,29821
59156,
59157,29170
59158,29836
59159,29836
59160,29838
59161,29842
59162,16203
59163,29405
59164,29438
59165,29340
59166,29684
59167,29345
59168,29426
59170,26611
59171,29716
59172,29716
59173,29762
59174,29844
59175,29847
59176,26611
59177,29850
59178,26611
59179,26611
59180,26611
59181,26611
59182,26611
59183,26611
59184,26611
59185,26611
59186,29475
59187,29839
59188,29852
59189,29694
59190,29853
59191,29826
59192,28401
59193,29464
59194,28402
59195,28396
59196,29826
59197,29776
59198,29801
59199,29761
59200,29771
59201,29817
59202,29849
59203,29846
59204,29851
59205,17401
59206,25848
59207,29340
59208,29844
59209,29158
59210,29438
59211,29844
59212,29855
59213,29787
59214,29857
59215,29856
59216,29728
59217,29750
59218,29343
59219,29847
59220,29405
59221,29475
59222,29475
59223,28396
59224,28396
59225,29780
59227,25432
59228,29464
59229,29464
59230,29444
59231,29827
59232,29827
59233,28402
59234,28402
59235,28401
59236,28401
59237,29787
59238,29684
59239,29765
59240,29779
59241,26611
59242,26611
59243,26611
59244,26611
59245,26611
59246,29629
59247,29866
59248,29681
59250,26611
59251,26611
59252,26611
59253,26611
59254,29584
59255,29853
59256,29867
59257,29856
59258,29868
59260,29688
59261,29688
59262,29688
59263,29688
59264,29688
59265,29382
59267,26611
59268,26611
59269,26611
59270,26611
59271,26611
59272,25422
59273,29170
59274,29862
59276,29865
59277,29747
59278,29747
59279,29747
59280,29747
59281,29682
59282,29634
59283,29753
59284,26666
59285,27073
59286,29802
59287,29871
59288,27848
59289,29788
59290,29672
59291,29413
59292,29809
59293,25433
59294,29830
59295,29830
59296,28405
59297,28830
59298,28322
59301,28322
59302,28322
59303,28322
59304,28322
59305,28322
59306,28393
59307,28393
59309,29803
59310,29453
59311,29860
59315,29439
59316,29293
59317,29776
59318,29787
59319,29869
59320,29858
59323,29821
59324,29877
59325,29801
59326,29787
59328,29733
59329,29733
59330,29733
59331,29733
59332,29733
59333,29733
59334,29733
59335,29733
59336,29733
59337,29733
59338,29733
59339,29733
59340,29734
59341,29870
59342,29735
59343,29737
59344,29709
59345,29737
59348,29737
59349,29738
59350,29706
59351,29739
59352,29740
59353,29741
59354,29741
59355,29742
59356,29742
59357,29743
59358,29705
59359,29745
59363,24401
59364,29876
59365,29854
59366,29765
59367,29826
59368,29875
59369,27239
59370,29826
59371,26611
59372,29884
59373,29884
59374,29644
59376,27575
59377,29730
59378,29186
59379,29186
59380,29827
59381,29859
59382,29453
59383,29453
59384,29881
59385,29879
59386,25432
59387,29444
59388,29860
59389,29394
59390,29854
59391,29854
59393,29813
59394,29170
59395,29763
59396,29629
59397,29836
59398,29868
59399,29776
59400,29776
59401,29886
59403,29889
59405,29890
59406,26611
59407,29765
59408,29747
59409,
59410,
59411,
59412,
59413,
59414,
59415,
59416,29635
59417,29885
59418,29810
59419,29891
59420,29891
59421,29867
59422,29856
59423,29765
59424,29856
59429,29767
59430,29767
59431,29767
59432,29045
59434,27575
59435,29892
59436,
59437,
59438,
59439,29672
59440,
59441,
59442,
59443,
59444,
59445,
59446,29843
59447,
59448,
59449,
59450,29863
59451,29780
59452,25537
59453,25537
59454,25537
59455,29642
59456,29813
59457,29762
59458,29823
59459,29305
59460,29305
59461,29804
59462,29893
59463,29684
59464,29684
59465,29902
59466,29684
59467,29903
59468,29904
59469,29394
59470,29394
59471,29855
59472,29854
59473,29827
59474,29827
59475,29672
59476,29863
59477,29869
59478,29907
59479,29941
59480,29883
59481,29944
59482,29836
59483,29382
59484,29857
59485,29945
59486,25433
59487,29816
59488,29475
59489,29946
59490,25432
59491,29827
59492,27073
59493,26611
59494,29950
59495,29884
59496,29426
59497,29486
59498,29818
59499,29753
59500,29908
59501,29908
59503,
59504,
59505,
59506,29716
59507,29949
59508,29885
59509,29885
59510,29430
59511,28556
59512,29952
59513,29486
59514,29953
59516,29498
59518,29957
59519,26520
59520,29694
59521,29694
59522,29185
59523,25433
59524,29856
59525,29958
59526,29960
59527,29888
59528,29886
59529,29974
59530,29975
59532,27073
59533,29765
59534,29475
59535,29672
59536,29794
59537,29830
59538,29513
59539,29780
59540,24738
59541,24738
59542,24738
59543,29749
59544,29749
59545,29749
59546,28556
59547,29394
59548,29885
59549,29876
59550,29816
59551,29844
59552,25432
59553,29946
59554,29186
59556,29186
59557,29827
59558,29818
59559,29818
59560,29966
59561,29977
59563,29990
59564,29186
59565,29992
59567,29765
59568,30000
59569,30001
59570,29997
59571,29453
59572,29394
59573,30002
59574,30002
59575,29999
59576,29966
59577,30002
59578,29763
59579,29439
59580,29439
59581,29644
59582,29394
59583,29830
59585,29849
59586,29849
59587,29957
59588,28396
59589,29844
59590,29884
59591,29747
59592,29813
59594,30006
59595,29886
59596,29889
59597,30010
59598,30011
59599,30012
59600,30013
59601,29863
59602,29856
59603,29977
59604,28556
59605,25433
59607,26666
59608,29475
59609,29475
59610,30009
59611,30005
59612,30005
59613,30004
59614,30004
59615,29948
59616,29954
59617,30025
59618,29186
59619,29186
59620,29790
59621,28392
59622,29891
59623,30031
59624,29763
59625,29813
59626,30003
59627,27073
59628,30020
59629,30032
59630,30019
59631,30002
59632,30007
59633,30007
59634,26666
59635,30013
59636,29957
59637,29394
59638,29635
59639,29747
59640,29045
59641,29813
59642,21681
59643,30024
59644,25433
59645,29642
59646,26431
59647,28499
59648,28499
59649,29885
59650,29966
59651,28557
59652,30026
59653,30027
59654,26213
59655,29694
59656,30037
59657,29644
59659,29794
59660,29990
59661,29901
59662,29901
59663,29897
59664,29898
59665,29900
59667,29899
59668,29780
59669,30012
59670,30026
59671,29753
59672,30010
59673,30026
59674,26611
59675,26611
59676,26611
59677,26611
59678,26611
59679,26611
59680,26611
59681,26611
59682,26611
59683,26611
59684,29366
59685,29366
59686,29366
59687,29366
59688,29366
59689,28557
59690,30003
59691,25432
59692,30018
59693,
59694,
59695,
59696,
59697,28757
59698,28757
59699,30128
59700,28757
59701,28757
59702,30014
59703,30040
59704,30016
59705,29790
59706,29790
59707,30011
59708,29790
59709,29827
59710,29827
59711,30051
59712,30041
59713,21166
59714,30022
59716,30052
59718,26520
59721,30056
59722,30037
59724,28416
59725,30002
59726,29976
59727,29396
59728,29999
59729,29999
59730,21681
59731,29813
59733,28322
59734,29959
59735,29959
59736,29293
59737,29994
59738,28557
59740,30043
59741,30044
59742,30048
59743,29947
59744,28729
59745,29884
59746,29952
59747,29867
59748,30059
59749,30060
59750,29966
59751,
59752,30064
59753,29045
59754,25433
59756,30072
59757,30073
59758,29886
59759,29966
59760,29908
59761,29885
59762,28556
59764,30078
59765,29856
59766,29856
59769,30086
59772,30079
59774,30091
59775,29394
59776,29694
59777,30013
59778,30086
59779,30080
59781,26666
59782,29884
59783,30095
59784,30080
59785,30012
59786,30093
59789,30032
59790,29396
59791,29816
59792,28824
59793,29186
59794,29186
59795,30072
59796,29908
59797,26611
59798,29365
59799,26611
59800,26611
59801,26611
59802,26611
59803,29365
59805,29365
59806,29365
59807,30046
59808,30045
59809,30042
59810,29830
59811,30009
59812,29790
59813,30107
59814,30107
59815,30107
59816,30073
59817,29946
59818,30006
59819,29885
59820,29293
59821,30092
59822,30106
59823,30071
59824,30070
59825,30007
59826,30058
59827,27073
59828,29642
59829,30007
59830,29635
59831,26431
59832,30099
59833,30002
59834,29681
59835,26972
59836,29990
59837,30072
59838,30072
59839,328
59840,29949
59841,29949
59842,29366
59843,29366
59844,29366
59845,29366
59846,29366
59847,29366
59848,29366
59849,29366
59850,29366
59851,29366
59853,29366
59854,29366
59855,29366
59856,29366
59857,29365
59858,29365
59859,29365
59860,29365
59861,29365
59862,29365
59863,29365
59864,29365
59865,29365
59866,29365
59867,29365
59868,29365
59869,29365
59870,29365
59871,29365
59872,30118
59873,29521
59874,25432
59875,30121
59876,29394
59877,29398
59878,29398
59879,29715
59880,29521
59881,29521
59882,29398
59883,29394
59884,29186
59885,29900
59886,29900
59887,29884
59888,29900
59889,29885
59890,29521
59891,29394
59892,29994
59893,25432
59894,29521
59895,28426
59896,30122
59897,30022
59898,21166
59899,29780
59900,30013
59901,29224
59903,30086
59904,30214
59905,29719
59907,30288
59908,30410
59909,30288
59910,30086
59911,29719
59913,29224
59914,29719
59917,30080
59918,30080
59919,30079
59920,30187
59921,29790
59922,30117
59923,29856
59924,29858
59925,29867
59926,29688
59927,30019
59928,29816
59929,30132
59930,29844
59931,28557
59932,30133
59933,28558
59934,28558
59935,28322
59936,28322
59937,28322
59938,28322
59939,28393
59940,28322
59941,28322
59942,28322
59943,28322
59944,28322
59945,28322
59946,28322
59947,28322
59950,29985
59952,29987
59953,29949
59954,29856
59955,29396
59957,29228
59958,29228
59959,29760
59961,29230
59962,29884
59964,30135
59965,21963
59966,30123
59967,29790
59968,30139
59969,30140
59970,29986
59971,29986
59972,30120
59973,30120
59974,29985
59975,30183
59976,30007
59977,29989
59978,30024
59980,28499
59981,29957
59982,30124
59983,30002
59984,30131
59985,30136
59986,30136
59987,30012
59989,30053
59990,30063
59991,29955
59992,29977
59993,30146
59994,29998
59996,30028
59997,29895
59998,29896
60000,30183
60001,30186
60002,30176
60003,30119
60004,29328
60005,29328
60006,30145
60007,29328
60009,30178
60010,30234
60012,30153
60013,30127
60014,29816
60015,30147
60016,29884
60017,29760
60018,28499
60019,30105
60023,30098
60024,30098
60028,29884
60029,29521
60030,29876
60031,29957
60032,29957
60033,29396
60034,29816
60035,29780
60037,30121
60038,30162
60039,30163
60040,30010
60041,29886
60042,29962
60043,29962
60044,29949
60045,16203
60048,
60049,27073
60050,30177
60057,29402
60058,29402
60059,30171
60060,30179
60061,29884
60062,29521
60063,29947
60064,29401
60065,29401
60066,30042
60067,29813
60068,30158
60069,30180
60070,30119
60071,29813
60073,29387
60075,29959
60077,30120
60078,29797
60079,29959
60081,29398
60082,30053
60083,30175
60084,29400
60085,30045
60086,30045
60087,29962
60088,29962
60089,29962
60090,29962
60091,29402
60094,29995
60095,30044
60098,29401
60099,29401
60100,30011
60101,29045
60102,21166
60103,30008
60104,29521
60105,29957
60106,30086
60107,30288
60111,30107
60112,29394
60113,30196
60114,30187
60115,30185
60116,30182
60117,29900
60118,30093
60119,30024
60120,29522
60121,29455
60122,29455
60123,30086
60124,30199
60125,29957
60126,26431
60129,30203
60130,30124
60131,30210
60132,25432
60133,25432
60138,29221
60139,29221
60140,29221
60141,29224
60143,30094
60144,30094
60145,30137
60150,30580
60151,29642
60152,29642
60153,30011
60155,29957
60156,30206
60157,30196
60158,30196
60159,30175
60160,30148
60161,30173
60162,30096
60163,328
60165,30204
60167,30079
60168,29884
60170,29394
60171,29398
60172,29401
60175,29816
60176,29816
60177,29816
60178,28558
60179,30192
60180,30194
60181,30195
60182,30032
60183,29395
60184,29221
60188,29522
60190,29438
60191,30013
60192,30214
60193,26839
60194,26260
60195,29901
60197,
60199,
60200,30229
60201,30230
60205,
60206,29513
60207,29513
60210,30122
60211,25432
60212,30064
60213,29749
60214,30204
60215,29522
60216,29394
60217,29400
60218,30230
60219,30230
60220,29517
60221,29821
60222,29695
60223,29958
60224,29395
60225,29838
60226,30231
60227,29387
60228,27337
60229,30093
60230,30215
60231,28558
60233,30205
60234,29045
60235,30032
60236,30032
60237,30216
60238,30224
60239,29693
60240,28499
60241,30175
60242,30180
60243,30203
60244,30053
60245,30222
60246,30045
60247,30217
60248,30232
60249,30228
60250,30132
60251,30118
60252,29396
60253,30226
60254,30227
60255,29438
60256,29395
60257,29395
60259,29400
60261,29400
60262,30232
60263,29439
60264,29439
60265,30218
60266,30218
60267,25432
60268,30236
60269,29400
60270,30238
60271,25433
60272,29396
60273,29901
60274,29898
60275,29897
60276,27337
60277,30221
60284,
60285,
60287,27344
60289,27344
60290,27344
60291,27344
60292,27344
60293,27344
60294,27344
60295,27344
60296,27344
60297,27344
60298,30079
60300,28323
60301,29645
60302,30041
60303,29882
60304,29856
60305,30239
60306,30240
60307,29958
60308,29958
60309,29958
60310,29715
60311,30241
60312,30242
60313,30243
60314,21963
60315,30244
60316,30245
60317,30152
60318,29884
60319,30256
60320,29886
60321,30093
60322,30258
60324,30095
60327,30251
60328,30251
60329,30247
60330,30247
60331,30238
60332,29455
60334,29396
60336,29396
60337,30259
60338,25432
60339,28499
60340,30044
60341,30233
60343,29995
60344,30233
60345,30216
60346,30175
60347,21963
60348,21963
60349,30252
60351,30153
60352,30028
60355,30238
60356,30260
60364,30267
60366,29221
60367,30097
60369,29221
60370,29221
60371,29221
60372,29221
60373,29224
60374,29224
60375,29224
60376,29224
60377,31011
60378,30098
60379,30098
60381,30098
60382,30098
60383,30098
60384,29482
60387,30826
60390,30269
60391,30269
60392,30269
60393,30269
60394,30269
60395,30269
60397,30269
60398,30825
60399,30269
60400,30267
60401,30077
60402,30097
60404,30097
60406,30268
60407,30251
60409,30079
60410,29230
60411,29884
60412,30255
60413,29884
60414,30093
60415,
60416,30271
60417,30283
60418,30284
60419,30079
60420,30285
60421,30262
60422,30015
60423,30243
60424,30241
60425,30287
60426,29780
60427,30266
60428,30290
60430,27344
60432,30246
60433,30246
60434,30280
60435,30185
60436,28558
60438,30292
60439,30292
60440,29395
60441,30264
60442,30055
60443,30054
60446,30297
60447,30297
60448,29396
60450,30299
60452,30302
60454,30272
60455,30270
60456,25433
60457,30086
60458,30265
60459,29229
60460,29759
60461,30228
60462,30254
60463,30254
60464,25432
60465,26611
60466,26611
60467,26611
60468,26611
60469,26611
60470,26611
60471,26611
60472,26611
60473,26611
60475,29395
60476,30322
60477,27344
60479,30045
60480,30324
60482,29399
60483,29399
60484,30273
60485,30053
60486,30319
60487,30319
60488,29947
60489,30291
60490,30282
60491,30246
60492,29899
60493,30120
60494,25433
60495,30251
60496,30329
60498,30328
60499,30258
60500,30659
60502,
60503,30271
60504,30290
60505,30012
60506,29229
60507,30045
60508,30401
60509,30246
60511,24401
60512,20166
60513,30391
60515,30392
60516,30389
60517,30390
60518,29884
60519,29884
60520,28322
60525,28322
60526,28322
60530,30302
60531,28322
60532,25432
60533,30326
60534,30770
60536,25433
60537,25433
60538,30264
60539,30185
60540,29398
60541,29398
60542,30324
60543,30324
60544,30411
60546,30412
60547,29399
60548,29399
60550,29399
60551,30412
60552,28759
60553,28759
60555,30605
60556,30095
60557,30080
60561,28499
60562,30203
60563,29399
60564,30222
60565,30385
60566,30386
60567,29999
60569,29884
60570,30238
60571,30413
60572,30213
60573,29728
60574,27344
60575,30003
60576,30420
60577,30118
60578,29394
60579,
60580,30271
60581,30422
60582,30290
60583,30428
60584,29394
60585,29998
60586,30414
60587,30203
60588,28558
60589,29394
60590,29399
60591,30426
60592,30126
60593,30045
60594,30396
60595,30395
60596,30400
60597,30399
60598,30398
60599,30397
60600,30325
60601,30420
60602,30307
60603,26213
60604,26213
60605,27344
60606,25432
60607,25432
60608,30428
60609,30080
60610,29387
60611,29759
60612,29230
60613,30405
60614,30407
60615,30406
60616,30421
60617,30404
60618,30428
60620,30467
60621,29719
60623,30593
60624,30436
60625,30159
60626,30271
60627,30287
60628,30438
60629,30266
60630,30442
60631,30440
60632,30439
60633,26611
60635,26611
60636,26611
60637,26611
60638,26611
60639,26611
60640,26611
60643,30241
60644,30441
60645,29958
60646,30013
60647,28558
60648,30414
60649,29998
60650,30400
60651,30251
60652,30396
60653,29394
60654,29396
60656,29401
60657,30086
60658,29398
60659,29398
60660,30449
60661,30452
60662,21497
60663,29396
60664,28556
60665,28557
60666,25432
60667,30297
60668,29229
60669,30254
60670,21166
60671,30153
60673,30222
60674,29733
60675,30456
60676,30455
60677,30324
60678,30324
60679,30425
60680,29399
60682,29399
60683,29400
60684,29396
60685,29396
60686,29816
60688,29402
60691,30419
60692,30453
60693,30124
60694,30454
60695,28655
60696,29947
60697,30045
60698,30457
60699,30203
60700,27344
60701,30323
60702,30435
60703,30435
60704,30388
60705,30388
60706,29884
60707,29987
60708,30502
60709,30833
60711,30227
60713,30465
60714,30466
60715,30466
60716,29719
60718,30013
60719,30752
60720,30752
60721,30752
60723,
60724,
60725,30604
60726,30486
60727,29973
60728,29973
60729,29973
60732,30470
60733,30471
60734,30226
60735,30428
60736,29401
60737,29395
60738,30387
60740,30474
60741,25432
60742,28393
60743,30473
60744,28499
60745,29401
60746,29394
60747,29395
60749,30465
60750,30482
60751,30483
60752,30140
60753,30439
60754,30041
60755,30018
60756,29973
60760,28322
60761,28322
60762,30323
60764,28323
60765,28323
60766,28323
60767,28323
60769,30477
60770,29394
60771,30476
60772,30479
60773,30478
60774,30414
60775,28558
60776,30399
60777,30396
60778,30395
60779,29513
60780,30456
60782,30297
60783,
60784,
60786,28382
60788,30459
60789,28499
60790,30492
60791,30493
60792,30493
60793,30494
60794,30494
60795,30455
60796,30440
60797,30440
60798,30463
60799,30463
60800,29401
60801,29402
60802,29399
60803,29395
60804,30045
60805,10933
60806,30433
60807,30501
60808,30182
60809,
60812,30503
60814,29394
60815,30508
60816,30251
60817,30497
60819,30455
60821,30509
60822,30292
60823,30510
60825,29715
60826,30327
60827,30282
60828,30457
60829,30251
60830,30297
60831,30475
60832,30475
60833,30432
60834,30437
60835,26488
60836,30449
60837,29387
60839,30388
60840,28556
60841,28556
60842,28557
60843,28557
60844,30456
60845,30086
60846,30506
60847,27073
60848,30251
60849,30097
60850,30514
60851,30141
60852,30154
60853,30144
60854,28655
60855,30465
60857,30454
60858,30516
60859,30517
60860,30466
60861,30518
60862,29882
60863,30262
60864,30461
60865,30432
60867,25432
60868,25432
60869,27073
60870,30395
60871,30396
60872,30482
60873,30465
60874,30082
60875,30084
60876,30085
60877,30417
60878,30449
60879,28390
60880,28390
60881,28390
60882,30563
60883,30565
60884,29399
60885,28403
60886,28410
60887,28407
60888,28829
60889,
60890,
60891,30564
60892,30564
60893,30564
60894,29399
60895,29396
60896,29400
60897,29402
60898,30567
60899,29395
60900,30251
60901,28409
60902,28405
60903,28830
60904,30571
60905,30508
60906,28647
60907,28647
60908,30054
60909,30535
60910,30519
60911,30292
60913,29394
60914,29394
60915,30568
60916,30267
60917,28647
60918,30433
60919,30482
60920,30263
60921,29820
60922,30458
60923,27528
60924,27528
60925,30172
60926,21963
60927,29947
60928,30326
60929,30325
60931,30328
60932,30327
60933,30579
60934,30580
60935,30581
60936,30581
60937,29720
60938,30080
60939,23671
60940,29798
60941,30167
60942,30080
60943,30013
60944,30584
60945,30262
60946,10933
60947,30578
60948,30513
60949,30593
60950,30584
60951,29593
60953,30572
60954,30082
60955,30084
60956,30085
60957,30571
60959,28382
60960,28405
60961,28409
60962,28410
60963,27528
60964,27528
60965,27528
60966,30422
60967,30086
60968,30456
60969,29396
60970,29399
60971,30601
60972,30603
60973,30602
60974,30251
60975,30078
60976,29760
60977,354
60978,354
60979,29228
60980,30098
60981,29091
60982,30604
60983,30604
60984,30604
60986,30607
60987,30608
60988,30609
60989,30617
60991,29816
60992,29401
60993,30600
60994,30623
60995,30251
60996,30624
60997,30624
60998,30606
60999,30466
61000,30623
61001,30467
61002,29400
61003,30568
61004,30465
61005,30458
61006,30455
61007,30606
61008,29402
61009,30086
61010,30579
61011,29798
61013,29720
61015,30581
61016,30169
61017,30168
61018,30640
61021,28410
61022,28409
61023,28405
61024,28382
61025,28556
61026,30645
61027,23671
61028,30644
61029,26611
61030,30631
61031,30647
61032,30600
61033,29763
61034,30418
61035,29292
61036,29292
61037,29294
61038,30649
61039,30650
61040,30418
61041,30639
61042,30636
61043,30634
61044,30638
61045,30449
61046,30449
61047,30648
61048,30599
61049,30599
61050,30455
61051,30238
61052,30172
61053,30632
61054,30631
61055,30267
61056,29954
61057,28405
61058,28397
61059,28399
61060,30141
61061,30455
61062,30217
61063,30217
61064,30219
61065,30656
61066,30080
61067,30482
61068,30632
61069,30653
61070,30653
61071,30623
61072,10933
61073,30414
61074,28558
61075,29816
61076,29400
61077,29400
61078,29400
61079,30098
61080,30789
61081,30664
61082,30086
61083,26611
61084,26611
61085,21963
61086,26611
61087,26611
61088,30652
61089,30566
61090,30579
61091,30080
61092,30086
61093,30013
61094,29899
61095,30821
61096,29731
61097,28323
61098,28323
61099,28323
61100,30262
61101,30263
61102,29882
61103,30626
61104,30635
61105,26611
61106,30465
61110,21963
61111,30666
61112,28664
61113,29895
61114,30669
61115,28511
61116,28511
61117,28831
61118,30670
61119,28832
61121,30678
61122,30681
61123,29737
61125,28511
61126,30656
61127,30682
61128,30682
61129,30535
61130,26611
61131,26611
61132,26611
61134,30721
61135,29731
61136,30703
61137,29731
61138,30709
61140,30941
61141,30686
61142,29731
61143,29731
61144,29731
61147,29731
61148,29731
61149,30745
61150,29731
61152,29731
61153,30896
61154,30941
61157,
61158,
61159,
61161,30098
61163,30690
61164,29294
61167,30679
61169,30658
61170,30658
61171,30658
61172,30658
61173,30658
61177,27423
61179,
61180,30586
61181,30586
61182,29645
61183,30635
61184,30579
61185,30453
61186,30086
61187,30013
61188,30751
61189,30750
61190,30626
61191,30622
61192,30652
61193,30262
61194,30755
61196,30754
61197,30760
61198,30763
61199,30761
61200,30762
61201,30651
61202,30466
61203,30013
61204,30765
61205,30764
61206,30767
61207,30767
61208,30143
61210,29244
61212,30766
61213,30767
61214,21681
61215,30442
61216,30454
61218,30297
61219,30749
61220,30749
61221,30756
61222,30756
61223,30757
61224,30757
61225,30769
61226,29998
61227,30570
61228,30570
61229,30771
61230,29137
61231,30502
61232,21963
61233,29137
61234,29137
61235,29137
61236,28556
61237,30494
61238,30167
61239,26260
61240,29399
61241,30649
61242,29402
61243,29394
61244,29395
61245,30748
61246,30748
61247,29396
61248,30120
61249,30504
61250,30502
61251,30496
61252,30437
61254,30623
61255,30663
61256,30458
61257,30414
61258,28558
61259,28557
61260,30665
61261,30665
61262,30665
61263,30258
61264,29401
61265,29401
61266,30262
61267,30262
61268,26611
61269,26611
61273,30535
61275,28397
61276,28397
61277,29399
61278,29816
61279,29816
61280,29816
61281,30080
61282,30776
61283,30579
61284,30628
61285,29394
61286,30773
61287,29395
61288,29396
61289,30779
61290,30622
61291,30692
61292,30013
61293,30756
61294,30756
61295,30756
61296,30749
61297,30749
61298,30749
61299,30086
61300,30449
61301,30631
61302,30680
61303,30772
61304,30661
61305,30661
61306,29402
61307,29402
61308,
61310,29137
61311,30631
61312,30579
61313,30782
61314,30783
61315,30784
61316,30786
61317,28655
61318,30080
61319,28557
61320,28558
61321,30791
61322,30466
61323,30791
61324,28322
61325,30793
61326,30606
61327,30606
61328,26213
61329,30794
61330,30794
61331,30795
61332,29749
61333,30658
61334,30658
61335,30796
61337,30794
61338,30535
61339,30262
61340,29400
61341,30769
61342,30082
61343,29399
61344,30623
61345,30420
61346,30775
61347,30721
61348,30903
61349,30721
61350,30722
61351,30713
61352,30723
61353,29442
61354,29442
61355,30178
61356,30677
61357,30676
61359,30674
61361,30474
61362,29396
61363,29394
61364,27887
61365,29395
61366,30798
61367,30797
61368,30791
61369,30535
61370,30622
61371,30626
61372,21963
61373,30799
61374,30570
61375,30801
61376,29400
61377,29399
61378,30757
61379,30770
61380,28559
61381,28559
61382,28560
61383,30806
61384,30807
61385,25422
61386,25422
61387,25422
61388,28323
61389,30810
61390,30811
61391,30705
61392,30797
61393,30815
61394,30819
61395,30782
61396,30622
61397,30660
61398,29816
61399,26611
61400,30824
61401,28499
61402,28499
61403,30823
61404,28557
61405,28558
61406,29816
61407,29816
61408,30623
61409,30814
61410,30814
61411,29396
61412,29396
61413,30799
61414,30820
61415,30820
61416,29394
61417,30758
61418,30758
61419,30794
61420,30688
61421,30688
61422,30774
61423,30757
61424,30822
61425,16203
61426,29228
61427,29900
61428,30098
61429,29954
61430,30653
61431,29954
61432,29229
61433,30653
61434,30599
61435,29760
61436,29230
61437,30098
61438,29759
61439,30098
61441,30606
61443,29137
61444,30653
61445,30671
61446,30685
61448,30657
61449,30397
61450,30622
61451,30622
61452,30797
61453,30797
61454,30635
61455,30635
61456,30623
61457,29398
61458,29400
61459,29400
61462,29395
61463,30024
61464,30784
61465,30570
61466,30827
61467,30827
61468,30830
61469,30185
61470,30831
61471,30794
61472,28560
61475,30832
61476,30084
61477,30085
61478,30808
61479,30082
61480,30809
61481,29395
61482,30819
61483,21963
61484,30626
61485,30836
61486,30766
61487,29835
61489,30840
61490,30264
61491,30264
61492,30264
61493,30811
61494,30789
61495,30758
61496,30758
61497,30819
61498,30639
61499,30638
61500,30767
61501,30749
61502,30830
61503,30622
61504,29645
61505,30626
61506,31012
61507,30586
61508,30586
61509,30967
61510,30008
61512,30660
61513,30681
61514,30835
61516,30847
61517,30844
61518,30844
61519,30822
61520,30822
61521,30822
61522,30814
61523,30814
61525,30814
61526,30814
61527,30814
61528,30820
61529,30820
61531,30837
61532,30826
61533,28561
61534,28561
61535,28561
61536,30827
61537,30791
61538,30791
61539,30757
61540,30254
61542,30845
61543,30842
61544,30665
61547,30466
61548,29244
61549,29244
61550,30845
61553,30623
61554,30842
61556,30842
61557,30606
61558,30825
61559,30653
61560,28511
61561,28511
61562,30853
61563,30856
61564,
61565,30860
61566,29294
61567,30770
61568,30833
61569,31035
61575,28322
61576,23014
61580,28322
61581,28323
61582,28325
61583,28322
61584,28322
61585,28322
61586,28322
61587,28322
61588,28322
61590,29899
61591,29899
61593,31011
61594,29224
61595,29899
61596,29224
61597,29224
61598,29224
61599,29224
61600,29899
61601,29899
61602,29899
61603,29899
61604,31011
61605,30096
61608,29483
61609,29428
61610,27691
61611,30875
61612,30876
61613,27742
61614,30877
61615,30482
61616,30878
61617,30878
61618,30879
61619,30879
61620,30879
61621,30482
61622,30881
61623,30814
61624,29399
61625,30948
61627,30948
61628,30948
61629,28322
61630,28322
61631,28322
61632,30949
61633,30952
61634,30952
61635,30948
61636,30013
61637,30581
61638,30953
61639,30954
61640,30810
61641,30955
61642,30956
61643,30957
61644,30958
61645,30165
61646,30960
61647,30961
61648,30709
61649,30964
61650,30871
61651,30959
61652,30829
61653,27344
61654,30458
61655,29366
61656,29816
61657,30965
61658,30963
61659,30757
61660,29366
61661,30761
61662,
61663,30824
61664,30749
61665,30665
61667,30665
61669,30665
61670,30665
61672,30606
61673,30088
61674,30087
61675,30081
61676,30962
61677,30791
61678,30854
61679,14723
61680,30944
61681,29244
61683,30468
61684,10972
61685,30873
61686,30756
61687,21681
61688,30883
61689,29970
61690,30951
61691,30809
61693,30946
61694,27092
61695,29968
61696,30945
61697,27091
61698,30635
61699,21681
61700,31205
61702,31206
61703,31207
61704,30827
61705,30971
61706,30851
61707,30653
61708,30758
61709,30661
61712,30852
61713,29954
61714,29482
61715,30827
61716,30749
61718,30837
61719,30756
61720,30837
61721,29396
61722,29396
61724,29401
61725,29400
61726,29366
61727,29402
61728,29398
61730,30951
61732,30951
61733,30951
61735,30845
61736,30845
61737,30758
61738,30570
61739,30791
61740,30972
61741,30974
61742,30975
61743,30950
61744,29816
61745,30976
61747,30756
61748,31136
61749,31040
61750,31137
61752,31140
61753,31140
61754,31140
61755,31140
61756,30586
61757,30586
61758,30586
61759,30586
61760,30586
61761,30586
61762,30856
61763,29224
61764,29224
61765,29224
61766,29224
61767,29224
61768,31011
61769,31011
61770,31011
61771,31011
61772,31011
61773,29899
61774,29899
61775,29899
61776,29899
61777,29899
61778,29223
61779,29223
61780,31255
61781,29223
61782,29223
61783,30713
61784,30468
61785,30953
61787,30751
61788,30635
61789,30586
61790,29732
61791,29732
61792,30842
61793,30814
61794,21963
61795,30968
61796,30820
61797,30820
61800,30660
61801,9279
61803,30979
61804,30979
61806,30186
61807,30083
61808,30986
61809,30219
61810,30826
61811,29954
61812,30854
61813,30987
61814,30297
61815,29292
61816,29294
61817,30988
61818,30989
61820,30989
61823,29720
61825,30954
61826,29720
61827,29720
61828,29229
61830,29200
61833,30990
61835,30991
61836,30847
61837,30981
61838,30981
61840,30280
61841,30955
61842,28323
61844,28323
61845,28323
61846,28390
61847,28323
61849,28323
61850,28323
61851,28323
61852,30992
61853,30963
61854,30756
61855,30756
61856,30482
61857,30475
61858,29375
61859,29375
61860,31006
61861,30196
61862,30635
61863,30433
61864,30426
61865,28323
61866,31010
61867,30980
61868,30980
61869,30862
61870,31009
61871,30827
61872,30827
61873,30749
61874,30749
61875,30873
61876,31004
61877,31003
61878,30606
61879,30773
61880,30982
61881,30634
61882,30849
61883,30285
61884,29517
61885,29224
61886,29224
61887,31011
61888,31011
61889,30863
61890,31011
61891,31175
61892,29224
61893,29224
61894,31011
61895,29224
61896,30959
61897,30829
61898,26611
61899,29365
61900,29365
61901,26611
61902,29365
61903,29365
61906,26611
61907,26611
61908,26611
61909,29365
61910,29365
61911,29365
61912,29365
61913,30186
61914,31013
61915,14723
61916,29224
61917,30875
61918,30876
61919,31017
61920,29396
61921,30814
61922,30814
61923,30814
61924,30833
61925,30749
61926,29398
61927,28561
61928,31018
61929,31019
61930,31020
61931,31021
61932,21252
61933,21275
61934,21272
61935,21274
61936,26213
61941,26213
61943,30468
61944,30297
61945,30999
61946,29396
61947,30636
61948,30623
61949,30623
61950,29366
61951,29366
61952,29366
61953,29366
61954,29366
61955,30756
61956,31014
61957,30650
61958,30686
61959,30635
61960,30859
61961,30579
61962,30634
61963,31022
61964,30956
61965,29442
61966,29442
61983,30968
61984,29560
61985,29645
61986,30968
61987,29399
61988,29401
61989,29399
61990,29401
61991,30820
61992,30397
61993,30398
61994,31023
61995,31033
61996,30879
61997,30397
61998,30606
61999,30749
62000,31023
62001,30808
62002,30809
62003,30081
62004,30087
62005,31024
62008,30984
62009,30951
62010,30951
62012,31034
62013,29401
62014,29396
62015,29396
62019,30963
62020,30458
62021,30660
62022,30653
62023,30756
62024,29236
62025,28561
62026,29961
62027,29742
62028,30981
62029,30981
62030,28390
62031,30664
62032,30604
62033,30980
62034,31039
62035,31039
62036,31039
62038,31041
62039,30980
62040,31010
62041,28664
62042,26611
62046,31038
62047,31036
62048,31014
62049,31028
62050,31044
62051,30949
62052,31032
62053,21681
62054,21681
62055,21681
62056,21681
62057,21681
62058,21681
62060,21681
62061,21681
62062,31042
62063,31051
62064,31025
62066,31043
62067,31043
62068,30829
62069,26213
62070,30873
62071,31045
62072,31045
62073,30584
62075,30478
62076,31049
62077,30479
62078,31046
62079,31052
62081,31054
62082,21681
62083,31050
62084,31048
62086,30638
62087,30639
62088,30820
62089,30758
62090,30845
62091,29400
62092,30636
62093,30724
62094,29731
62095,30581
62096,30579
62097,30810
62098,30957
62099,30958
62100,30988
62101,30829
62102,30660
62103,26611
62104,31061
62105,31062
62106,31063
62107,29844
62108,30856
62109,29816
62110,30398
62111,28561
62112,30081
62113,30406
62114,30085
62115,30405
62116,
62117,
62118,29229
62119,30749
62120,31057
62121,
62122,31056
62123,31055
62124,31047
62126,30681
62127,31065
62128,23435
62129,30468
62130,30814
62131,30987
62132,30763
62133,26611
62134,30967
62135,30965
62136,31020
62137,31067
62138,30837
62139,30756
62140,30837
62141,30814
62142,30756
62143,30820
62144,31068
62145,30820
62146,31009
62147,30820
62148,31064
62149,30845
62150,30814
62151,30635
62152,30657
62153,30579
62155,27687
62156,31069
62157,31070
62158,30847
62159,31071
62160,31077
62161,31076
62163,29401
62164,29401
62165,
62166,27692
62167,30948
62168,31074
62169,31075
62171,30866
62172,30867
62173,30868
62174,31108
62175,31110
62176,31112
62177,31104
62178,29400
62179,29400
62180,29740
62181,29745
62182,29735
62183,29737
62185,30749
62186,30756
62187,29734
62188,29741
62189,29743
62190,29844
62191,29733
62192,29733
62193,29816
62194,31117
62195,30634
62196,30639
62197,30638
62198,30264
62199,30956
62200,30955
62201,30581
62202,30686
62203,30458
62204,23014
62205,30758
62206,28561
62207,21252
62208,31118
62209,30820
62210,30814
62211,30837
62212,30623
62213,31123
62214,30756
62215,31122
62216,30674
62217,30676
62218,30677
62219,31124
62220,29375
62221,29482
62222,31125
62223,29483
62224,29484
62225,30635
62226,30635
62227,30980
62228,30980
62229,30989
62230,30814
62231,30219
62233,30949
62234,30981
62236,31119
62237,31129
62239,30814
62240,31132
62241,31126
62242,30749
62243,16203
62244,30956
62245,31133
62246,31133
62247,29400
62248,29400
62249,29400
62251,29749
62252,30638
62253,30984
62254,30635
62255,30653
62258,31125
62259,30999
62260,28561
62261,30980
62264,30650
62266,28719
62267,31136
62268,31139
62269,31147
62270,31058
62271,27423
62272,30675
62273,21963
62274,21963
62275,30462
62276,30634
62277,30636
62278,31138
62279,29401
62280,30809
62281,30087
62282,31150
62283,31040
62284,31134
62285,31152
62286,29484
62287,
62288,30981
62289,30981
62290,31118
62292,29749
62294,28390
62295,30880
62296,30880
62297,31160
62298,30454
62304,30477
62305,30477
62306,31046
62307,30479
62308,30478
62309,31039
62310,31018
62311,31161
62312,31162
62313,31163
62314,31164
62315,31148
62316,30963
62317,31165
62318,30658
62319,30658
62320,30658
62321,30658
62322,31143
62323,30658
62325,30687
62326,30687
62329,29401
62331,30458
62332,31149
62333,30980
62340,31167
62341,30599
62342,29229
62343,30096
62344,29425
62346,31168
62347,31168
62349,31168
62351,30749
62352,28254
62353,30671
62354,28322
62355,24049
62356,29745
62358,31167
62359,31148
62360,31148
62361,30820
62362,30957
62363,30820
62364,30963
62365,31170
62366,26611
62367,26611
62368,31168
62369,30320
62371,26611
62372,10972
62373,31052
62374,30606
62375,30856
62376,30458
62377,30634
62378,30638
62379,30809
62381,29292
62382,29517
62383,31118
62384,31159
62385,31133
62386,31169
62387,31149
62388,16203
62389,16203
62390,31179
62391,16203
62393,16203
62397,31154
62398,31153
62399,31151
62400,31180
62401,31182
62402,28562
62403,28562
62404,16204
62405,16204
62406,29698
62407,31132
62408,31178
62409,30981
62410,30981
62411,30798
62412,28391
62413,31134
62414,30462
62415,31187
62417,16203
62418,31014
62419,30994
62420,29425
62421,30845
62422,31183
62423,30638
62424,
62425,
62426,31190
62427,31184
62428,30963
62429,31180
62430,26611
62431,31145
62432,31145
62433,31176
62434,30686
62435,30675
62436,29517
62437,31123
62438,31168
62441,31192
62442,31176
62443,31180
62444,30988
62445,31193
62446,30307
62447,30307
62449,
62450,30671
62451,30671
62452,31195
62453,31025
62454,
62455,30398
62456,28322
62457,28322
62458,30653
62459,29366
62460,29366
62461,29366
62462,29366
62463,29366
62464,865
62466,29365
62467,29365
62468,30458
62469,29365
62470,31188
62471,30639
62472,31191
62473,30458
62474,26611
62475,26611
62476,30636
62477,29713
62478,29365
62479,26611
62480,30984
62481,26611
62482,26611
62483,30847
62484,28023
62485,31194
62486,30857
62487,31073
62488,31196
62489,30948
62490,30639
62491,31180
62494,31180
62495,31189
62496,31081
62498,29955
62499,29560
62501,30458
62502,31199
62503,31199
62504,30414
62505,30636
62506,30634
62508,31168
62509,26213
62510,26213
62511,26213
62512,26213
62513,29749
62515,29749
62516,29749
62517,29749
62518,28564
62519,31201
62520,31203
62521,31200
62522,31200
62523,28565
62524,28566
62525,31202
62526,29735
62527,31180
62528,30474
62529,30474
62530,30751
62531,30954
62535,30867
62536,31204
62538,31026
62539,31174
62540,31011
62541,30623
62542,29398
62543,28273
62544,31052
62545,30686
62546,26611
62547,26611
62548,26611
62549,26611
62551,30984
62552,31211
62553,31210
62554,31209
62555,31208
62556,31127
62557,31135
62558,29749
62559,
62561,31126
62562,
62563,
62564,
62565,
62566,
62567,28562
62568,28563
62569,31213
62570,31213
62572,29388
62573,29749
62574,29749
62575,29749
62576,29749
62577,29749
62578,29749
62579,31151
62580,30692
62581,31011
62582,30866
62583,29735
62584,31145
62585,31216
62586,29745
62587,29292
62589,31213
62590,31188
62591,30753
62592,31129
62593,21963
62594,30653
62595,29737
62596,29737
62597,30857
62598,29737
62599,30798
62600,
62601,31217
62602,31117
62603,31219
62604,31219
62605,31219
62606,31219
62607,31219
62608,31219
62609,31219
62610,31219
62611,31218
62612,24738
62613,31220
62614,28563
62615,23435
62616,29137
62617,29137
62618,30684
62619,30957
62620,30957
62621,30988
62622,30954
62623,30954
62624,31222
62625,29398
62626,31213
62627,31178
62628,31219
62629,29366
62630,29366
62631,29366
62632,29366
62633,29366
62634,29365
62635,29365
62636,29365
62637,29365
62638,29365
62639,26611
62640,26611
62641,26611
62642,26611
62643,26611
62644,29734
62645,30868
62646,31217
62647,31218
62648,31212
62649,29396
62650,29401
62651,29400
62653,29402
62654,29399
62655,29398
62658,30458
62659,31228
62660,29292
62661,23945
62663,31201
62664,31169
62665,31231
62666,31232
62667,31236
62668,31237
62669,31235
62670,31223
62671,30458
62672,30635
62673,29398
62674,30954
62675,31199
62676,27729
62677,28664
62678,31197
62679,29745
62680,31138
62681,31227
62682,31167
62683,30307
62684,31240
62685,30477
62686,31046
62687,31046
62688,31046
62689,31046
62690,30506
62691,31241
62692,31241
62693,31221
62694,30951
62695,31133
62696,30307
62697,31245
62698,31254
62699,31230
62700,31117
62701,29396
62702,31178
62703,31178
62704,29396
62705,31260
62706,28023
62707,31262
62708,31252
62709,31229
62710,30987
62712,29399
62713,30671
62714,30650
62715,30653
62716,31263
62717,31121
62718,31264
62719,31265
62720,31253
62721,31266
62722,28322
62724,28322
62725,28322
62726,28322
62727,28322
62728,28322
62729,28322
62730,28322
62731,31260
62732,28322
62733,28322
62734,28390
62735,28322
62736,28322
62737,28322
62738,28322
62739,31266
62740,31168
62741,30458
62742,31192
62743,31269
62744,29488
62745,30318
62746,28250
62747,28250
62748,30665
62749,30477
62750,31252
62751,31138
62752,31212
62753,31270
62754,31256
62755,30255
62756,31272
62757,31273
62758,30951
62759,31277
62760,31267
62761,30219
62762,30219
62763,31061
62764,31236
62765,31279
62766,31129
62767,31278
62768,30653
62769,29399
62770,29399
62771,29399
62772,31280
62773,29733
62774,30665
62775,30684
62776,31232
62777,31232
62778,31261
62779,31215
62780,31284
62781,31264
62782,29402
62783,30987
62784,31326
62785,30102
62786,31328
62787,30102
62788,29224
62789,31343
62790,29899
62791,29899
62792,29899
62793,30154
62794,30154
62795,30102
62796,30102
62797,30102
62798,30102
62799,30102
62800,30102
62801,30102
62802,30102
62803,29899
62804,29899
62805,29899
62806,29899
62807,29899
62808,30104
62809,30104
62810,30104
62811,30104
62812,30104
62813,29396
62814,29401
62815,29401
62816,29396
62817,29137
62818,30676
62819,30634
62820,29737
62821,29734
62822,31199
62823,30639
62824,29388
62825,31062
62826,31129
62827,26351
62828,26351
62829,31061
62830,31269
62831,29402
62832,29399
62833,29137
62834,31275
62835,29399
62836,29401
62837,29401
62838,31276
62839,30677
62840,30639
62841,30636
62842,30675
62843,30658
62844,30951
62845,30951
62846,31236
62847,31062
62848,31178
62849,29517
62850,31274
62851,31182
62852,30987
62853,30955
62854,30955
62855,30478
62856,30154
62858,31255
62859,31264
62860,21681
62861,31298
62863,31264
62864,31298
62865,29388
62866,31261
62867,30954
62868,30847
62869,30847
62870,30477
62871,31138
62872,28250
62873,31178
62874,31304
62875,29399
62876,30676
62877,30634
62878,31303
62879,31302
62880,31301
62881,31300
62882,29999
62883,29749
62884,26213
62885,26213
62886,26213
62887,26213
62888,26213
62889,29749
62890,29749
62891,29749
62892,29749
62893,28275
62894,28275
62895,28275
62896,28275
62897,28638
62898,28638
62899,28638
62900,28638
62901,30623
62902,21275
62903,21272
62904,30954
62905,21274
62906,30636
62907,30623
62908,28566
62909,28566
62910,30478
62911,30478
62912,29733
62913,28372
62914,28413
62915,28664
62916,29749
62917,29399
62918,29402
62919,29398
62920,30570
62921,29394
62922,30757
62923,29400
62924,30462
62925,31168
62926,26611
62927,30625
62929,30320
62930,30320
62931,31327
62933,29517
62934,30665
62935,30665
62936,30665
62938,29398
62939,29398
62940,31282
62941,30674
62942,31312
62943,31311
62944,31325
62945,30477
62946,31305
62947,26611
62948,31330
62949,31329
62950,31292
62951,30955
62952,30677
62953,30677
62955,31313
62956,31314
62957,31315
62958,31317
62959,31316
62960,31318
62961,31320
62962,31319
62963,31333
62964,30955
62965,31334
62966,29402
62967,29400
62968,29399
62969,30636
62970,29398
62971,30758
62972,31304
62973,30777
62974,31310
62975,31309
62976,31298
62977,29137
62978,30594
62979,30594
62980,31328
62981,30758
62982,31233
62983,31356
62984,10972
62985,10972
62986,10972
62987,30320
62988,29137
62989,28322
62990,28322
62991,28322
62992,30865
62993,28322
62994,31335
62995,30999
62996,29399
62997,31342
62998,29400
62999,29402
63000,31336
63001,31300
63002,31138
63003,30675
63004,29401
63005,31234
63006,30987
63007,31306
63008,
63009,
63010,
63011,
63012,
63013,
63014,
63015,
63016,
63017,
63018,
63019,31062
63020,10972
63021,10972
63022,10972
63023,30586
63024,30586
63025,30586
63026,30586
63027,
63028,31298
63029,31277
63030,31132
63031,31344
63032,31119
63033,29488
63034,30320
63035,31230
63036,31230
63037,30955
63038,31330
63039,29832
63040,29832
63041,30623